bgc_id	motif_id	n_training_matches	score_threshold	score	hit_genes
BGC0000001	M0296	192	6.02	6.02	FMN_red,Sugar_tr
BGC0000001	M0301	49	8.346	8.346	AS-p450_c16,Thioesterase_c35
BGC0000001	M0327	69	8.846	8.846	FMN_red,Thioesterase_c35
BGC0000001	M0465	184	8.162	8.162	Bac_luciferase,Thioesterase_c35
BGC0000001	MG1260_M1163_M1166	83	9.227	14.004	2-oxoacid_dh,AS-fabH_c18,FrsA-like
BGC0000001	MG1262_M1172_M1173	244	13.038	33.021	2-oxoacid_dh,AOC_like,AS-fabH_c18,FrsA-like
BGC0000001	MG1850_M0505_M0626	1246	4.101	7.582	Bac_luciferase,FMN_red,Sugar_tr
BGC0000002	M0437	179	8.37	8.37	AS-DegT_DnrJ_EryC1_c15,NTP_transferase
BGC0000002	M0560	43	7.733	7.733	AS-MGT_c0,GDP_Man_Dehyd
BGC0000002	M0680	56	10.538	10.538	Methyltransf_13;Methyltransf_23;Methyltransf_14,NTP_transferase
BGC0000002	M1090	59	10.581	10.581	AS-DegT_DnrJ_EryC1_c15,GDP_Man_Dehyd
BGC0000002	M1091	81	15.217	15.217	AS-DegT_DnrJ_EryC1_c15,AS-dTDP_sugar_isom_c2,Hexose_dehydrat
BGC0000002	M1182	117	7.646	14.024	AS-dTDP_sugar_isom_c2,GDP_Man_Dehyd,NTP_transferase
BGC0000002	MG1423_M1723_M1852	74	-6.585	5.787	AS-MGT_c4;AS-MGT_c11,Glyco_hydro_20b;Glyco_hydro_20,Hexose_dehydrat
BGC0000002	MG1488_M0840_M1121	326	18.423	23.636	AS-MGT_c0,AS-dTDP_sugar_isom_c2,GDP_Man_Dehyd,Hexose_dehydrat
BGC0000002	MG1489_M1416_M1417	369	29.466	35.161	AS-DegT_DnrJ_EryC1_c15,AS-MGT_c0,AS-dTDP_sugar_isom_c2,GDP_Man_Dehyd,Hexose_dehydrat,Methyltransf_13;Methyltransf_23;Methyltransf_14,NTP_transferase
BGC0000002	MG450_M0751_M2593_M2610	813	7.728	13.019	AS-MGT_c0,GDP_Man_Dehyd,NTP_transferase
BGC0000002	MG475_M1088_M1089	204	4.345	4.345	AS-DegT_DnrJ_EryC1_c15,GDP_Man_Dehyd
BGC0000004	M0148	80	8.378	8.378	Abhydrolase_3,Aldo_ket_red
BGC0000004	MG1484_M0032_M2806_M2894	31	-93.284	-91.465	Aldo_ket_red,KR_c43,NAD_binding_10
BGC0000006	M0148	80	8.378	8.378	Abhydrolase_3,Aldo_ket_red
BGC0000006	M0572	195	7.07	7.07	Aldo_ket_red,KR_c28
BGC0000006	MG1484_M0032_M2806_M2894	31	-93.284	-85.247	Aldo_ket_red,KR_c28,KR_c43,NAD_binding_10
BGC0000007	M0148	80	8.378	8.378	Abhydrolase_3,Aldo_ket_red
BGC0000007	MG1484_M0032_M2806_M2894	31	-93.284	-91.465	Aldo_ket_red,KR_c43,NAD_binding_10
BGC0000008	M0148	80	8.378	8.378	Abhydrolase_3,Aldo_ket_red
BGC0000008	M0572	195	7.07	7.07	Aldo_ket_red,KR_c28
BGC0000008	MG1484_M0032_M2806_M2894	31	-93.284	-85.247	Aldo_ket_red,KR_c28,KR_c43,NAD_binding_10
BGC0000009	M0148	80	8.378	8.378	Abhydrolase_3,Aldo_ket_red
BGC0000009	MG1484_M0032_M2806_M2894	31	-93.284	-91.465	Aldo_ket_red,KR_c43,NAD_binding_10
BGC0000010	M0148	80	8.378	8.378	Abhydrolase_3,Aldo_ket_red
BGC0000010	M0572	195	7.07	7.07	Aldo_ket_red,KR_c28
BGC0000010	MG1484_M0032_M2806_M2894	31	-93.284	-85.247	Aldo_ket_red,KR_c28,KR_c43,NAD_binding_10
BGC0000011	M0148	80	8.378	8.378	Abhydrolase_3,Aldo_ket_red
BGC0000011	MG1484_M0032_M2806_M2894	31	-93.284	-91.465	Aldo_ket_red,KR_c43,NAD_binding_10
BGC0000014	MG149_M2827_M2837_M2838	23	-25.855	-23.132	FA_hydroxylase,Rieske;VanA_C
BGC0000017	MG1336_M0511_M0964	411	6.665	6.665	AS-AMP-binding_c21,Thioesterase_c37
BGC0000020	M1193	49	7.159	12.874	3HCDH_N;3HCDH,AS-DegT_DnrJ_EryC1_c15,DHquinase_II
BGC0000020	MG1314_M1251_M1842	399	11.441	11.441	3HCDH_N;3HCDH,AS-PP-binding_c23
BGC0000020	MG494_M1556_M1899_M1903_M1908_M1909_M1911_M1914_M1916_M1917	269	-1.697	12.934	AS-DegT_DnrJ_EryC1_c15,Acetyltransf_2,DHquinase_II,ROK
BGC0000021	MG1318_M0707_M1134_M1253_M1254_M2037	648	2.128	18.349	3HCDH_N;3HCDH,AS-Methyltransf_3_c0,HAD_2_c20
BGC0000021	MG1423_M1723_M1852	74	-6.585	-0.511	Epimerase_c47,Hexose_dehydrat
BGC0000021	MG994_M1983_M2521_M2525_M2526	1036	-2.706	-0.563	Rieske;Ring_hydroxyl_A,Ring_hydroxyl_B
BGC0000026	M0201	135	7.691	7.691	AS-MannoseP_isomer_c2,Aldo_ket_red
BGC0000026	M0333	41	6.56	9.841	E1_dh,Transket_pyr;Transketolase_C
BGC0000026	M0680	56	10.538	23.628	Epimerase_c25,Methyltransf_13;Methyltransf_23;Methyltransf_14,Methyltransf_21,NTP_transferase
BGC0000026	M0722	86	-3.766	-1.711	AS-MannoseP_isomer_c2,Methyltransf_23,NTP_transferase
BGC0000026	M0848	88	9.632	15.758	Methyltransf_21,Methyltransf_23,NTP_transferase
BGC0000026	MG1410_M0344_M0429_M2012_M2015	1046	-3.047	8.703	E1_dh,Transket_pyr;Transketolase_C
BGC0000026	MG1412_M0921_M2016_M2017	621	3.807	11.038	E1_dh,Transket_pyr;Transketolase_C
BGC0000026	MG1484_M0032_M2806_M2894	31	-93.284	-86.19	AS-ksIII_c2,Aldo_ket_red,Methyltransf_23
BGC0000028	M0206	150	8.073	8.073	Aminotran_1_2,Thioesterase_c35
BGC0000028	M0207	80	8.519	26.942	AS-Methyltransf_3_c0,AS-PP-binding_c23,Aminotran_1_2,Docking;AS-mod_KS_c48;Acyl_transf_1_c43;PS-DH_c48;AS-adh_short;AS-PP-binding_c22;Thioesterase_c49
BGC0000028	M0523	97	11.052	11.052	AS-PP-binding_c23,Thioesterase_c35
BGC0000028	MG1314_M1251_M1842	399	11.441	16.74	3HCDH_N;3HCDH,AS-PP-binding_c23,Thioesterase_c35
BGC0000028	MG1318_M0707_M1134_M1253_M1254_M2037	648	2.128	25.797	3HCDH_N;3HCDH,AS-Methyltransf_3_c0,AS-PP-binding_c23,HAD_2_c20
BGC0000029	M0149	55	-2.0	-2.0	AS-PF00561,Acyltransferase
BGC0000029	M0627	29	3.086	5.359	AS-PKS_AT_c24,AS-p450_c9,Thioesterase_c3
BGC0000029	M1098	188	13.076	13.076	AS-PKS_AT_c24,Thioesterase_c3
BGC0000029	MG1484_M0032_M2806_M2894	31	-93.284	-88.055	AS-PF00561,AS-PKS_AT_c24,Acyltransferase
BGC0000031	M0065	57	8.887	8.887	CMD,DJ-1_PfpI
BGC0000031	M0138	178	7.072	7.072	AS-PF00561,DJ-1_PfpI
BGC0000031	M0171	91	5.734	8.4	Bac_luciferase,CMD,CoA_transf_3
BGC0000031	M0231	106	6.641	6.641	CoA_transf_3,TPP_enzyme_N;TPP_enzyme_M;TPP_enzyme_C
BGC0000031	M0376	97	7.177	7.177	AS-PF00561,CMD
BGC0000031	M1057	188	7.04	7.04	Aldedh,Bac_luciferase
BGC0000031	M1185	200	9.252	9.252	DJ-1_PfpI,HD
BGC0000031	MG1357_M1293_M1551_M1552	336	-9.109	-7.966	Aldedh,Bac_luciferase,Polyketide_cyc
BGC0000031	MG1484_M0032_M2806_M2894	31	-93.284	-75.821	AS-PF00561,Bac_luciferase,CoA_transf_3,Polyketide_cyc,TPP_enzyme_N;TPP_enzyme_M;TPP_enzyme_C
BGC0000031	MG1774_M0385_M0855	653	3.388	11.825	Aldedh,FAA_hydrolase,TPP_enzyme_N;TPP_enzyme_M;TPP_enzyme_C
BGC0000031	MG1980_M1827_M1969_M1973_M1974_M1976_M1977	193	-44.001	-43.807	AS-PF00561,Hydrolase_4
BGC0000031	MG994_M1983_M2521_M2525_M2526	1036	-2.706	-2.706	AS-PF00561,FAA_hydrolase
BGC0000032	M0523	97	11.052	11.052	AS-PP-binding_c23,Thioesterase_c35
BGC0000032	MG1336_M0511_M0964	411	6.665	8.531	AS-AMP-binding_c21,Thioesterase_c35
BGC0000032	MG830_M1441_M1444_M1450_M1451_M1455	446	3.872	12.848	Chorismate_bind_c1;GATase_c1,DAHP_synth_2_c8;DAHP_synth_2_c2,Isochorismatase_c21
BGC0000032	MG841_M1858_M1936	347	9.606	10.402	AS-EntA_c6,Isochorismatase_c21
BGC0000033	M0437	179	8.37	19.806	AS-DegT_DnrJ_EryC1_c15,Epimerase_c16,NTP_transferase,UDPG_MGDP_dh_N;UDPG_MGDP_dh;UDPG_MGDP_dh_C
BGC0000033	M0560	43	7.733	22.71	AS-MGT_c0,Cys_Met_Meta_PP_c3,GDP_Man_Dehyd,Radical_SAM_c33
BGC0000033	M0652	59	9.275	9.275	AS-DegT_DnrJ_EryC1_c15,Epimerase_c16
BGC0000033	M1090	59	10.581	10.581	AS-DegT_DnrJ_EryC1_c15,GDP_Man_Dehyd
BGC0000033	M1091	81	15.217	22.404	AS-DegT_DnrJ_EryC1_c15,AS-dTDP_sugar_isom_c2,Epimerase_c16,Hexose_dehydrat
BGC0000033	M1182	117	7.646	14.024	AS-dTDP_sugar_isom_c2,GDP_Man_Dehyd,NTP_transferase
BGC0000033	MG1378_M2130_M2134_M2150_M2172_M2175_M2176	657	-4.649	17.262	4HBT_c40,DUF1702,FG-GAP_3;UnbV_ASPIC
BGC0000033	MG1381_M2142_M2159	294	18.367	28.179	4HBT_c40,DUF1702,FG-GAP_3;UnbV_ASPIC,SCP2
BGC0000033	MG1423_M1723_M1852	74	-6.585	0.731	AS-MGT_c4,Hexose_dehydrat
BGC0000033	MG1484_M0032_M2806_M2894	31	-93.284	-86.047	AS-ksIII_c2,AS-p450_c29,Aldo_ket_red
BGC0000033	MG1488_M0840_M1121	326	18.423	30.09	AS-MGT_c0,AS-MGT_c4,AS-dTDP_sugar_isom_c2,GDP_Man_Dehyd,Hexose_dehydrat
BGC0000033	MG1489_M1416_M1417	369	29.466	40.472	AS-DegT_DnrJ_EryC1_c15,AS-MGT_c0,AS-dTDP_sugar_isom_c2,AS-ksIII_c2,Epimerase_c16,GDP_Man_Dehyd,Hexose_dehydrat,NTP_transferase
BGC0000033	MG1887_M0366_M0416	424	-1.537	-1.537	Aldo_ket_red,Sugar_tr
BGC0000033	MG306_M0894_M1259	132	6.856	6.856	NTP_transferase,UDPG_MGDP_dh_N;UDPG_MGDP_dh;UDPG_MGDP_dh_C
BGC0000033	MG450_M0751_M2593_M2610	813	7.728	20.301	AS-MGT_c0,AS-RmlD_sub_bind_c29,GDP_Man_Dehyd,NTP_transferase
BGC0000033	MG475_M1088_M1089	204	4.345	10.559	AS-DegT_DnrJ_EryC1_c15,AS-p450_c48,GDP_Man_Dehyd
BGC0000034	M1090	59	10.581	10.581	AS-DegT_DnrJ_EryC1_c15,GDP_Man_Dehyd
BGC0000034	MG475_M1088_M1089	204	4.345	20.31	AS-DegT_DnrJ_EryC1_c15,GDP_Man_Dehyd,UDPGT_c29
BGC0000035	M0210	152	7.632	7.632	Aldo_ket_red,SpoIIE
BGC0000035	M0244	55	6.567	6.567	AS-p450_c7,KR_c28
BGC0000035	M0266	49	8.245	8.245	AS-p450_c34,SpoIIE
BGC0000035	M0560	43	7.733	25.128	AS-MGT_c0,GDP_Man_Dehyd,MycE_N,Radical_SAM_c33
BGC0000035	M0572	195	7.07	7.07	Aldo_ket_red,KR_c28
BGC0000035	M1182	117	7.646	14.024	AS-dTDP_sugar_isom_c2,GDP_Man_Dehyd,NTP_transferase
BGC0000035	MG1980_M1827_M1969_M1973_M1974_M1976_M1977	193	-44.001	-40.497	AS-p450_c7,Aldo_ket_red,KR_c28
BGC0000035	MG450_M0751_M2593_M2610	813	7.728	13.019	AS-MGT_c0,GDP_Man_Dehyd,NTP_transferase
BGC0000036	M0165	154	7.044	7.044	Peptidase_M20,Sugar_tr
BGC0000036	M0560	43	7.733	7.733	AS-MGT_c0,GDP_Man_Dehyd
BGC0000036	M0932	359	6.485	6.485	Carboxyl_trans,Sugar_tr
BGC0000036	MG1260_M1163_M1166	83	9.227	22.247	2-oxoacid_dh,AS-fabH_c18,FAD_binding_3_c5,FrsA-like
BGC0000036	MG1262_M1172_M1173	244	13.038	39.055	2-oxoacid_dh,AOC_like,AS-fabH_c18,FAD_binding_3_c5,FrsA-like
BGC0000036	MG1980_M1827_M1969_M1973_M1974_M1976_M1977	193	-44.001	-42.85	Carboxyl_trans,Peptidase_M20
BGC0000036	MG276_M2671_M2745_M2836	43	-20.984	-16.148	AS-MGT_c0,AS-PP-binding_c10
BGC0000036	MG450_M0751_M2593_M2610	813	7.728	20.301	AS-MGT_c0,AS-RmlD_sub_bind_c29,GDP_Man_Dehyd,NTP_transferase
BGC0000038	M0099	50	9.754	9.754	FAD_binding_4;BBE,Thioesterase_c39
BGC0000038	M0320	121	6.9	6.9	AS-PF00561,NAD_binding_10
BGC0000038	M0932	359	6.485	6.485	Carboxyl_trans,Sugar_tr
BGC0000038	M1279	59	2.264	2.264	Biotin_carb_N;CPSase_L_D2;Biotin_carb_C;Biotin_lipoyl,Carboxyl_trans,Sugar_tr
BGC0000038	M2301	903	7.681	7.681	Biotin_carb_N;CPSase_L_D2;Biotin_carb_C;Biotin_lipoyl,Carboxyl_trans
BGC0000038	MG1887_M0366_M0416	424	-1.537	5.269	AS-PF00561,Sugar_tr
BGC0000038	MG534_M1402_M2238_M2261_M2265	1355	2.86	2.86	Biotin_carb_N;CPSase_L_D2;Biotin_carb_C;Biotin_lipoyl,Carboxyl_trans
BGC0000038	MG535_M1110_M1238_M2262_M2266	950	4.177	4.177	Biotin_carb_N;CPSase_L_D2;Biotin_carb_C;Biotin_lipoyl,Carboxyl_trans
BGC0000040	M0064	93	10.429	10.429	Metallophos,Thioesterase_c39
BGC0000040	MG1314_M1251_M1842	399	11.441	11.441	3HCDH_N;3HCDH,AS-PP-binding_c23
BGC0000040	MG1318_M0707_M1134_M1253_M1254_M2037	648	2.128	25.797	3HCDH_N;3HCDH,AS-Methyltransf_3_c0,AS-PP-binding_c23,HAD_2_c20
BGC0000040	MG450_M0751_M2593_M2610	813	7.728	7.728	GDP_Man_Dehyd,NTP_transferase
BGC0000042	M0064	93	10.429	10.429	Metallophos,Thioesterase_c39
BGC0000042	M0411	69	9.654	9.654	AS-AMP-binding_c21,AS-AMP-binding_c38
BGC0000042	M0448	314	7.189	7.189	AS-AMP-binding_c21,AS-PF00561
BGC0000042	M0674	165	7.524	7.524	AS-PF00561,Metallophos
BGC0000042	M1182	117	7.646	14.024	AS-dTDP_sugar_isom_c2,GDP_Man_Dehyd,NTP_transferase
BGC0000042	MG1980_M1827_M1969_M1973_M1974_M1976_M1977	193	-44.001	-43.466	AS-AMP-binding_c21,AS-PF00561,AS-p450_c7
BGC0000042	MG403_M1476_M1496_M2005	63	-41.918	-27.18	AS-AMP-binding_c26,AS-AMP-binding_c38
BGC0000042	MG450_M0751_M2593_M2610	813	7.728	7.728	GDP_Man_Dehyd,NTP_transferase
BGC0000047	M0560	43	7.733	25.128	AS-MGT_c0,GDP_Man_Dehyd,MycE_N,Radical_SAM_c33
BGC0000047	M1182	117	7.646	14.024	AS-dTDP_sugar_isom_c2,GDP_Man_Dehyd,NTP_transferase
BGC0000047	MG276_M2671_M2745_M2836	43	-20.984	-16.234	AS-MGT_c0,AS-p450_c27
BGC0000047	MG450_M0751_M2593_M2610	813	7.728	13.019	AS-MGT_c0,GDP_Man_Dehyd,NTP_transferase
BGC0000048	MG1484_M0032_M2806_M2894	31	-93.284	-87.627	AS-p450_c26,EHN,NAD_binding_10
BGC0000052	M0560	43	7.733	7.733	AS-MGT_c0,GDP_Man_Dehyd
BGC0000052	M0768	124	8.466	16.049	4PPT_N;ACPS_c30,Metallophos,Thioesterase_c3
BGC0000052	M1182	117	7.646	24.325	AS-RmlD_sub_bind_c5,AS-dTDP_sugar_isom_c2,GDP_Man_Dehyd,NTP_transferase
BGC0000052	MG276_M2671_M2745_M2836	43	-20.984	-16.29	AS-AMP-binding_c20,AS-MGT_c0
BGC0000052	MG450_M0751_M2593_M2610	813	7.728	13.019	AS-MGT_c0,GDP_Man_Dehyd,NTP_transferase
BGC0000053	M0560	43	7.733	7.733	AS-MGT_c0,GDP_Man_Dehyd
BGC0000053	M1003	294	10.288	10.288	3HCDH_N;3HCDH,AS-fabH_c2
BGC0000053	M1182	117	7.646	14.024	AS-dTDP_sugar_isom_c2,GDP_Man_Dehyd,NTP_transferase
BGC0000053	M1331	254	7.108	7.108	AS-fabH_c2,Aldo_ket_red
BGC0000053	MG1096_M0401_M0710	192	8.886	16.281	3HCDH_N;3HCDH,AS-fabH_c2,Thioesterase_c39
BGC0000053	MG1488_M0840_M1121	326	18.423	23.636	AS-MGT_c0,AS-dTDP_sugar_isom_c2,GDP_Man_Dehyd,Hexose_dehydrat
BGC0000053	MG1489_M1416_M1417	369	29.466	29.931	AS-MGT_c0,AS-dTDP_sugar_isom_c2,Epimerase_c16,GDP_Man_Dehyd,Hexose_dehydrat,NTP_transferase
BGC0000053	MG450_M0751_M2593_M2610	813	7.728	13.019	AS-MGT_c0,GDP_Man_Dehyd,NTP_transferase
BGC0000054	M0148	80	8.378	8.378	Abhydrolase_3,Aldo_ket_red
BGC0000054	M0437	179	8.37	8.37	AS-DegT_DnrJ_EryC1_c15,NTP_transferase
BGC0000054	M0545	104	8.772	8.772	Thioesterase_c35,Thioesterase_c37
BGC0000054	M0680	56	10.538	10.538	Methyltransf_13;Methyltransf_23;Methyltransf_14,NTP_transferase
BGC0000054	M1091	81	15.217	20.755	AS-DegT_DnrJ_EryC1_c15,AS-dTDP_sugar_isom_c2,Hexose_dehydrat,Methyltransf_11_c47
BGC0000054	MG1488_M0840_M1121	326	18.423	18.423	AS-MGT_c0,AS-dTDP_sugar_isom_c2,Hexose_dehydrat
BGC0000054	MG476_M0463_M1027	192	9.949	9.949	AS-DegT_DnrJ_EryC1_c15,Thioesterase_c35
BGC0000055	M0301	49	8.346	8.346	AS-p450_c16,Thioesterase_c35
BGC0000055	M0627	29	3.086	3.086	AS-p450_c9,Thioesterase_c35
BGC0000055	M0652	59	9.275	9.275	AS-DegT_DnrJ_EryC1_c15,Epimerase_c16
BGC0000055	M1091	81	15.217	22.404	AS-DegT_DnrJ_EryC1_c15,AS-dTDP_sugar_isom_c2,Epimerase_c16,Hexose_dehydrat
BGC0000055	MG1488_M0840_M1121	326	18.423	25.942	AS-MGT_c0,AS-dTDP_sugar_isom_c2,Hexose_dehydrat,Methyltransf_11_c7
BGC0000055	MG476_M0463_M1027	192	9.949	9.949	AS-DegT_DnrJ_EryC1_c15,Thioesterase_c35
BGC0000060	M0320	121	6.9	6.9	AS-PF00561,NAD_binding_10
BGC0000060	MG1484_M0032_M2806_M2894	31	-93.284	-86.609	AS-PF00561,AS-p450_c26,AS-p450_c29,NAD_binding_10
BGC0000060	MG149_M2827_M2837_M2838	23	-25.855	-22.901	AS-APH_c41,AS-p450_c26
BGC0000065	M0562	75	11.047	24.865	AS-Methyltransf_3_c0,AS-PKS_AT_c24,AS-ksIII_c2,Rieske;KshA_C
BGC0000065	M0824	110	9.323	9.323	FAD_binding_6;NAD_binding_1;Fer2,FA_desaturase
BGC0000065	MG1314_M1251_M1842	399	11.441	11.441	3HCDH_N;3HCDH,AS-PP-binding_c23
BGC0000065	MG1318_M0707_M1134_M1253_M1254_M2037	648	2.128	25.797	3HCDH_N;3HCDH,AS-Methyltransf_3_c0,AS-PP-binding_c23,HAD_2_c20
BGC0000065	MG1484_M0032_M2806_M2894	31	-93.284	-88.804	AS-PKS_AT_c24,AS-ksIII_c2
BGC0000066	MG1314_M1251_M1842	399	11.441	11.441	3HCDH_N;3HCDH,AS-PP-binding_c23
BGC0000066	MG1318_M0707_M1134_M1253_M1254_M2037	648	2.128	25.797	3HCDH_N;3HCDH,AS-Methyltransf_3_c0,AS-PP-binding_c23,HAD_2_c20
BGC0000066	MG494_M1556_M1899_M1903_M1908_M1909_M1911_M1914_M1916_M1917	269	-1.697	7.471	AS-DHQ_synthase_c2,Acetyltransf_2,FAD_binding_3_c37
BGC0000068	MG1318_M0707_M1134_M1253_M1254_M2037	648	2.128	18.349	3HCDH_N;3HCDH,AS-Methyltransf_3_c0,HAD_2_c20
BGC0000068	MG494_M1556_M1899_M1903_M1908_M1909_M1911_M1914_M1916_M1917	269	-1.697	7.471	AS-DHQ_synthase_c2,Acetyltransf_2,FAD_binding_3_c37
BGC0000074	MG1318_M0707_M1134_M1253_M1254_M2037	648	2.128	18.349	3HCDH_N;3HCDH,AS-Methyltransf_3_c0,HAD_2_c20
BGC0000074	MG1484_M0032_M2806_M2894	31	-93.284	-91.585	AS-PP-binding_c28,SnoaL_4
BGC0000075	M0414	109	6.263	6.263	Bac_luciferase,ROK
BGC0000075	MG494_M1556_M1899_M1903_M1908_M1909_M1911_M1914_M1916_M1917	269	-1.697	44.261	AS-DegT_DnrJ_EryC1_c15,Acetyltransf_2,DHquinase_II,FAD_binding_3_c37,GFO_IDH_MocA_c32;GFO_IDH_MocA_C,HAD_2_c30,ROK
BGC0000078	M0089	65	7.348	7.348	AS-Abhydrolase_6,Aldo_ket_red
BGC0000078	M0106	72	8.543	8.543	AS-AMP-binding_c38,AS-Abhydrolase_6
BGC0000078	M0437	179	8.37	14.766	AS-DegT_DnrJ_EryC1_c15,NTP_transferase,UDPG_MGDP_dh_N;UDPG_MGDP_dh;UDPG_MGDP_dh_C
BGC0000078	M0560	43	7.733	7.733	AS-MGT_c0,GDP_Man_Dehyd
BGC0000078	M0600	207	7.983	7.983	AS-AMP-binding_c38,Aminotran_1_2
BGC0000078	M0756	228	7.533	7.533	Aminotran_1_2,UDPG_MGDP_dh_N;UDPG_MGDP_dh;UDPG_MGDP_dh_C
BGC0000078	M0866	151	6.772	6.772	Aldo_ket_red,NUDIX
BGC0000078	M0873	126	7.836	7.836	Aldo_ket_red,Glyoxalase_6
BGC0000078	M0888	114	9.654	19.198	3HCDH_N;3HCDH,AS-AMP-binding_c38,AS-PP-binding_c3
BGC0000078	M1090	59	10.581	10.581	AS-DegT_DnrJ_EryC1_c15,GDP_Man_Dehyd
BGC0000078	M1193	49	7.159	7.159	3HCDH_N;3HCDH,AS-DegT_DnrJ_EryC1_c15
BGC0000078	MG1318_M0707_M1134_M1253_M1254_M2037	648	2.128	18.349	3HCDH_N;3HCDH,AS-Methyltransf_3_c0,HAD_2_c20
BGC0000078	MG1423_M1723_M1852	74	-6.585	0.404	AS-DegT_DnrJ_EryC1_c47,Hexose_dehydrat
BGC0000078	MG306_M0894_M1259	132	6.856	10.394	Aminotran_1_2,NTP_transferase,UDPG_MGDP_dh_N;UDPG_MGDP_dh;UDPG_MGDP_dh_C
BGC0000078	MG403_M1476_M1496_M2005	63	-41.918	-11.431	AS-AMP-binding_c38,AS-Abhydrolase_6,AS-PIG-L_c4,Aminotran_1_2
BGC0000078	MG450_M0751_M2593_M2610	813	7.728	13.019	AS-MGT_c0,GDP_Man_Dehyd,NTP_transferase
BGC0000078	MG475_M1088_M1089	204	4.345	4.345	AS-DegT_DnrJ_EryC1_c15,GDP_Man_Dehyd
BGC0000079	M0889	152	6.563	6.563	AS-AMP-binding_c21,Carboxyl_trans
BGC0000079	M0932	359	6.485	6.485	Carboxyl_trans,Sugar_tr
BGC0000079	MG1980_M1827_M1969_M1973_M1974_M1976_M1977	193	-44.001	-40.57	AS-AMP-binding_c21,Carboxyl_trans,Lactamase_B
BGC0000081	M0098	170	7.497	7.497	Bac_luciferase,Methyltransf_2
BGC0000081	M0171	91	5.734	8.4	Bac_luciferase,CMD,CoA_transf_3
BGC0000081	M0199	148	8.796	8.796	AS-AMP-binding_c21,AS-ladderane_c23
BGC0000081	M0204	88	10.236	10.236	AS-AMP-binding_c21,AS-PP-binding_c7
BGC0000081	M0206	150	8.073	8.073	Aminotran_1_2,Thioesterase_c35
BGC0000081	M0248	61	7.072	7.072	AS-Abhydrolase_6,CoA_transf_3
BGC0000081	M0253	145	4.078	9.663	AS-Acyl-CoA_dh_N_c10;AS-Acyl-CoA_dh_M_c31;AS-Acyl-CoA_dh_1_c0,Thiolase_N;Thiolase_C
BGC0000081	M0304	159	6.874	6.874	AS-Abhydrolase_6,FMN_red
BGC0000081	M0327	69	8.846	8.846	FMN_red,Thioesterase_c35
BGC0000081	M0329	87	7.501	7.501	AS-p450_c29,Aminotran_1_2
BGC0000081	M0374	121	7.496	16.453	4HBT_2,AS-Abhydrolase_6,Thiolase_N;Thiolase_C
BGC0000081	M0376	97	7.177	7.177	AS-PF00561,CMD
BGC0000081	M0421	147	9.974	9.974	AS-AMP-binding_c21,CoA_transf_3
BGC0000081	M0423	66	8.602	8.602	AS-AMP-binding_c21,Flavin_Reduct
BGC0000081	M0448	314	7.189	7.189	AS-AMP-binding_c21,AS-PF00561
BGC0000081	M0465	184	8.162	8.162	Bac_luciferase,Thioesterase_c35
BGC0000081	M0692	147	7.577	7.577	AS-AMP-binding_c21,Bac_luciferase
BGC0000081	M0714	132	7.375	13.652	AS-Abhydrolase_6,Flavin_Reduct,GMC_oxred_N;GMC_oxred_C_c12
BGC0000081	M0732	272	7.738	7.738	Flavin_Reduct,Thioesterase_c35
BGC0000081	M1024	425	7.571	7.571	Bac_luciferase,Flavin_Reduct
BGC0000081	M1028	150	9.525	9.525	Aldolase_II,Bac_luciferase
BGC0000081	M1272	330	7.271	7.271	AS-AMP-binding_c21,AS-Abhydrolase_6
BGC0000081	M1537	43	39.441	61.463	4HBT_2,AS-Acyl-CoA_dh_N_c10;AS-Acyl-CoA_dh_M_c31;AS-Acyl-CoA_dh_1_c0,AS-ladderane_c23,AS-ladderane_c34,AS-t2fas_c2,Aldolase_II,DSBA,FabA_c17,FabA_c6
BGC0000081	M1614	145	7.742	7.742	Aminotran_1_2,CMD
BGC0000081	M2050	351	9.368	9.368	CoA_transf_3,Thiolase_N;Thiolase_C
BGC0000081	M2124	51	39.872	54.797	4HBT_c40,AS-MGT_c0,AS-p450_c10,DUF1702,FG-GAP_3;UnbV_ASPIC,Flavin_Reduct,GMC_oxred_N;GMC_oxred_C_c12,SnoaL_2_c29
BGC0000081	MG1336_M0511_M0964	411	6.665	8.531	AS-AMP-binding_c21,Thioesterase_c35
BGC0000081	MG1357_M1293_M1551_M1552	336	-9.109	-6.994	Bac_luciferase,Flavin_Reduct,Thioesterase_c35
BGC0000081	MG1378_M2130_M2134_M2150_M2172_M2175_M2176	657	-4.649	52.506	4HBT_c40,CMD,DUF1702,FG-GAP_3;UnbV_ASPIC,Flavin_Reduct,GMC_oxred_N;GMC_oxred_C_c12,MDMPI_N;Wyosine_form,SnoaL_2_c29
BGC0000081	MG1379_M2127_M2129	136	19.237	67.178	4HBT_c40,AS-p450_c10,CMD,DUF1702,FG-GAP_3;UnbV_ASPIC,Flavin_Reduct,GMC_oxred_N;GMC_oxred_C_c12,HpaB_N;HpaB,MDMPI_N;Wyosine_form,SnoaL_2_c29
BGC0000081	MG1381_M2142_M2159	294	18.367	20.024	4HBT_c40,DUF1702,FG-GAP_3;UnbV_ASPIC
BGC0000081	MG1484_M0032_M2806_M2894	31	-93.284	-53.674	AS-PF00561,AS-PP-binding_c19,AS-p450_c29,Bac_luciferase,CoA_transf_3,EHN,FMN_red,Methyltransf_11_c7
BGC0000081	MG1488_M0840_M1121	326	18.423	25.942	AS-MGT_c0,AS-dTDP_sugar_isom_c2,Hexose_dehydrat,Methyltransf_11_c7
BGC0000081	MG403_M1476_M1496_M2005	63	-41.918	-34.122	AS-Abhydrolase_6,Aminotran_1_2
BGC0000082	M0099	50	9.754	9.754	FAD_binding_4;BBE,Thioesterase_c39
BGC0000082	M0163	280	6.233	6.233	Flavin_Reduct,Sugar_tr
BGC0000082	M0377	118	6.266	6.266	NTP_transferase,PfkB
BGC0000082	M0437	179	8.37	13.41	AS-DegT_DnrJ_EryC1_c15,Epimerase_c16,NTP_transferase
BGC0000082	M0455	329	6.559	6.559	PfkB,Sugar_tr
BGC0000082	M0560	43	7.733	7.733	AS-MGT_c0,GDP_Man_Dehyd
BGC0000082	M0652	59	9.275	9.275	AS-DegT_DnrJ_EryC1_c15,Epimerase_c16
BGC0000082	M0680	56	10.538	10.538	Methyltransf_13;Methyltransf_23;Methyltransf_14,NTP_transferase
BGC0000082	M1090	59	10.581	10.581	AS-DegT_DnrJ_EryC1_c15,GDP_Man_Dehyd
BGC0000082	M1091	81	15.217	22.404	AS-DegT_DnrJ_EryC1_c15,AS-dTDP_sugar_isom_c2,Epimerase_c16,Hexose_dehydrat
BGC0000082	M1182	117	7.646	14.024	AS-dTDP_sugar_isom_c2,GDP_Man_Dehyd,NTP_transferase
BGC0000082	M2632	333	2.642	15.382	Cpn10,Cpn60_TCP1
BGC0000082	MG1484_M0032_M2806_M2894	31	-93.284	-88.021	AS-p450_c29,Aldo_ket_red,PfkB
BGC0000082	MG1488_M0840_M1121	326	18.423	23.636	AS-MGT_c0,AS-dTDP_sugar_isom_c2,GDP_Man_Dehyd,Hexose_dehydrat
BGC0000082	MG1489_M1416_M1417	369	29.466	50.921	AS-DegT_DnrJ_EryC1_c15,AS-MGT_c0,AS-dTDP_sugar_isom_c2,Epimerase_c16,GDP_Man_Dehyd,GFO_IDH_MocA_c21,Hexose_dehydrat,Methyltransf_13;Methyltransf_23;Methyltransf_14,NTP_transferase
BGC0000082	MG1887_M0366_M0416	424	-1.537	-1.537	Aldo_ket_red,Sugar_tr
BGC0000082	MG450_M0751_M2593_M2610	813	7.728	13.019	AS-MGT_c0,GDP_Man_Dehyd,NTP_transferase
BGC0000082	MG475_M1088_M1089	204	4.345	4.345	AS-DegT_DnrJ_EryC1_c15,GDP_Man_Dehyd
BGC0000084	M0782	991	5.902	5.902	Aldedh,Sugar_tr
BGC0000084	MG1887_M0366_M0416	424	-1.537	5.269	AS-PF00561,Sugar_tr
BGC0000085	M0377	118	6.266	6.266	NTP_transferase,PfkB
BGC0000085	M0504	198	-4.454	33.006	AdoHcyase,MTHFR,PfkB,S-AdoMet_synt_N;S-AdoMet_synt_M;S-AdoMet_synt_C,S-methyl_trans;Pterin_bind;B12-binding_2;B12-binding_c7;Met_synt_B12
BGC0000085	M0560	43	7.733	15.4	AS-MGT_c0,GDP_Man_Dehyd,Radical_SAM_c33
BGC0000085	M0627	29	3.086	3.086	AS-p450_c9,Thioesterase_c35
BGC0000085	M0680	56	10.538	10.538	Methyltransf_13;Methyltransf_23;Methyltransf_14,NTP_transferase
BGC0000085	M1182	117	7.646	14.024	AS-dTDP_sugar_isom_c2,GDP_Man_Dehyd,NTP_transferase
BGC0000085	MG1423_M1723_M1852	74	-6.585	0.731	AS-MGT_c4,Hexose_dehydrat
BGC0000085	MG1488_M0840_M1121	326	18.423	30.09	AS-MGT_c0,AS-MGT_c4,AS-dTDP_sugar_isom_c2,GDP_Man_Dehyd,Hexose_dehydrat
BGC0000085	MG1489_M1416_M1417	369	29.466	39.936	AS-MGT_c0,AS-dTDP_sugar_isom_c2,GDP_Man_Dehyd,GFO_IDH_MocA_c21,Hexose_dehydrat,Methyltransf_13;Methyltransf_23;Methyltransf_14,NTP_transferase
BGC0000085	MG450_M0751_M2593_M2610	813	7.728	13.019	AS-MGT_c0,GDP_Man_Dehyd,NTP_transferase
BGC0000086	M0343	128	1.822	6.193	AS-fabH_c2,Thioesterase_c35
BGC0000086	M0769	204	8.63	8.63	3HCDH_N;3HCDH,Beta-lactamase
BGC0000086	M0870	293	8.943	8.943	AS-fabH_c2,Thioesterase_c35
BGC0000086	M1003	294	10.288	18.226	3HCDH_N;3HCDH,AS-ADH_N_c16;AS-ADH_zinc_N_c17,AS-fabH_c2
BGC0000086	MG1357_M1293_M1551_M1552	336	-9.109	-7.336	AS-fabH_c2,Sugar_tr,Thioesterase_c35
BGC0000087	M0114	78	7.825	7.825	AS-MannoseP_isomer_c2,Beta-lactamase
BGC0000087	M0176	123	6.674	6.674	AS-MannoseP_isomer_c2,Polyketide_cyc2
BGC0000087	M0186	141	7.038	7.038	AS-Abhydrolase_6,Polyketide_cyc2
BGC0000087	M0211	103	5.534	5.534	AS-adh_short_C2,Beta-lactamase
BGC0000087	M0247	460	6.231	6.231	AS-Abhydrolase_6,Sugar_tr
BGC0000087	M0282	105	8.964	8.964	AS-adh_short_C2,AS-fabH_c2
BGC0000087	M0322	106	7.482	7.482	AS-Abhydrolase_6,Beta-lactamase
BGC0000087	M0343	128	1.822	7.768	AS-Abhydrolase_6,AS-fabH_c2,Thioesterase_c35
BGC0000087	M0599	418	5.307	5.307	AS-MannoseP_isomer_c2,Sugar_tr
BGC0000087	M0769	204	8.63	8.63	3HCDH_N;3HCDH,Beta-lactamase
BGC0000087	M0870	293	8.943	8.943	AS-fabH_c2,Thioesterase_c35
BGC0000087	M1003	294	10.288	18.226	3HCDH_N;3HCDH,AS-ADH_N_c16;AS-ADH_zinc_N_c17,AS-fabH_c2
BGC0000087	MG1357_M1293_M1551_M1552	336	-9.109	-3.631	AS-adh_short_C2,AS-fabH_c2,Sugar_tr,Thioesterase_c35
BGC0000088	M0331	128	8.912	8.912	AS-p450_c29,Beta-lactamase
BGC0000090	M1193	49	7.159	27.982	3HCDH_N;3HCDH,AS-DegT_DnrJ_EryC1_c15,DHquinase_II,FAD_binding_3_c37,HAD_2_c30
BGC0000090	MG1314_M1251_M1842	399	11.441	11.441	3HCDH_N;3HCDH,AS-PP-binding_c23
BGC0000090	MG494_M1556_M1899_M1903_M1908_M1909_M1911_M1914_M1916_M1917	269	-1.697	48.629	AS-DHQ_synthase_c2,AS-DegT_DnrJ_EryC1_c15,Acetyltransf_2,DHquinase_II,FAD_binding_3_c37,HAD_2_c30,Methyltransf_11_c2,ROK
BGC0000091	M0343	128	1.822	9.415	AS-fabH_c2,AS-ladderane_c23
BGC0000091	M0646	85	-5.207	57.372	AS-AMP-binding_c38,AS-Acyl-CoA_dh_N_c32;AS-Acyl-CoA_dh_M_c49;AS-Acyl-CoA_dh_1_c45,AS-NAD_binding_4_c44,AS-PF00881_c13,AS-PP-binding_c38,AS-PPDK_N_c8;PEP-utilizers,AS-fabH_c2,AS-ladderane_c23,Acyltransferase,Rieske,Thioesterase_c18
BGC0000091	M0804	147	9.893	27.891	AS-Acyl-CoA_dh_N_c32;AS-Acyl-CoA_dh_M_c49;AS-Acyl-CoA_dh_1_c45,AS-PF00881_c13,AS-fabH_c2,AS-ladderane_c23
BGC0000091	M2296	191	8.784	8.784	AS-PP-binding_c38,AS-fabH_c2
BGC0000091	M2698	104	16.635	37.868	AS-Acyl-CoA_dh_N_c32;AS-Acyl-CoA_dh_M_c49;AS-Acyl-CoA_dh_1_c45,AS-PF00881_c13,AS-PPDK_N_c8;PEP-utilizers,Rieske,Thioesterase_c18
BGC0000092	M0301	49	8.346	8.346	AS-p450_c16,Thioesterase_c35
BGC0000092	M0652	59	9.275	9.275	AS-DegT_DnrJ_EryC1_c15,Epimerase_c16
BGC0000092	MG1484_M0032_M2806_M2894	31	-93.284	-89.242	AS-p450_c26,Aldo_ket_red,Methyltransf_11_c7
BGC0000092	MG476_M0463_M1027	192	9.949	9.949	AS-DegT_DnrJ_EryC1_c15,Thioesterase_c35
BGC0000093	M0123	133	3.209	3.209	Amidase,Sugar_tr
BGC0000093	M0138	178	7.072	7.072	AS-PF00561,DJ-1_PfpI
BGC0000093	M0153	118	1.762	1.762	AS-p450_c7,Sugar_tr
BGC0000093	M0200	215	4.644	5.017	PfkB,TPP_enzyme_N;TPP_enzyme_M;TPP_enzyme_C
BGC0000093	M0209	84	5.579	5.579	Bac_luciferase,KR_c25
BGC0000093	M0229	111	10.011	10.011	KR_c12,KR_c25
BGC0000093	M0231	106	6.641	6.641	CoA_transf_3,TPP_enzyme_N;TPP_enzyme_M;TPP_enzyme_C
BGC0000093	M0241	147	6.609	6.609	AS-PF00561,KR_c25
BGC0000093	M0246	261	7.117	7.117	Aldo_ket_red,DJ-1_PfpI
BGC0000093	M0371	234	6.714	6.714	DJ-1_PfpI,Sugar_tr
BGC0000093	M0380	75	9.381	9.381	KR_c25,TPP_enzyme_N;TPP_enzyme_M;TPP_enzyme_C
BGC0000093	M0421	147	9.974	9.974	AS-AMP-binding_c21,CoA_transf_3
BGC0000093	M0448	314	7.189	7.189	AS-AMP-binding_c21,AS-PF00561
BGC0000093	M0454	321	7.756	7.756	AP_endonuc_2,Sugar_tr
BGC0000093	M0455	329	6.559	6.559	PfkB,Sugar_tr
BGC0000093	M0467	60	4.252	4.252	Aldedh,Bac_luciferase,Sugar_tr
BGC0000093	M0514	217	7.062	7.062	KR_c12,Sugar_tr
BGC0000093	M0692	147	7.577	7.577	AS-AMP-binding_c21,Bac_luciferase
BGC0000093	M0782	991	5.902	5.902	Aldedh,Sugar_tr
BGC0000093	M0869	90	8.758	8.758	PfkB,TPP_enzyme_N;TPP_enzyme_M;TPP_enzyme_C
BGC0000093	M1057	188	7.04	7.04	Aldedh,Bac_luciferase
BGC0000093	M1068	405	6.422	6.422	Aldo_ket_red,Bac_luciferase
BGC0000093	M1631	571	7.86	7.86	Aldedh,NAD_binding_2;NAD_binding_11
BGC0000093	MG1484_M0032_M2806_M2894	31	-93.284	-58.917	AS-PF00561,AS-p450_c29,Aldo_ket_red,Bac_luciferase,CoA_transf_3,KR_c21,PfkB,TPP_enzyme_N;TPP_enzyme_M;TPP_enzyme_C
BGC0000093	MG1774_M0385_M0855	653	3.388	11.825	Aldedh,FAA_hydrolase,TPP_enzyme_N;TPP_enzyme_M;TPP_enzyme_C
BGC0000093	MG1850_M0505_M0626	1246	4.101	8.888	Aldo_ket_red,Bac_luciferase,Sugar_tr
BGC0000093	MG1887_M0366_M0416	424	-1.537	8.325	AS-PF00561,Aldo_ket_red,Sugar_tr
BGC0000093	MG1888_M0195_M0251	288	-9.164	7.056	AS-PF00561,Aldo_ket_red
BGC0000093	MG1980_M1827_M1969_M1973_M1974_M1976_M1977	193	-44.001	-32.278	AS-AMP-binding_c21,AS-PF00561,AS-p450_c7,Aldo_ket_red,KR_c25
BGC0000093	MG510_M0258_M0281	52	-26.516	-16.971	Aldose_epim,FAA_hydrolase,KR_c21
BGC0000093	MG701_M1534_M2853_M2898	304	-12.64	-1.219	RraA-like,Sugar_tr
BGC0000093	MG994_M1983_M2521_M2525_M2526	1036	-2.706	-2.706	AS-PF00561,FAA_hydrolase
BGC0000096	MG1314_M1251_M1842	399	11.441	11.441	3HCDH_N;3HCDH,AS-PP-binding_c23
BGC0000096	MG1318_M0707_M1134_M1253_M1254_M2037	648	2.128	18.375	3HCDH_N;3HCDH,AS-PP-binding_c23,HAD_2_c20
BGC0000097	M0149	55	-2.0	-2.0	AS-PF00561,Acyltransferase
BGC0000097	M0216	58	10.947	10.947	AS-p450_c29,Thioesterase_c3
BGC0000097	M1098	188	13.076	13.076	AS-PKS_AT_c24,Thioesterase_c3
BGC0000097	MG1484_M0032_M2806_M2894	31	-93.284	-81.777	AS-PF00561,AS-PKS_AT_c24,AS-p450_c29,Acyltransferase
BGC0000100	M0153	118	1.762	1.762	AS-p450_c7,Sugar_tr
BGC0000100	M0247	460	6.231	6.231	AS-Abhydrolase_6,Sugar_tr
BGC0000100	MG1887_M0366_M0416	424	-1.537	5.269	AS-PF00561,Sugar_tr
BGC0000102	M0437	179	8.37	8.37	AS-DegT_DnrJ_EryC1_c15,NTP_transferase
BGC0000102	M0560	43	7.733	25.128	AS-MGT_c0,GDP_Man_Dehyd,MycE_N,Radical_SAM_c33
BGC0000102	M1090	59	10.581	10.581	AS-DegT_DnrJ_EryC1_c15,GDP_Man_Dehyd
BGC0000102	M1182	117	7.646	14.024	AS-dTDP_sugar_isom_c2,GDP_Man_Dehyd,NTP_transferase
BGC0000102	MG450_M0751_M2593_M2610	813	7.728	13.019	AS-MGT_c0,GDP_Man_Dehyd,NTP_transferase
BGC0000102	MG475_M1088_M1089	204	4.345	4.345	AS-DegT_DnrJ_EryC1_c15,GDP_Man_Dehyd
BGC0000105	M0247	460	6.231	6.231	AS-Abhydrolase_6,Sugar_tr
BGC0000105	M0560	43	7.733	7.733	AS-MGT_c0,GDP_Man_Dehyd
BGC0000105	MG276_M2671_M2745_M2836	43	-20.984	-14.255	AS-MGT_c0,AS-p450_c49
BGC0000105	MG450_M0751_M2593_M2610	813	7.728	13.019	AS-MGT_c0,GDP_Man_Dehyd,NTP_transferase
BGC0000106	M0321	54	7.347	7.347	GAF;SpoIIE,Peptidase_M1
BGC0000106	M0902	245	6.128	6.128	NUDIX,Peptidase_M1
BGC0000106	MG1592_M2862_M2876	470	-4.369	-2.586	DAHP_synth_2_c4,ROK
BGC0000106	MG494_M1556_M1899_M1903_M1908_M1909_M1911_M1914_M1916_M1917	269	-1.697	62.403	AS-DHQ_synthase_c2,AS-DegT_DnrJ_EryC1_c15,Acetyltransf_2,DHquinase_II,FAD_binding_3_c37,GFO_IDH_MocA_c32;GFO_IDH_MocA_C,HAD_2_c30,ROK,Shikimate_dh_N;AS-ThiF
BGC0000111	M0333	41	6.56	20.22	E1_dh,Flavin_Reduct,Thioesterase_c35,Transket_pyr;Transketolase_C
BGC0000111	M0732	272	7.738	7.738	Flavin_Reduct,Thioesterase_c35
BGC0000111	MG1410_M0344_M0429_M2012_M2015	1046	-3.047	18.786	Biotin_lipoyl;E3_binding;2-oxoacid_dh,E1_dh,Transket_pyr;Transketolase_C
BGC0000111	MG1412_M0921_M2016_M2017	621	3.807	11.038	E1_dh,Transket_pyr;Transketolase_C
BGC0000112	M0202	64	8.01	8.01	AS-AMP-binding_c48,Flavin_Reduct
BGC0000112	M0714	132	7.375	13.652	AS-Abhydrolase_6,Flavin_Reduct,GMC_oxred_N;GMC_oxred_C_c12
BGC0000112	MG1378_M2130_M2134_M2150_M2172_M2175_M2176	657	-4.649	60.895	4HBT_c40,AS-ene_KS_c40;AS-PKS_AT_c24;KR_c35;PS-DH_c5,CMD,DUF1702,FG-GAP_3;UnbV_ASPIC,Flavin_Reduct,GMC_oxred_N;GMC_oxred_C_c12,MDMPI_N;Wyosine_form,SnoaL_2_c29
BGC0000112	MG1379_M2127_M2129	136	19.237	62.219	4HBT_c40,AS-ene_KS_c40;AS-PKS_AT_c24;KR_c35;PS-DH_c5,CMD,DUF1702,FG-GAP_3;UnbV_ASPIC,Flavin_Reduct,GMC_oxred_N;GMC_oxred_C_c12,MDMPI_N;Wyosine_form,SnoaL_2_c29
BGC0000112	MG1381_M2142_M2159	294	18.367	20.024	4HBT_c40,DUF1702,FG-GAP_3;UnbV_ASPIC
BGC0000112	MG450_M0751_M2593_M2610	813	7.728	15.01	AS-RmlD_sub_bind_c29,GDP_Man_Dehyd,NTP_transferase
BGC0000115	M1090	59	10.581	10.581	AS-DegT_DnrJ_EryC1_c15,GDP_Man_Dehyd
BGC0000115	MG475_M1088_M1089	204	4.345	20.31	AS-DegT_DnrJ_EryC1_c15,GDP_Man_Dehyd,UDPGT_c29
BGC0000115	MG476_M0463_M1027	192	9.949	19.105	AS-DegT_DnrJ_EryC1_c15,Thioesterase_c35,UDPGT_c29
BGC0000116	M1090	59	10.581	10.581	AS-DegT_DnrJ_EryC1_c15,GDP_Man_Dehyd
BGC0000116	MG475_M1088_M1089	204	4.345	26.524	AS-DegT_DnrJ_EryC1_c15,AS-p450_c48,GDP_Man_Dehyd,UDPGT_c29
BGC0000117	M0370	38	9.834	9.834	MM_CoA_mutase,Metallophos
BGC0000117	M0768	124	8.466	8.466	Metallophos,Thioesterase_c3
BGC0000118	M0241	147	6.609	6.609	AS-PF00561,KR_c25
BGC0000118	M1093	154	6.096	6.096	AS-PF00561,SpoIIE
BGC0000118	MG1484_M0032_M2806_M2894	31	-93.284	-88.379	AS-PF00561,AS-ksIII_c2,AS-p450_c29
BGC0000118	MG1980_M1827_M1969_M1973_M1974_M1976_M1977	193	-44.001	-43.72	AS-PF00561,KR_c25
BGC0000119	M0241	147	6.609	11.12	AS-PF00561,KR_c25,MDMPI_N
BGC0000119	M1093	154	6.096	6.096	AS-PF00561,SpoIIE
BGC0000119	MG1484_M0032_M2806_M2894	31	-93.284	-88.379	AS-PF00561,AS-ksIII_c2,AS-p450_c29
BGC0000119	MG1980_M1827_M1969_M1973_M1974_M1976_M1977	193	-44.001	-43.72	AS-PF00561,KR_c25
BGC0000123	M0320	121	6.9	6.9	AS-PF00561,NAD_binding_10
BGC0000123	M0470	98	5.362	5.362	AS-PF00561,AS-p450_c16
BGC0000125	M1090	59	10.581	10.581	AS-DegT_DnrJ_EryC1_c15,GDP_Man_Dehyd
BGC0000125	MG475_M1088_M1089	204	4.345	26.524	AS-DegT_DnrJ_EryC1_c15,AS-p450_c48,GDP_Man_Dehyd,UDPGT_c29
BGC0000125	MG476_M0463_M1027	192	9.949	19.105	AS-DegT_DnrJ_EryC1_c15,Thioesterase_c35,UDPGT_c29
BGC0000127	M0789	70	13.57	36.374	AS-Acyl-CoA_dh_N_c29;AS-Acyl-CoA_dh_M_c14;AS-Acyl-CoA_dh_1_c45,AS-Trp_halogenase_c14,AS-mod_KS_c0;Acyl_transf_1_c2;AS-PP-binding_c2,FAD_binding_3_c17
BGC0000128	M0789	70	13.57	24.823	AS-Trp_halogenase_c14,AS-mod_KS_c0;AS-PKS_AT_c24;AS-adh_short;AS-PP-binding_c16,FAD_binding_3_c17
BGC0000130	MG1484_M0032_M2806_M2894	31	-93.284	-88.637	AS-p450_c29,CoA_transf_3,KR_c43
BGC0000133	M0216	58	10.947	10.947	AS-p450_c29,Thioesterase_c3
BGC0000133	M0322	106	7.482	7.482	AS-Abhydrolase_6,Beta-lactamase
BGC0000133	M0331	128	8.912	8.912	AS-p450_c29,Beta-lactamase
BGC0000135	M0378	172	0.954	9.788	Aldedh,Amidohydro_2,FAA_hydrolase
BGC0000135	M0846	346	9.148	9.148	Amidohydro_2,FAA_hydrolase
BGC0000135	M2024	168	-2.3	10.889	2-Hacid_dh_C,RraA-like
BGC0000135	MG1774_M0385_M0855	653	3.388	3.766	Aldedh,FAA_hydrolase
BGC0000136	M0414	109	6.263	6.263	Bac_luciferase,ROK
BGC0000136	M0465	184	8.162	8.162	Bac_luciferase,Thioesterase_c35
BGC0000136	M1091	81	15.217	15.217	AS-DegT_DnrJ_EryC1_c15,AS-dTDP_sugar_isom_c2,Hexose_dehydrat
BGC0000136	MG1423_M1723_M1852	74	-6.585	0.404	AS-DegT_DnrJ_EryC1_c47,Hexose_dehydrat
BGC0000136	MG1488_M0840_M1121	326	18.423	18.423	AS-MGT_c0,AS-dTDP_sugar_isom_c2,Hexose_dehydrat
BGC0000136	MG1490_M0790_M1414	198	24.625	32.434	AS-DegT_DnrJ_EryC1_c47,AS-MGT_c0,AS-dTDP_sugar_isom_c2,GFO_IDH_MocA_c21,Hexose_dehydrat
BGC0000136	MG1850_M0505_M0626	1246	4.101	4.101	Bac_luciferase,Sugar_tr
BGC0000136	MG476_M0463_M1027	192	9.949	9.949	AS-DegT_DnrJ_EryC1_c15,Thioesterase_c35
BGC0000136	MG494_M1556_M1899_M1903_M1908_M1909_M1911_M1914_M1916_M1917	269	-1.697	53.429	AS-DHQ_synthase_c2,AS-DegT_DnrJ_EryC1_c15,Acetyltransf_2,DHquinase_II,FAD_binding_3_c37,GFO_IDH_MocA_c32;GFO_IDH_MocA_C,HAD_2_c30,ROK
BGC0000137	MG1423_M1723_M1852	74	-6.585	0.404	AS-DegT_DnrJ_EryC1_c47,Hexose_dehydrat
BGC0000137	MG276_M2671_M2745_M2836	43	-20.984	-16.234	AS-MGT_c0,AS-p450_c27
BGC0000137	MG494_M1556_M1899_M1903_M1908_M1909_M1911_M1914_M1916_M1917	269	-1.697	53.429	AS-DHQ_synthase_c2,AS-DegT_DnrJ_EryC1_c15,Acetyltransf_2,DHquinase_II,FAD_binding_3_c37,GFO_IDH_MocA_c32;GFO_IDH_MocA_C,HAD_2_c30,ROK
BGC0000140	M1139	33	7.124	7.124	AS-PP-binding_c31,AS-fabH_c18
BGC0000140	M1272	330	7.271	7.271	AS-AMP-binding_c21,AS-Abhydrolase_6
BGC0000140	MG1336_M0511_M0964	411	6.665	8.531	AS-AMP-binding_c21,Thioesterase_c35
BGC0000141	M0099	50	9.754	9.754	FAD_binding_4;BBE,Thioesterase_c39
BGC0000141	M0414	109	6.263	6.263	Bac_luciferase,ROK
BGC0000141	M0437	179	8.37	13.41	AS-DegT_DnrJ_EryC1_c15,Epimerase_c16,NTP_transferase
BGC0000141	M0560	43	7.733	7.733	AS-MGT_c0,GDP_Man_Dehyd
BGC0000141	M0652	59	9.275	16.372	AS-DegT_DnrJ_EryC1_c15,AS-PhyH_c3,Epimerase_c16
BGC0000141	M0680	56	10.538	10.538	Methyltransf_13;Methyltransf_23;Methyltransf_14,NTP_transferase
BGC0000141	M0692	147	7.577	7.577	AS-AMP-binding_c21,Bac_luciferase
BGC0000141	M1090	59	10.581	10.581	AS-DegT_DnrJ_EryC1_c15,GDP_Man_Dehyd
BGC0000141	MG1484_M0032_M2806_M2894	31	-93.284	-90.076	Bac_luciferase,FMN_red,NAD_binding_10
BGC0000141	MG450_M0751_M2593_M2610	813	7.728	13.019	AS-MGT_c0,GDP_Man_Dehyd,NTP_transferase
BGC0000141	MG475_M1088_M1089	204	4.345	4.345	AS-DegT_DnrJ_EryC1_c15,GDP_Man_Dehyd
BGC0000141	MG494_M1556_M1899_M1903_M1908_M1909_M1911_M1914_M1916_M1917	269	-1.697	53.429	AS-DHQ_synthase_c2,AS-DegT_DnrJ_EryC1_c15,Acetyltransf_2,DHquinase_II,FAD_binding_3_c37,GFO_IDH_MocA_c32;GFO_IDH_MocA_C,HAD_2_c30,ROK
BGC0000142	M0314	28	5.158	5.158	Aminotran_1_2,Sugar_tr
BGC0000142	M0448	314	7.189	7.189	AS-AMP-binding_c21,AS-PF00561
BGC0000142	M0470	98	5.362	5.362	AS-PF00561,AS-p450_c16
BGC0000142	M0889	152	6.563	6.563	AS-AMP-binding_c21,Carboxyl_trans
BGC0000142	M0932	359	6.485	6.485	Carboxyl_trans,Sugar_tr
BGC0000142	MG1357_M1293_M1551_M1552	336	-9.109	-7.707	AS-PP-binding_c16,Carboxyl_trans,Sugar_tr
BGC0000142	MG1887_M0366_M0416	424	-1.537	5.269	AS-PF00561,Sugar_tr
BGC0000142	MG1980_M1827_M1969_M1973_M1974_M1976_M1977	193	-44.001	-41.344	AS-AMP-binding_c21,AS-PF00561,Carboxyl_trans
BGC0000144	M0343	128	1.822	6.193	AS-fabH_c2,Thioesterase_c35
BGC0000144	M0648	102	3.842	3.842	AS-PP-binding_c30,AS-fabH_c2
BGC0000144	M0870	293	8.943	8.943	AS-fabH_c2,Thioesterase_c35
BGC0000144	M1003	294	10.288	10.288	3HCDH_N;3HCDH,AS-fabH_c2
BGC0000144	M1137	91	8.46	8.46	AS-AMP-binding_c21,AS-PP-binding_c30
BGC0000144	MG1336_M0511_M0964	411	6.665	8.531	AS-AMP-binding_c21,Thioesterase_c35
BGC0000144	MG1357_M1293_M1551_M1552	336	-9.109	-7.336	AS-fabH_c2,Sugar_tr,Thioesterase_c35
BGC0000148	MG1423_M1723_M1852	74	-6.585	0.404	AS-DegT_DnrJ_EryC1_c47,Hexose_dehydrat
BGC0000150	M0349	91	6.875	6.875	Flavin_Reduct,SBP_bac_1
BGC0000150	M0496	269	3.814	6.979	AS-Acyl-CoA_dh_N_c7;Acyl-CoA_dh_2,Flavin_Reduct
BGC0000150	M1024	425	7.571	7.571	Bac_luciferase,Flavin_Reduct
BGC0000150	M2128	104	36.63	70.988	4HBT_c40,AS-Acyl-CoA_dh_N_c48;Acyl-CoA_dh_2,AS-NAD_binding_4_c17,AS-p450_c10,CMD,DUF1702,FG-GAP_3;UnbV_ASPIC,Flavin_Reduct,GMC_oxred_N;GMC_oxred_C_c12,MDMPI_N,SnoaL_2_c29
BGC0000150	MG1378_M2130_M2134_M2150_M2172_M2175_M2176	657	-4.649	51.918	4HBT_c40,AS-NAD_binding_4_c17,CMD,DUF1702,FG-GAP_3;UnbV_ASPIC,Flavin_Reduct,GMC_oxred_N;GMC_oxred_C_c12,SnoaL_2_c29
BGC0000150	MG1379_M2127_M2129	136	19.237	73.746	4HBT_c40,AS-Acyl-CoA_dh_N_c48;Acyl-CoA_dh_2,AS-NAD_binding_4_c17,AS-p450_c10,CMD,DUF1702,FG-GAP_3;UnbV_ASPIC,Flavin_Reduct,GMC_oxred_N;GMC_oxred_C_c12,HpaB_N;HpaB,SnoaL_2_c29
BGC0000150	MG1381_M2142_M2159	294	18.367	20.024	4HBT_c40,DUF1702,FG-GAP_3;UnbV_ASPIC
BGC0000150	MG1484_M0032_M2806_M2894	31	-93.284	-92.758	Bac_luciferase,EHN
BGC0000151	M0437	179	8.37	17.495	AS-DegT_DnrJ_EryC1_c15,FdtA,NTP_transferase
BGC0000151	M1090	59	10.581	10.581	AS-DegT_DnrJ_EryC1_c15,GDP_Man_Dehyd
BGC0000151	MG450_M0751_M2593_M2610	813	7.728	7.728	GDP_Man_Dehyd,NTP_transferase
BGC0000151	MG475_M1088_M1089	204	4.345	4.345	AS-DegT_DnrJ_EryC1_c15,GDP_Man_Dehyd
BGC0000152	M0148	80	8.378	8.378	Abhydrolase_3,Aldo_ket_red
BGC0000152	MG1484_M0032_M2806_M2894	31	-93.284	-91.465	Aldo_ket_red,KR_c43,NAD_binding_10
BGC0000154	M0782	991	5.902	5.902	Aldedh,Sugar_tr
BGC0000157	M1879	386	3.385	14.906	AS-Flavoprotein_c4,UbiD
BGC0000158	M1879	386	3.385	14.906	AS-Flavoprotein_c4,UbiD
BGC0000158	MG1484_M0032_M2806_M2894	31	-93.284	-90.806	CoA_transf_3,Cyclase
BGC0000159	M0065	57	8.887	8.887	CMD,DJ-1_PfpI
BGC0000159	M0171	91	5.734	10.684	CMD,CoA_transf_3,Cyclase
BGC0000159	MG1318_M0707_M1134_M1253_M1254_M2037	648	2.128	18.349	3HCDH_N;3HCDH,AS-Methyltransf_3_c0,HAD_2_c20
BGC0000159	MG1484_M0032_M2806_M2894	31	-93.284	-81.532	AS-PP-binding_c28,CoA_transf_3,Cyclase
BGC0000162	M0099	50	9.754	9.754	FAD_binding_4;BBE,Thioesterase_c39
BGC0000162	M0163	280	6.233	6.233	Flavin_Reduct,Sugar_tr
BGC0000162	M0437	179	8.37	8.37	AS-DegT_DnrJ_EryC1_c15,NTP_transferase
BGC0000162	M0450	148	9.458	9.458	Acyl_transf_3,Flavin_Reduct
BGC0000162	M0560	43	7.733	7.733	AS-MGT_c0,GDP_Man_Dehyd
BGC0000162	M0680	56	10.538	10.538	Methyltransf_13;Methyltransf_23;Methyltransf_14,NTP_transferase
BGC0000162	M0713	227	8.749	8.749	NTP_transferase,Peptidase_M23
BGC0000162	M1090	59	10.581	10.581	AS-DegT_DnrJ_EryC1_c15,GDP_Man_Dehyd
BGC0000162	M1091	81	15.217	15.217	AS-DegT_DnrJ_EryC1_c15,AS-dTDP_sugar_isom_c2,Hexose_dehydrat
BGC0000162	M1182	117	7.646	14.024	AS-dTDP_sugar_isom_c2,GDP_Man_Dehyd,NTP_transferase
BGC0000162	MG1488_M0840_M1121	326	18.423	23.636	AS-MGT_c0,AS-dTDP_sugar_isom_c2,GDP_Man_Dehyd,Hexose_dehydrat
BGC0000162	MG1489_M1416_M1417	369	29.466	44.702	AS-DegT_DnrJ_EryC1_c15,AS-MGT_c0,AS-dTDP_sugar_isom_c2,GDP_Man_Dehyd,GFO_IDH_MocA_c21,Hexose_dehydrat,Methyltransf_13;Methyltransf_23;Methyltransf_14,NTP_transferase
BGC0000162	MG1887_M0366_M0416	424	-1.537	-1.537	Aldo_ket_red,Sugar_tr
BGC0000162	MG450_M0751_M2593_M2610	813	7.728	13.019	AS-MGT_c0,GDP_Man_Dehyd,NTP_transferase
BGC0000162	MG475_M1088_M1089	204	4.345	4.345	AS-DegT_DnrJ_EryC1_c15,GDP_Man_Dehyd
BGC0000163	M0216	58	10.947	19.264	AS-p450_c29,SnoaL_2_c4,Thioesterase_c3
BGC0000163	M0333	41	6.56	9.841	E1_dh,Transket_pyr;Transketolase_C
BGC0000163	M0455	329	6.559	6.559	PfkB,Sugar_tr
BGC0000163	M0768	124	8.466	16.379	AS-fabH_c18,Metallophos,Thioesterase_c3
BGC0000163	MG1260_M1163_M1166	83	9.227	12.611	2-oxoacid_dh,AS-AMP-binding_c21,AS-fabH_c18
BGC0000163	MG1262_M1172_M1173	244	13.038	13.038	2-oxoacid_dh,AS-fabH_c18
BGC0000163	MG1410_M0344_M0429_M2012_M2015	1046	-3.047	8.703	E1_dh,Transket_pyr;Transketolase_C
BGC0000163	MG1412_M0921_M2016_M2017	621	3.807	22.572	AS-AMP-binding_c21,Biotin_lipoyl;2-oxoacid_dh,E1_dh,Transket_pyr;Transketolase_C
BGC0000163	MG1980_M1827_M1969_M1973_M1974_M1976_M1977	193	-44.001	-43.079	AS-AMP-binding_c21,NAD_binding_2;6PGD
BGC0000164	M0216	58	10.947	19.264	AS-p450_c29,SnoaL_2_c4,Thioesterase_c3
BGC0000164	MG1260_M1163_M1166	83	9.227	14.004	2-oxoacid_dh,AS-fabH_c18,FrsA-like
BGC0000164	MG1262_M1172_M1173	244	13.038	33.021	2-oxoacid_dh,AOC_like,AS-fabH_c18,FrsA-like
BGC0000165	M0216	58	10.947	10.947	AS-p450_c29,Thioesterase_c3
BGC0000165	M0333	41	6.56	9.841	E1_dh,Transket_pyr;Transketolase_C
BGC0000165	M0932	359	6.485	6.485	Carboxyl_trans,Sugar_tr
BGC0000165	MG1410_M0344_M0429_M2012_M2015	1046	-3.047	8.703	E1_dh,Transket_pyr;Transketolase_C
BGC0000165	MG1412_M0921_M2016_M2017	621	3.807	11.038	E1_dh,Transket_pyr;Transketolase_C
BGC0000165	MG1484_M0032_M2806_M2894	31	-93.284	-92.189	AS-ksIII_c2,AS-p450_c29
BGC0000167	M0437	179	8.37	8.37	AS-DegT_DnrJ_EryC1_c15,NTP_transferase
BGC0000167	M0712	147	10.472	10.472	AS-AMP-binding_c38,AS-Orn_Arg_deC_N_c0;AS-Orn_DAP_Arg_deC_c3
BGC0000167	M0848	88	9.632	9.632	Methyltransf_23,NTP_transferase
BGC0000167	M1199	295	4.574	19.752	AS-Orn_Arg_deC_N_c0;AS-Orn_DAP_Arg_deC_c3,B12-binding_c2,Met_asp_mut_E
BGC0000167	MG1200_M1237_M2686_M2732	609	2.048	12.859	B12-binding_c2,Met_asp_mut_E
BGC0000167	MG1484_M0032_M2806_M2894	31	-93.284	-91.464	AS-PF00561,Aldo_ket_red,Methyltransf_23
BGC0000167	MG1887_M0366_M0416	424	-1.537	2.905	AS-PF00561,Aldo_ket_red
BGC0000167	MG1888_M0195_M0251	288	-9.164	7.056	AS-PF00561,Aldo_ket_red
BGC0000171	M0296	192	6.02	6.02	FMN_red,Sugar_tr
BGC0000171	M0692	147	7.577	7.577	AS-AMP-binding_c21,Bac_luciferase
BGC0000171	M1137	91	8.46	8.46	AS-AMP-binding_c21,AS-PP-binding_c30
BGC0000171	M1879	386	3.385	14.906	AS-Flavoprotein_c4,UbiD
BGC0000171	MG1850_M0505_M0626	1246	4.101	7.582	Bac_luciferase,FMN_red,Sugar_tr
BGC0000175	MG041_M0468_M1579	94	8.44	38.156	AS-PKS_AT_c36,AS-PP-binding_c21,AS-adh_short_C2,AS-p450_c48,Oxidored_FMN_c8,SnoaL_2_c3
BGC0000176	M0244	55	6.567	6.567	AS-p450_c7,KR_c28
BGC0000176	MG1980_M1827_M1969_M1973_M1974_M1976_M1977	193	-44.001	38.902	AS-PP-binding_c16;AS-itr_KS_c11;AS-ATd_c34;PS-DH_c39;KR_c21;Methyltransf_23;AS-PP-binding_c14;AS-ATd_c16;KR_c42;AS-ATd_c28,AS-p450_c7,Acyl_transf_1_c7;NMO,ECH_1_c42,KR_c28,Methyltransf_12_c7;AS-PP-binding_c31;AS-ADH_N_c5;AS-ADH_zinc_N_c29;AS-tra_KS_c24;AS-ATd_c36;Thioesterase_c29,PS-DH_c21;AS-PP-binding_c15;AS-PKS_KS_c26;AS-ATd_c25;PS-DH_c40;KR_c21,PS-DH_c34;AS-PP-binding_c30;AS-tra_KS_c25;AS-ATd_c18;AS-adh_short;AS-PP-binding_c23;AS-APE_KS2_c47,PS-DH_c38;AS-PP-binding_c31;AS-tra_KS_c1;AS-ATd_c18;PS-DH_c29;KR_c21,PS-DH_c6;AS-PP-binding_c19;KR_c11;AS-tra_KS_c1;AS-ATd_c8;ACP_syn_III_c29
BGC0000178	M1885	174	19.601	31.077	AS-Chal_sti_synt_N_c36;HMG_CoA_synt_C,AS-t2pks2_c2,Acyl_transf_1_c7,ECH_1_c18
BGC0000178	MG1983_M1848_M1890	214	8.91	15.519	AS-t2pks2_c2,Acyl_transf_1_c7,ECH_1_c18
BGC0000182	M0116	54	8.613	8.613	Hydrolase_4,KR_c25
BGC0000182	M0209	84	5.579	5.579	Bac_luciferase,KR_c25
BGC0000182	M0787	24	21.909	21.909	AS-Chal_sti_synt_N_c36;HMG_CoA_synt_C,AS-PP-binding_c16,AS-PP-binding_c5,AS-t2pks2_c2,ECH_1_c18
BGC0000182	M1885	174	19.601	19.601	AS-Chal_sti_synt_N_c36;HMG_CoA_synt_C,AS-t2pks2_c2,ECH_1_c18
BGC0000182	MG1980_M1827_M1969_M1973_M1974_M1976_M1977	193	-44.001	-33.071	ECH_1_c42,Hydrolase_4,KR_c25
BGC0000182	MG1983_M1848_M1890	214	8.91	13.088	AS-t2pks2_c2,ECH_1_c18,ECH_1_c42
BGC0000185	M0152	196	7.036	7.036	Bac_luciferase,Polyketide_cyc2
BGC0000185	M0465	184	8.162	8.162	Bac_luciferase,Thioesterase_c35
BGC0000186	M1885	174	19.601	19.601	AS-Chal_sti_synt_N_c36;HMG_CoA_synt_C,AS-t2pks2_c2,ECH_1_c18
BGC0000187	M0070	133	7.595	7.595	AS-adh_short_C2,KR_c22
BGC0000187	M0132	126	9.533	15.115	DAO,FAD_binding_4;FAD-oxidase_C,FGGY_N;FGGY_C
BGC0000187	M0156	49	8.729	31.557	AS-fabH_c2,AS-mmyO_c0,DHQS,DeoC,MaoC_dehydratas
BGC0000187	M0160	129	8.117	8.117	Aminotran_1_2,MaoC_dehydratas
BGC0000187	M0163	280	6.233	6.233	Flavin_Reduct,Sugar_tr
BGC0000187	M0282	105	8.964	17.529	AS-adh_short_C2,AS-fabH_c2,AS-ladderane_c7
BGC0000187	M0314	28	5.158	5.158	Aminotran_1_2,Sugar_tr
BGC0000187	M0316	90	6.375	6.375	AS-PF00561,RibD_C
BGC0000187	M0423	66	8.602	8.602	AS-AMP-binding_c21,Flavin_Reduct
BGC0000187	M0448	314	7.189	7.189	AS-AMP-binding_c21,AS-PF00561
BGC0000187	M0496	269	3.814	8.699	Flavin_Reduct,SnoaL_4
BGC0000187	M0973	384	-0.566	12.506	Urease_alpha;Amidohydro_1,Urease_gamma
BGC0000187	MG1096_M0401_M0710	192	8.886	8.886	AS-fabH_c2,Thioesterase_c39
BGC0000187	MG1357_M1293_M1551_M1552	336	-9.109	10.642	AS-AMP-binding_c14,AS-adh_short_C2,AS-fabH_c2,Flavin_Reduct,SnoaL_2_c24,Sugar_tr
BGC0000187	MG1887_M0366_M0416	424	-1.537	5.269	AS-PF00561,Sugar_tr
BGC0000187	MG958_M0885_M1016_M2051	150	1.978	4.941	Flavin_Reduct,MaoC_dehydratas
BGC0000188	MG149_M2827_M2837_M2838	23	-25.855	-23.132	FA_hydroxylase,Rieske;VanA_C
BGC0000188	MG510_M0258_M0281	52	-26.516	-22.65	AS-Polysacc_synt_c7,KR_c0
BGC0000190	M0055	27	38.235	59.224	ABM_c6,AS-MannoseP_isomer_c2,AS-fabH_c2,AS-t2clf_c28,AS-tabtoxin_c0,Anthrone_oxy,Carboxyl_trans,Cyclase_polyket,KR_c25,Methyltransf_2,Polyketide_cyc2,Sugar_tr
BGC0000190	M0176	123	6.674	6.674	AS-MannoseP_isomer_c2,Polyketide_cyc2
BGC0000190	M0288	102	7.438	7.438	KR_c25,Polyketide_cyc2
BGC0000190	M0295	198	5.836	5.836	AS-MannoseP_isomer_c2,Methyltransf_2
BGC0000190	M0599	418	5.307	5.307	AS-MannoseP_isomer_c2,Sugar_tr
BGC0000190	M0762	104	10.679	10.679	AS-tabtoxin_c0,Anthrone_oxy
BGC0000190	M0932	359	6.485	6.485	Carboxyl_trans,Sugar_tr
BGC0000190	M2505	231	8.949	11.125	ABM_c6,AS-MannoseP_isomer_c2,AS-t2ks_c40,Cyclase_polyket
BGC0000190	MG1357_M1293_M1551_M1552	336	-9.109	-3.011	AS-PP-binding_c16,AS-fabH_c2,Carboxyl_trans,Sugar_tr
BGC0000190	MG1484_M0032_M2806_M2894	31	-93.284	-84.053	AS-PKS_AT_c24,AS-t2ks_c40,KR_c21
BGC0000190	MG1980_M1827_M1969_M1973_M1974_M1976_M1977	193	-44.001	-42.506	Carboxyl_trans,KR_c25
BGC0000191	M0437	179	8.37	13.41	AS-DegT_DnrJ_EryC1_c15,Epimerase_c16,NTP_transferase
BGC0000191	M0562	75	11.047	11.047	AS-PKS_AT_c24,AS-ksIII_c2
BGC0000191	M0652	59	9.275	9.275	AS-DegT_DnrJ_EryC1_c15,Epimerase_c16
BGC0000191	M1091	81	15.217	22.404	AS-DegT_DnrJ_EryC1_c15,AS-dTDP_sugar_isom_c2,Epimerase_c16,Hexose_dehydrat
BGC0000191	MG1484_M0032_M2806_M2894	31	-93.284	-59.063	ABM_c1,AS-PKS_AT_c24,AS-ksIII_c2,AS-t2ks_c40,KR_c28,NAD_binding_10
BGC0000191	MG1488_M0840_M1121	326	18.423	18.423	AS-MGT_c0,AS-dTDP_sugar_isom_c2,Hexose_dehydrat
BGC0000191	MG1489_M1416_M1417	369	29.466	30.931	AS-DegT_DnrJ_EryC1_c15,AS-MGT_c0,AS-dTDP_sugar_isom_c2,AS-ksIII_c2,Epimerase_c16,Hexose_dehydrat,NTP_transferase
BGC0000192	M0562	75	11.047	11.047	AS-PKS_AT_c24,AS-ksIII_c2
BGC0000192	MG1484_M0032_M2806_M2894	31	-93.284	-64.138	ABM_c1,AS-PKS_AT_c24,AS-ksIII_c2,AS-t2ks_c40,KR_c28
BGC0000193	M0437	179	8.37	8.37	AS-DegT_DnrJ_EryC1_c15,NTP_transferase
BGC0000193	MG1484_M0032_M2806_M2894	31	-93.284	-85.493	Cyclase,Methyltransf_11_c7,SnoaL_4
BGC0000194	M0496	269	3.814	17.097	AS-Acyl-CoA_dh_N_c22;Acyl-CoA_dh_2,Flavin_Reduct,SnoaL_4
BGC0000194	MG1357_M1293_M1551_M1552	336	-9.109	-8.835	Flavin_Reduct,Polyketide_cyc
BGC0000194	MG1484_M0032_M2806_M2894	31	-93.284	-78.18	AS-t2ks_c40,KR_c28,Polyketide_cyc,SnoaL_4
BGC0000194	MG1524_M0073_M0590	631	3.673	10.489	ABM_c0,AS-t2clf_c28
BGC0000194	MG1980_M1827_M1969_M1973_M1974_M1976_M1977	193	-44.001	-43.833	KR_c28,Lactamase_B
BGC0000195	M0072	87	7.52	7.52	Aldo_ket_red,Lactamase_B
BGC0000195	M0163	280	6.233	6.233	Flavin_Reduct,Sugar_tr
BGC0000195	M0356	116	7.632	7.632	AS-fabH_c2,Lactamase_B
BGC0000195	M0432	21	32.224	65.937	AS-Acyl-CoA_dh_N_c7;Acyl-CoA_dh_2,AS-PP-binding_c4,AS-fabH_c2,AS-t2clf_c21,AS-t2clf_c39,Aldo_ket_red,CofC,Flavin_Reduct,Indigoidine_A,Putative_PNPOx_c3,SnoaL_4
BGC0000195	M0496	269	3.814	17.296	AS-Acyl-CoA_dh_N_c7;Acyl-CoA_dh_2,Flavin_Reduct,SnoaL_4
BGC0000195	M0572	195	7.07	7.07	Aldo_ket_red,KR_c28
BGC0000195	M1331	254	7.108	7.108	AS-fabH_c2,Aldo_ket_red
BGC0000195	MG1357_M1293_M1551_M1552	336	-9.109	-7.629	AS-fabH_c2,Flavin_Reduct,Sugar_tr
BGC0000195	MG1484_M0032_M2806_M2894	31	-93.284	-88.499	Aldo_ket_red,KR_c28,SnoaL_4
BGC0000195	MG1887_M0366_M0416	424	-1.537	-1.537	Aldo_ket_red,Sugar_tr
BGC0000195	MG1980_M1827_M1969_M1973_M1974_M1976_M1977	193	-44.001	-38.815	Aldo_ket_red,KR_c28,Lactamase_B
BGC0000196	MG1484_M0032_M2806_M2894	31	-93.284	-82.112	AS-t2ks_c40,Cyclase,Polyketide_cyc
BGC0000196	MG276_M2671_M2745_M2836	43	-20.984	-17.297	AS-AMP-binding_c20,AS-PP-binding_c10
BGC0000197	MG1484_M0032_M2806_M2894	31	-93.284	-85.663	Cyclase,KR_c28,SnoaL_4
BGC0000197	MG1524_M0073_M0590	631	3.673	12.961	AS-t2clf_c28,AS-t2clf_c39
BGC0000198	M0176	123	6.674	6.674	AS-MannoseP_isomer_c2,Polyketide_cyc2
BGC0000198	M0201	135	7.691	7.691	AS-MannoseP_isomer_c2,Aldo_ket_red
BGC0000198	M0278	101	7.793	7.793	Aldo_ket_red,Polyketide_cyc2
BGC0000198	M0295	198	5.836	5.836	AS-MannoseP_isomer_c2,Methyltransf_2
BGC0000198	M0437	179	8.37	8.37	AS-DegT_DnrJ_EryC1_c15,NTP_transferase
BGC0000198	M0560	43	7.733	17.461	AS-MGT_c0,GDP_Man_Dehyd,MycE_N
BGC0000198	M1090	59	10.581	10.581	AS-DegT_DnrJ_EryC1_c15,GDP_Man_Dehyd
BGC0000198	M1091	81	15.217	15.217	AS-DegT_DnrJ_EryC1_c15,AS-dTDP_sugar_isom_c2,Hexose_dehydrat
BGC0000198	M1182	117	7.646	24.325	AS-RmlD_sub_bind_c5,AS-dTDP_sugar_isom_c2,GDP_Man_Dehyd,NTP_transferase
BGC0000198	M2505	231	8.949	11.125	ABM_c6,AS-MannoseP_isomer_c2,AS-t2ks_c40,Cyclase_polyket
BGC0000198	MG1423_M1723_M1852	74	-6.585	0.404	AS-DegT_DnrJ_EryC1_c47,Hexose_dehydrat
BGC0000198	MG1461_M2573_M2750_M2763_M2780_M2781	1143	27.233	29.04	ABM_c6,AS-MannoseP_isomer_c2,AS-t2ks_c40,Cyclase_polyket,FAD_binding_3_c44,Methyltransf_2,Polyketide_cyc2
BGC0000198	MG1484_M0032_M2806_M2894	31	-93.284	-93.049	AS-t2ks_c40,Aldo_ket_red
BGC0000198	MG1488_M0840_M1121	326	18.423	23.636	AS-MGT_c0,AS-dTDP_sugar_isom_c2,GDP_Man_Dehyd,Hexose_dehydrat
BGC0000198	MG1489_M1416_M1417	369	29.466	47.526	AS-DegT_DnrJ_EryC1_c15,AS-DegT_DnrJ_EryC1_c47,AS-MGT_c0,AS-dTDP_sugar_isom_c2,GDP_Man_Dehyd,GFO_IDH_MocA_c21,Hexose_dehydrat,NTP_transferase
BGC0000198	MG1490_M0790_M1414	198	24.625	40.778	AS-DegT_DnrJ_EryC1_c47,AS-MGT_c0,AS-dTDP_sugar_isom_c2,AS-t2clf_c28,GFO_IDH_MocA_c21,Hexose_dehydrat
BGC0000198	MG1980_M1827_M1969_M1973_M1974_M1976_M1977	193	-44.001	-37.832	Aldo_ket_red,Carboxyl_trans,Peptidase_M20
BGC0000198	MG276_M2671_M2745_M2836	43	-20.984	-14.977	AS-MGT_c0,AS-p450_c8
BGC0000198	MG450_M0751_M2593_M2610	813	7.728	13.019	AS-MGT_c0,GDP_Man_Dehyd,NTP_transferase
BGC0000198	MG475_M1088_M1089	204	4.345	4.345	AS-DegT_DnrJ_EryC1_c15,GDP_Man_Dehyd
BGC0000199	M0652	59	9.275	9.275	AS-DegT_DnrJ_EryC1_c15,Epimerase_c16
BGC0000199	M0742	38	6.171	6.171	Cyclase,Methyltransf_23
BGC0000199	M1091	81	15.217	22.404	AS-DegT_DnrJ_EryC1_c15,AS-dTDP_sugar_isom_c2,Epimerase_c16,Hexose_dehydrat
BGC0000199	MG1484_M0032_M2806_M2894	31	-93.284	-64.305	ABM_c1,AS-p450_c29,Cyclase,Methyltransf_23,NAD_binding_10,SnoaL_4
BGC0000199	MG1488_M0840_M1121	326	18.423	18.423	AS-MGT_c0,AS-dTDP_sugar_isom_c2,Hexose_dehydrat
BGC0000199	MG1524_M0073_M0590	631	3.673	12.961	AS-t2clf_c28,AS-t2clf_c39
BGC0000200	M0098	170	7.497	7.497	Bac_luciferase,Methyltransf_2
BGC0000200	M0209	84	5.579	5.579	Bac_luciferase,KR_c25
BGC0000200	M0295	198	5.836	5.836	AS-MannoseP_isomer_c2,Methyltransf_2
BGC0000200	M0762	104	10.679	13.332	Anthrone_oxy,FAD_binding_3_c21,KR_c6
BGC0000200	M1400	134	33.006	66.179	ABM_c6,AS-MGT_c0,AS-MannoseP_isomer_c2,AS-t2clf_c28,AS-t2clf_c39,Anthrone_oxy,Biotin_lipoyl,Cyclase_polyket,FAD_binding_3_c21,KR_c6,Methyltransf_2,NAD_binding_2;NAD_binding_11,Polyketide_cyc
BGC0000200	MG1523_M1029_M1031	539	14.904	14.904	AS-t2clf_c28,AS-t2clf_c39,Cyclase_polyket
BGC0000200	MG1524_M0073_M0590	631	3.673	12.961	AS-t2clf_c28,AS-t2clf_c39
BGC0000201	M0186	141	7.038	7.038	AS-Abhydrolase_6,Polyketide_cyc2
BGC0000201	MG1423_M1723_M1852	74	-6.585	0.404	AS-DegT_DnrJ_EryC1_c47,Hexose_dehydrat
BGC0000201	MG1484_M0032_M2806_M2894	31	-93.284	-73.821	AS-PKS_AT_c24,AS-PP-binding_c28,Polyketide_cyc,SnoaL_4
BGC0000201	MG1523_M1029_M1031	539	14.904	33.495	AS-t2clf_c28,AS-t2clf_c39,Cyclase_polyket,FAD_binding_3_c46,Polyketide_cyc2,SnoaL_4
BGC0000201	MG1524_M0073_M0590	631	3.673	12.961	AS-t2clf_c28,AS-t2clf_c39
BGC0000202	M0098	170	7.497	7.497	Bac_luciferase,Methyltransf_2
BGC0000202	M0303	115	8.176	8.176	Bac_luciferase,FA_desaturase
BGC0000202	M0712	147	10.472	16.036	AS-AMP-binding_c38,AS-Orn_Arg_deC_N_c0;AS-Orn_DAP_Arg_deC_c3,AS-PP-binding_c38
BGC0000202	M1292	67	9.353	9.353	AS-AMP-binding_c13,AS-Orn_Arg_deC_N_c0;AS-Orn_DAP_Arg_deC_c3
BGC0000202	MG1357_M1293_M1551_M1552	336	-9.109	-7.956	Bac_luciferase,Carboxyl_trans,FA_desaturase
BGC0000202	MG1484_M0032_M2806_M2894	31	-93.284	-82.68	AS-p450_c26,Bac_luciferase,FMN_red,SnoaL_4
BGC0000202	MG1523_M1029_M1031	539	14.904	28.023	AS-t2clf_c28,AS-t2clf_c39,Cyclase_polyket,FAD_binding_3_c46,SnoaL_4
BGC0000202	MG1524_M0073_M0590	631	3.673	12.961	AS-t2clf_c28,AS-t2clf_c39
BGC0000203	MG1423_M1723_M1852	74	-6.585	0.404	AS-DegT_DnrJ_EryC1_c47,Hexose_dehydrat
BGC0000203	MG1484_M0032_M2806_M2894	31	-93.284	-86.525	AS-PP-binding_c28,FMN_red,NAD_binding_10
BGC0000203	MG1523_M1029_M1031	539	14.904	27.643	AS-t2clf_c28,AS-t2clf_c39,Cyclase_polyket,FAD_binding_3_c18,Polyketide_cyc2
BGC0000203	MG1524_M0073_M0590	631	3.673	12.961	AS-t2clf_c28,AS-t2clf_c39
BGC0000204	M0282	105	8.964	8.964	AS-adh_short_C2,AS-fabH_c2
BGC0000204	M0295	198	5.836	5.836	AS-MannoseP_isomer_c2,Methyltransf_2
BGC0000204	MG1523_M1029_M1031	539	14.904	14.904	AS-t2clf_c28,AS-t2clf_c39,Cyclase_polyket
BGC0000204	MG1524_M0073_M0590	631	3.673	12.961	AS-t2clf_c28,AS-t2clf_c39
BGC0000208	M0314	28	5.158	5.158	Aminotran_1_2,Sugar_tr
BGC0000208	MG1524_M0073_M0590	631	3.673	12.961	AS-t2clf_c28,AS-t2clf_c39
BGC0000209	M0163	280	6.233	6.233	Flavin_Reduct,Sugar_tr
BGC0000209	M0314	28	5.158	5.158	Aminotran_1_2,Sugar_tr
BGC0000209	M0496	269	3.814	8.699	Flavin_Reduct,SnoaL_4
BGC0000209	MG1484_M0032_M2806_M2894	31	-93.284	-75.575	ABM_c1,Cyclase,KR_c28,SnoaL_4
BGC0000209	MG1524_M0073_M0590	631	3.673	12.961	AS-t2clf_c28,AS-t2clf_c39
BGC0000210	M0680	56	10.538	10.538	Methyltransf_13;Methyltransf_23;Methyltransf_14,NTP_transferase
BGC0000210	MG1484_M0032_M2806_M2894	31	-93.284	-85.739	Aldo_ket_red,Cyclase,SnoaL_4
BGC0000210	MG1488_M0840_M1121	326	18.423	18.423	AS-MGT_c0,AS-dTDP_sugar_isom_c2,Hexose_dehydrat
BGC0000210	MG1524_M0073_M0590	631	3.673	12.961	AS-t2clf_c28,AS-t2clf_c39
BGC0000210	MG276_M2671_M2745_M2836	43	-20.984	-16.29	AS-AMP-binding_c20,AS-MGT_c0
BGC0000211	M0200	215	4.644	4.644	Methyltransf_2,PfkB
BGC0000211	M0377	118	6.266	6.266	NTP_transferase,PfkB
BGC0000211	M0560	43	7.733	7.733	AS-MGT_c0,GDP_Man_Dehyd
BGC0000211	M0680	56	10.538	10.538	Methyltransf_13;Methyltransf_23;Methyltransf_14,NTP_transferase
BGC0000211	MG1484_M0032_M2806_M2894	31	-93.284	-77.627	AS-t2clf_c3,FMN_red,NAD_binding_10,PfkB
BGC0000211	MG450_M0751_M2593_M2610	813	7.728	13.019	AS-MGT_c0,GDP_Man_Dehyd,NTP_transferase
BGC0000212	M0244	55	6.567	6.567	AS-p450_c7,KR_c28
BGC0000212	M0437	179	8.37	8.37	AS-DegT_DnrJ_EryC1_c15,NTP_transferase
BGC0000212	M0560	43	7.733	7.733	AS-MGT_c0,GDP_Man_Dehyd
BGC0000212	M0562	75	11.047	11.047	AS-PKS_AT_c24,AS-ksIII_c2
BGC0000212	M1090	59	10.581	10.581	AS-DegT_DnrJ_EryC1_c15,GDP_Man_Dehyd
BGC0000212	M1091	81	15.217	15.217	AS-DegT_DnrJ_EryC1_c15,AS-dTDP_sugar_isom_c2,Hexose_dehydrat
BGC0000212	M1182	117	7.646	14.024	AS-dTDP_sugar_isom_c2,GDP_Man_Dehyd,NTP_transferase
BGC0000212	MG1423_M1723_M1852	74	-6.585	0.404	AS-DegT_DnrJ_EryC1_c47,Hexose_dehydrat
BGC0000212	MG1484_M0032_M2806_M2894	31	-93.284	-27.731	ABM_c1,AS-PKS_AT_c24,AS-PP-binding_c28,AS-ksIII_c2,AS-t2ks_c40,Cyclase,KR_c28,Methyltransf_11_c7,NAD_binding_10,SnoaL_4
BGC0000212	MG1488_M0840_M1121	326	18.423	31.155	AS-MGT_c0,AS-dTDP_sugar_isom_c2,GDP_Man_Dehyd,Hexose_dehydrat,Methyltransf_11_c7
BGC0000212	MG1489_M1416_M1417	369	29.466	53.301	AS-DegT_DnrJ_EryC1_c15,AS-DegT_DnrJ_EryC1_c47,AS-MGT_c0,AS-dTDP_sugar_isom_c2,AS-ksIII_c2,GDP_Man_Dehyd,GFO_IDH_MocA_c21,Hexose_dehydrat,NTP_transferase
BGC0000212	MG1490_M0790_M1414	198	24.625	32.434	AS-DegT_DnrJ_EryC1_c47,AS-MGT_c0,AS-dTDP_sugar_isom_c2,GFO_IDH_MocA_c21,Hexose_dehydrat
BGC0000212	MG1504_M0541_M0794	63	76.389	144.977	ABM_c1,AS-DegT_DnrJ_EryC1_c15,AS-DegT_DnrJ_EryC1_c47,AS-MGT_c0,AS-MGT_c11,AS-PF07366_c9,AS-PKS_AT_c24,AS-dTDP_sugar_isom_c2,AS-ksIII_c2,AS-t2clf_c1,AS-t2ks_c40,Cyclase,FAD_binding_4;BBE,GDP_Man_Dehyd,GFO_IDH_MocA_c21,Hexose_dehydrat,KR_c28,Methyltransf_11_c7,Methyltransf_25_c24,NAD_binding_10,NTP_transferase,Polyketide_cyc2;SnoaL_4,SnoaL_4
BGC0000212	MG1508_M0255_M0793	71	65.688	67.777	ABM_c1,AS-DegT_DnrJ_EryC1_c47,AS-MGT_c0,AS-dTDP_sugar_isom_c2,AS-ksIII_c2,AS-t2ks_c40,Cyclase,GDP_Man_Dehyd,GFO_IDH_MocA_c21,Hexose_dehydrat,KR_c19,NTP_transferase,SnoaL_4
BGC0000212	MG450_M0751_M2593_M2610	813	7.728	13.019	AS-MGT_c0,GDP_Man_Dehyd,NTP_transferase
BGC0000212	MG475_M1088_M1089	204	4.345	4.345	AS-DegT_DnrJ_EryC1_c15,GDP_Man_Dehyd
BGC0000213	M0160	129	8.117	8.117	Aminotran_1_2,MaoC_dehydratas
BGC0000213	M0163	280	6.233	6.233	Flavin_Reduct,Sugar_tr
BGC0000213	M0314	28	5.158	5.158	Aminotran_1_2,Sugar_tr
BGC0000213	M0423	66	8.602	8.602	AS-AMP-binding_c21,Flavin_Reduct
BGC0000213	MG1357_M1293_M1551_M1552	336	-9.109	-6.486	AS-PP-binding_c16,Flavin_Reduct,Sugar_tr
BGC0000213	MG1484_M0032_M2806_M2894	31	-93.284	-87.772	Cyclase,KR_c21,Rieske
BGC0000213	MG276_M2671_M2745_M2836	43	-20.984	-17.383	AS-AMP-binding_c20,AS-p450_c27
BGC0000213	MG958_M0885_M1016_M2051	150	1.978	4.941	Flavin_Reduct,MaoC_dehydratas
BGC0000214	M0560	43	7.733	7.733	AS-MGT_c0,GDP_Man_Dehyd
BGC0000214	M0562	75	11.047	11.047	AS-PKS_AT_c24,AS-ksIII_c2
BGC0000214	M1182	117	7.646	7.646	AS-dTDP_sugar_isom_c2,GDP_Man_Dehyd
BGC0000214	MG1484_M0032_M2806_M2894	31	-93.284	-65.281	ABM_c1,AS-PKS_AT_c24,AS-ksIII_c2,AS-t2ks_c40,NAD_binding_10
BGC0000215	M2505	231	8.949	11.125	ABM_c6,AS-MannoseP_isomer_c2,AS-t2ks_c40,Cyclase_polyket
BGC0000215	MG1484_M0032_M2806_M2894	31	-93.284	-91.09	AS-t2ks_c40,Polyketide_cyc
BGC0000216	M0163	280	6.233	6.233	Flavin_Reduct,Sugar_tr
BGC0000216	M0314	28	5.158	5.158	Aminotran_1_2,Sugar_tr
BGC0000216	M0437	179	8.37	13.41	AS-DegT_DnrJ_EryC1_c15,Epimerase_c16,NTP_transferase
BGC0000216	M0496	269	3.814	8.699	Flavin_Reduct,SnoaL_4
BGC0000216	M0652	59	9.275	9.275	AS-DegT_DnrJ_EryC1_c15,Epimerase_c16
BGC0000216	M0680	56	10.538	10.538	Methyltransf_13;Methyltransf_23;Methyltransf_14,NTP_transferase
BGC0000216	M1091	81	15.217	22.404	AS-DegT_DnrJ_EryC1_c15,AS-dTDP_sugar_isom_c2,Epimerase_c16,Hexose_dehydrat
BGC0000216	M1502	240	13.018	13.018	Aminotran_1_2,Biotin_carb_N;CPSase_L_D2;Biotin_carb_C,Biotin_lipoyl
BGC0000216	MG1484_M0032_M2806_M2894	31	-93.284	-64.159	ABM_c1,AS-PP-binding_c28,AS-t2ks_c40,Cyclase,SnoaL_4
BGC0000216	MG1488_M0840_M1121	326	18.423	18.423	AS-MGT_c0,AS-dTDP_sugar_isom_c2,Hexose_dehydrat
BGC0000216	MG1489_M1416_M1417	369	29.466	31.839	AS-DegT_DnrJ_EryC1_c15,AS-MGT_c0,AS-dTDP_sugar_isom_c2,Epimerase_c16,Hexose_dehydrat,Methyltransf_13;Methyltransf_23;Methyltransf_14,NTP_transferase
BGC0000216	MG562_M2294_M2380	1678	0.005	11.774	Biotin_carb_N;CPSase_L_D2;Biotin_carb_C,Biotin_lipoyl
BGC0000217	M0140	162	6.564	6.564	AS-ksIII_c2,Polyketide_cyc2
BGC0000217	M0562	75	11.047	11.047	AS-PKS_AT_c24,AS-ksIII_c2
BGC0000217	MG1484_M0032_M2806_M2894	31	-93.284	-63.512	ABM_c1,AS-PKS_AT_c24,AS-ksIII_c2,AS-t2ks_c40,KR_c29
BGC0000218	M0140	162	6.564	6.564	AS-ksIII_c2,Polyketide_cyc2
BGC0000218	M0562	75	11.047	11.047	AS-PKS_AT_c24,AS-ksIII_c2
BGC0000218	MG1484_M0032_M2806_M2894	31	-93.284	-57.294	ABM_c1,AS-PKS_AT_c24,AS-ksIII_c2,AS-t2ks_c40,KR_c28,KR_c29
BGC0000219	M0176	123	6.674	6.674	AS-MannoseP_isomer_c2,Polyketide_cyc2
BGC0000219	M0295	198	5.836	5.836	AS-MannoseP_isomer_c2,Methyltransf_2
BGC0000219	M0319	44	9.144	9.144	Abhydrolase_3,LCM
BGC0000219	M0599	418	5.307	5.307	AS-MannoseP_isomer_c2,Sugar_tr
BGC0000219	MG1484_M0032_M2806_M2894	31	-93.284	-83.699	AS-PP-binding_c28,AS-t2ks_c40,KR_c28
BGC0000219	MG1524_M0073_M0590	631	3.673	10.489	ABM_c0,AS-t2clf_c28
BGC0000220	MG1484_M0032_M2806_M2894	31	-93.284	-73.868	AS-p450_c29,AS-t2ks_c40,KR_c28,Methyltransf_23,SnoaL_4
BGC0000221	M0072	87	7.52	7.52	Aldo_ket_red,Lactamase_B
BGC0000221	M0140	162	6.564	6.724	Lactamase_B,Polyketide_cyc2
BGC0000221	M0152	196	7.036	14.022	ACPS_c48,Bac_luciferase,Polyketide_cyc2
BGC0000221	M0278	101	7.793	7.793	Aldo_ket_red,Polyketide_cyc2
BGC0000221	M0296	192	6.02	6.02	FMN_red,Sugar_tr
BGC0000221	M0572	195	7.07	7.07	Aldo_ket_red,KR_c28
BGC0000221	M0910	107	6.201	6.201	Aldo_ket_red,FMN_red
BGC0000221	M1068	405	6.422	6.422	Aldo_ket_red,Bac_luciferase
BGC0000221	MG1484_M0032_M2806_M2894	31	-93.284	-76.099	Aldo_ket_red,Bac_luciferase,FMN_red,KR_c28,SnoaL_4
BGC0000221	MG1524_M0073_M0590	631	3.673	12.961	AS-t2clf_c28,AS-t2clf_c39
BGC0000221	MG1850_M0505_M0626	1246	4.101	12.369	Aldo_ket_red,Bac_luciferase,FMN_red,Sugar_tr
BGC0000221	MG1887_M0366_M0416	424	-1.537	-1.537	Aldo_ket_red,Sugar_tr
BGC0000221	MG1980_M1827_M1969_M1973_M1974_M1976_M1977	193	-44.001	-28.488	Aldo_ket_red,Glyoxalase_c31,KR_c28,Lactamase_B
BGC0000222	M0140	162	6.564	6.724	Lactamase_B,Polyketide_cyc2
BGC0000222	M0153	118	1.762	1.762	AS-p450_c7,Sugar_tr
BGC0000222	M0176	123	6.674	6.674	AS-MannoseP_isomer_c2,Polyketide_cyc2
BGC0000222	M0288	102	7.438	7.438	KR_c25,Polyketide_cyc2
BGC0000222	M0356	116	7.632	7.632	AS-fabH_c2,Lactamase_B
BGC0000222	M0560	43	7.733	7.733	AS-MGT_c0,GDP_Man_Dehyd
BGC0000222	M0599	418	5.307	5.307	AS-MannoseP_isomer_c2,Sugar_tr
BGC0000222	M1400	134	33.006	39.381	ABM_c6,AS-MGT_c0,AS-MannoseP_isomer_c2,AS-t2clf_c28,AS-t2clf_c39,Anthrone_oxy,Cyclase_polyket,FAD_binding_3_c21,NAD_binding_2;NAD_binding_11
BGC0000222	MG1357_M1293_M1551_M1552	336	-9.109	-5.81	AS-PP-binding_c16,AS-fabH_c2,Sugar_tr
BGC0000222	MG1523_M1029_M1031	539	14.904	20.376	AS-t2clf_c28,AS-t2clf_c39,Cyclase_polyket,Polyketide_cyc2
BGC0000222	MG1524_M0073_M0590	631	3.673	12.961	AS-t2clf_c28,AS-t2clf_c39
BGC0000222	MG1980_M1827_M1969_M1973_M1974_M1976_M1977	193	-44.001	-39.416	AS-p450_c7,KR_c25,Lactamase_B
BGC0000222	MG450_M0751_M2593_M2610	813	7.728	13.019	AS-MGT_c0,GDP_Man_Dehyd,NTP_transferase
BGC0000223	M0176	123	6.674	6.674	AS-MannoseP_isomer_c2,Polyketide_cyc2
BGC0000223	M0177	159	6.759	6.759	AS-Abhydrolase_6,NAD_binding_10
BGC0000223	M0186	141	7.038	7.038	AS-Abhydrolase_6,Polyketide_cyc2
BGC0000223	M0289	183	6.381	6.381	AS-Abhydrolase_6,DJ-1_PfpI
BGC0000223	M0295	198	5.836	5.836	AS-MannoseP_isomer_c2,Methyltransf_2
BGC0000223	M0343	128	1.822	1.822	AS-Abhydrolase_6,AS-fabH_c2
BGC0000223	M0644	155	8.827	8.827	DJ-1_PfpI,NAD_binding_10
BGC0000223	M1262	76	10.524	10.524	Amidase,CN_hydrolase
BGC0000223	M2093	64	26.388	47.852	ABM_c0,Acetyltransf_10,Amidase,FAD_binding_3_c15,FAD_binding_3_c46,Gln-synt_C,Lyase_1,Putative_PNPOx_c14
BGC0000223	M2301	903	7.681	7.681	Biotin_carb_N;CPSase_L_D2;Biotin_carb_C;Biotin_lipoyl,Carboxyl_trans
BGC0000223	MG1484_M0032_M2806_M2894	31	-93.284	-88.999	KR_c23,KR_c28,NAD_binding_10
BGC0000223	MG1980_M1827_M1969_M1973_M1974_M1976_M1977	193	-44.001	-38.586	Carboxyl_trans,KR_c28,NUDIX
BGC0000223	MG534_M1402_M2238_M2261_M2265	1355	2.86	2.86	Biotin_carb_N;CPSase_L_D2;Biotin_carb_C;Biotin_lipoyl,Carboxyl_trans
BGC0000223	MG535_M1110_M1238_M2262_M2266	950	4.177	4.177	Biotin_carb_N;CPSase_L_D2;Biotin_carb_C;Biotin_lipoyl,Carboxyl_trans
BGC0000224	M0055	27	38.235	58.785	ABM_c6,AS-MannoseP_isomer_c2,AS-fabH_c2,AS-t2clf_c28,AS-tabtoxin_c0,Anthrone_oxy,Carboxyl_trans,Cyclase_polyket,KR_c28,Methyltransf_2,Polyketide_cyc2,Sugar_tr
BGC0000224	M0176	123	6.674	6.674	AS-MannoseP_isomer_c2,Polyketide_cyc2
BGC0000224	M0295	198	5.836	5.836	AS-MannoseP_isomer_c2,Methyltransf_2
BGC0000224	M0599	418	5.307	5.307	AS-MannoseP_isomer_c2,Sugar_tr
BGC0000224	M0762	104	10.679	10.679	AS-tabtoxin_c0,Anthrone_oxy
BGC0000224	M0932	359	6.485	6.485	Carboxyl_trans,Sugar_tr
BGC0000224	M2505	231	8.949	11.125	ABM_c6,AS-MannoseP_isomer_c2,AS-t2ks_c40,Cyclase_polyket
BGC0000224	MG1357_M1293_M1551_M1552	336	-9.109	-8.85	AS-fabH_c2,Carboxyl_trans,Sugar_tr
BGC0000224	MG1484_M0032_M2806_M2894	31	-93.284	-92.973	AS-t2ks_c40,KR_c28
BGC0000224	MG1980_M1827_M1969_M1973_M1974_M1976_M1977	193	-44.001	-43.393	Carboxyl_trans,KR_c28
BGC0000225	M0356	116	7.632	7.632	AS-fabH_c2,Lactamase_B
BGC0000225	M0496	269	3.814	8.699	Flavin_Reduct,SnoaL_4
BGC0000225	MG1357_M1293_M1551_M1552	336	-9.109	-4.139	AS-fabH_c2,Flavin_Reduct,Polyketide_cyc
BGC0000225	MG1484_M0032_M2806_M2894	31	-93.284	-69.235	ABM_c1,AS-t2ks_c40,NAD_binding_10,Polyketide_cyc,SnoaL_4
BGC0000226	M0560	43	7.733	7.733	AS-MGT_c0,GDP_Man_Dehyd
BGC0000226	MG1484_M0032_M2806_M2894	31	-93.284	-71.887	AS-PP-binding_c28,AS-p450_c29,AS-t2ks_c40,FMN_red,NAD_binding_10
BGC0000226	MG450_M0751_M2593_M2610	813	7.728	13.019	AS-MGT_c0,GDP_Man_Dehyd,NTP_transferase
BGC0000227	M0140	162	6.564	6.724	Lactamase_B,Polyketide_cyc2
BGC0000227	M0152	196	7.036	7.036	Bac_luciferase,Polyketide_cyc2
BGC0000227	M0163	280	6.233	6.233	Flavin_Reduct,Sugar_tr
BGC0000227	M0496	269	3.814	17.296	AS-Acyl-CoA_dh_N_c7;Acyl-CoA_dh_2,Flavin_Reduct,SnoaL_4
BGC0000227	M0514	217	7.062	7.062	KR_c12,Sugar_tr
BGC0000227	M0560	43	7.733	7.733	AS-MGT_c0,GDP_Man_Dehyd
BGC0000227	M1024	425	7.571	7.571	Bac_luciferase,Flavin_Reduct
BGC0000227	M1182	117	7.646	14.024	AS-dTDP_sugar_isom_c2,GDP_Man_Dehyd,NTP_transferase
BGC0000227	MG1423_M1723_M1852	74	-6.585	0.404	AS-DegT_DnrJ_EryC1_c47,Hexose_dehydrat
BGC0000227	MG1484_M0032_M2806_M2894	31	-93.284	-69.011	AS-NHLP_CD_RRE_c0;AS-TIGR03604_c11,AS-PP-binding_c28,AS-t2ks_c40,Bac_luciferase,SnoaL_4
BGC0000227	MG1488_M0840_M1121	326	18.423	23.636	AS-MGT_c0,AS-dTDP_sugar_isom_c2,GDP_Man_Dehyd,Hexose_dehydrat
BGC0000227	MG1489_M1416_M1417	369	29.466	42.76	AS-DegT_DnrJ_EryC1_c47,AS-MGT_c0,AS-dTDP_sugar_isom_c2,GDP_Man_Dehyd,GFO_IDH_MocA_c21,Hexose_dehydrat,NTP_transferase
BGC0000227	MG1490_M0790_M1414	198	24.625	40.778	AS-DegT_DnrJ_EryC1_c47,AS-MGT_c0,AS-dTDP_sugar_isom_c2,AS-t2clf_c28,GFO_IDH_MocA_c21,Hexose_dehydrat
BGC0000227	MG1850_M0505_M0626	1246	4.101	4.101	Bac_luciferase,Sugar_tr
BGC0000227	MG450_M0751_M2593_M2610	813	7.728	20.301	AS-MGT_c0,AS-RmlD_sub_bind_c29,GDP_Man_Dehyd,NTP_transferase
BGC0000229	M0296	192	6.02	6.02	FMN_red,Sugar_tr
BGC0000229	M0560	43	7.733	7.733	AS-MGT_c0,GDP_Man_Dehyd
BGC0000229	M0932	359	6.485	6.485	Carboxyl_trans,Sugar_tr
BGC0000229	M1182	117	7.646	14.024	AS-dTDP_sugar_isom_c2,GDP_Man_Dehyd,NTP_transferase
BGC0000229	M2964	452	4.186	6.629	HipA_2,Malate_synthase
BGC0000229	MG1423_M1723_M1852	74	-6.585	0.404	AS-DegT_DnrJ_EryC1_c47,Hexose_dehydrat
BGC0000229	MG1488_M0840_M1121	326	18.423	23.636	AS-MGT_c0,AS-dTDP_sugar_isom_c2,GDP_Man_Dehyd,Hexose_dehydrat
BGC0000229	MG1489_M1416_M1417	369	29.466	42.76	AS-DegT_DnrJ_EryC1_c47,AS-MGT_c0,AS-dTDP_sugar_isom_c2,GDP_Man_Dehyd,GFO_IDH_MocA_c21,Hexose_dehydrat,NTP_transferase
BGC0000229	MG1490_M0790_M1414	198	24.625	38.927	AS-DegT_DnrJ_EryC1_c47,AS-MGT_c0,AS-dTDP_sugar_isom_c2,AS-t2clf_c39,GFO_IDH_MocA_c21,Hexose_dehydrat
BGC0000229	MG450_M0751_M2593_M2610	813	7.728	20.301	AS-MGT_c0,AS-RmlD_sub_bind_c29,GDP_Man_Dehyd,NTP_transferase
BGC0000231	MG1524_M0073_M0590	631	3.673	12.961	AS-t2clf_c28,AS-t2clf_c39
BGC0000232	M0089	65	7.348	7.348	AS-Abhydrolase_6,Aldo_ket_red
BGC0000232	M0098	170	7.497	7.497	Bac_luciferase,Methyltransf_2
BGC0000232	M0107	101	7.083	7.083	AS-Abhydrolase_6,KR_c24
BGC0000232	M0152	196	7.036	7.036	Bac_luciferase,Polyketide_cyc2
BGC0000232	M0186	141	7.038	7.038	AS-Abhydrolase_6,Polyketide_cyc2
BGC0000232	M0200	215	4.644	4.644	Methyltransf_2,PfkB
BGC0000232	M0278	101	7.793	7.793	Aldo_ket_red,Polyketide_cyc2
BGC0000232	M0304	159	6.874	6.874	AS-Abhydrolase_6,FMN_red
BGC0000232	M0910	107	6.201	6.201	Aldo_ket_red,FMN_red
BGC0000232	M1068	405	6.422	6.422	Aldo_ket_red,Bac_luciferase
BGC0000232	MG1484_M0032_M2806_M2894	31	-93.284	-72.625	AS-PP-binding_c28,Aldo_ket_red,Bac_luciferase,FMN_red,PfkB
BGC0000232	MG1523_M1029_M1031	539	14.904	34.702	ABM_c0,AS-t2clf_c28,AS-t2clf_c39,Cyclase_polyket,FAD_binding_3_c46,Polyketide_cyc2
BGC0000232	MG1524_M0073_M0590	631	3.673	19.777	ABM_c0,AS-t2clf_c28,AS-t2clf_c39
BGC0000232	MG1850_M0505_M0626	1246	4.101	7.24	Aldo_ket_red,Bac_luciferase,FMN_red
BGC0000233	M0562	75	11.047	11.047	AS-PKS_AT_c24,AS-ksIII_c2
BGC0000233	M0652	59	9.275	9.275	AS-DegT_DnrJ_EryC1_c15,Epimerase_c16
BGC0000233	M1091	81	15.217	30.635	AS-DegT_DnrJ_EryC1_c15,AS-dTDP_sugar_isom_c2,Epimerase_c16,Hexose_dehydrat,Methyltransf_25_c16
BGC0000233	MG1484_M0032_M2806_M2894	31	-93.284	-58.893	ABM_c1,AS-PKS_AT_c24,AS-ksIII_c2,AS-t2ks_c40,Methyltransf_11_c7,NAD_binding_10
BGC0000233	MG1488_M0840_M1121	326	18.423	25.942	AS-MGT_c0,AS-dTDP_sugar_isom_c2,Hexose_dehydrat,Methyltransf_11_c7
BGC0000234	MG1523_M1029_M1031	539	14.904	20.376	AS-t2clf_c28,AS-t2clf_c39,Cyclase_polyket,Polyketide_cyc2
BGC0000234	MG1524_M0073_M0590	631	3.673	12.961	AS-t2clf_c28,AS-t2clf_c39
BGC0000235	M0514	217	7.062	7.062	KR_c12,Sugar_tr
BGC0000235	M0932	359	6.485	6.485	Carboxyl_trans,Sugar_tr
BGC0000235	MG1523_M1029_M1031	539	14.904	28.083	AS-t2clf_c28,AS-t2clf_c39,Cyclase_polyket,FAD_binding_3_c46,Polyketide_cyc2
BGC0000235	MG1524_M0073_M0590	631	3.673	12.961	AS-t2clf_c28,AS-t2clf_c39
BGC0000236	M0186	141	7.038	7.038	AS-Abhydrolase_6,Polyketide_cyc2
BGC0000236	MG1523_M1029_M1031	539	14.904	25.788	AS-t2clf_c28,AS-t2clf_c39,Cyclase_polyket,Polyketide_cyc2,SnoaL_4
BGC0000236	MG1524_M0073_M0590	631	3.673	12.961	AS-t2clf_c28,AS-t2clf_c39
BGC0000236	MG1980_M1827_M1969_M1973_M1974_M1976_M1977	193	-44.001	-43.393	Carboxyl_trans,KR_c28
BGC0000237	M0176	123	6.674	6.674	AS-MannoseP_isomer_c2,Polyketide_cyc2
BGC0000237	M0295	198	5.836	5.836	AS-MannoseP_isomer_c2,Methyltransf_2
BGC0000237	MG1524_M0073_M0590	631	3.673	10.489	ABM_c0,AS-t2clf_c28
BGC0000238	M0176	123	6.674	6.674	AS-MannoseP_isomer_c2,Polyketide_cyc2
BGC0000238	M0200	215	4.644	10.363	AS-MannoseP_isomer_c2,Methyltransf_2,PfkB
BGC0000238	M0295	198	5.836	5.836	AS-MannoseP_isomer_c2,Methyltransf_2
BGC0000238	M0377	118	6.266	6.266	NTP_transferase,PfkB
BGC0000238	M0504	198	-4.454	33.006	AdoHcyase,MTHFR,PfkB,S-AdoMet_synt_N;S-AdoMet_synt_M;S-AdoMet_synt_C,S-methyl_trans;Pterin_bind;B12-binding_2;B12-binding_c7;Met_synt_B12
BGC0000238	M0560	43	7.733	7.733	AS-MGT_c0,GDP_Man_Dehyd
BGC0000238	M1182	117	7.646	14.024	AS-dTDP_sugar_isom_c2,GDP_Man_Dehyd,NTP_transferase
BGC0000238	MG1423_M1723_M1852	74	-6.585	0.404	AS-DegT_DnrJ_EryC1_c47,Hexose_dehydrat
BGC0000238	MG1484_M0032_M2806_M2894	31	-93.284	-92.081	AS-t2ks_c40,PfkB
BGC0000238	MG1488_M0840_M1121	326	18.423	23.636	AS-MGT_c0,AS-dTDP_sugar_isom_c2,GDP_Man_Dehyd,Hexose_dehydrat
BGC0000238	MG1489_M1416_M1417	369	29.466	42.76	AS-DegT_DnrJ_EryC1_c47,AS-MGT_c0,AS-dTDP_sugar_isom_c2,GDP_Man_Dehyd,GFO_IDH_MocA_c21,Hexose_dehydrat,NTP_transferase
BGC0000238	MG1490_M0790_M1414	198	24.625	40.778	AS-DegT_DnrJ_EryC1_c47,AS-MGT_c0,AS-dTDP_sugar_isom_c2,AS-t2clf_c28,GFO_IDH_MocA_c21,Hexose_dehydrat
BGC0000238	MG1524_M0073_M0590	631	3.673	10.489	ABM_c0,AS-t2clf_c28
BGC0000238	MG276_M2671_M2745_M2836	43	-20.984	-16.187	ACPS_c4,AS-MGT_c0
BGC0000238	MG450_M0751_M2593_M2610	813	7.728	13.019	AS-MGT_c0,GDP_Man_Dehyd,NTP_transferase
BGC0000239	M0296	192	6.02	6.02	FMN_red,Sugar_tr
BGC0000239	M0560	43	7.733	7.733	AS-MGT_c0,GDP_Man_Dehyd
BGC0000239	M0932	359	6.485	6.485	Carboxyl_trans,Sugar_tr
BGC0000239	M1182	117	7.646	14.024	AS-dTDP_sugar_isom_c2,GDP_Man_Dehyd,NTP_transferase
BGC0000239	MG1423_M1723_M1852	74	-6.585	0.404	AS-DegT_DnrJ_EryC1_c47,Hexose_dehydrat
BGC0000239	MG1488_M0840_M1121	326	18.423	23.636	AS-MGT_c0,AS-dTDP_sugar_isom_c2,GDP_Man_Dehyd,Hexose_dehydrat
BGC0000239	MG1489_M1416_M1417	369	29.466	42.76	AS-DegT_DnrJ_EryC1_c47,AS-MGT_c0,AS-dTDP_sugar_isom_c2,GDP_Man_Dehyd,GFO_IDH_MocA_c21,Hexose_dehydrat,NTP_transferase
BGC0000239	MG1490_M0790_M1414	198	24.625	47.271	AS-DegT_DnrJ_EryC1_c47,AS-MGT_c0,AS-dTDP_sugar_isom_c2,AS-t2clf_c28,AS-t2clf_c39,GFO_IDH_MocA_c21,Hexose_dehydrat
BGC0000239	MG1523_M1029_M1031	539	14.904	28.083	AS-t2clf_c28,AS-t2clf_c39,Cyclase_polyket,FAD_binding_3_c46,Polyketide_cyc2
BGC0000239	MG1524_M0073_M0590	631	3.673	12.961	AS-t2clf_c28,AS-t2clf_c39
BGC0000239	MG450_M0751_M2593_M2610	813	7.728	20.301	AS-MGT_c0,AS-RmlD_sub_bind_c29,GDP_Man_Dehyd,NTP_transferase
BGC0000240	M0123	133	3.209	3.209	Amidase,Sugar_tr
BGC0000240	M0186	141	7.038	7.038	AS-Abhydrolase_6,Polyketide_cyc2
BGC0000240	M0247	460	6.231	6.231	AS-Abhydrolase_6,Sugar_tr
BGC0000240	M0314	28	5.158	5.158	Aminotran_1_2,Sugar_tr
BGC0000240	M0437	179	8.37	8.37	AS-DegT_DnrJ_EryC1_c15,NTP_transferase
BGC0000240	M0560	43	7.733	7.733	AS-MGT_c0,GDP_Man_Dehyd
BGC0000240	M1090	59	10.581	10.581	AS-DegT_DnrJ_EryC1_c15,GDP_Man_Dehyd
BGC0000240	M1091	81	15.217	15.217	AS-DegT_DnrJ_EryC1_c15,AS-dTDP_sugar_isom_c2,Hexose_dehydrat
BGC0000240	M1182	117	7.646	14.024	AS-dTDP_sugar_isom_c2,GDP_Man_Dehyd,NTP_transferase
BGC0000240	M2093	64	26.388	49.305	ABM_c0,Acetyltransf_10,Amidase,FAD_binding_3_c42,FAD_binding_3_c46,Gln-synt_C,Lyase_1,Peptidase_C26
BGC0000240	MG1484_M0032_M2806_M2894	31	-93.284	-80.392	AS-PF00561,AS-PKS_AT_c24,AS-t2ks_c40,Rieske
BGC0000240	MG1488_M0840_M1121	326	18.423	23.636	AS-MGT_c0,AS-dTDP_sugar_isom_c2,GDP_Man_Dehyd,Hexose_dehydrat
BGC0000240	MG1489_M1416_M1417	369	29.466	38.019	AS-DegT_DnrJ_EryC1_c15,AS-MGT_c0,AS-dTDP_sugar_isom_c2,GDP_Man_Dehyd,GFO_IDH_MocA_c21,Hexose_dehydrat,NTP_transferase
BGC0000240	MG1887_M0366_M0416	424	-1.537	5.269	AS-PF00561,Sugar_tr
BGC0000240	MG403_M1476_M1496_M2005	63	-41.918	-34.122	AS-Abhydrolase_6,Aminotran_1_2
BGC0000240	MG450_M0751_M2593_M2610	813	7.728	13.019	AS-MGT_c0,GDP_Man_Dehyd,NTP_transferase
BGC0000240	MG475_M1088_M1089	204	4.345	4.345	AS-DegT_DnrJ_EryC1_c15,GDP_Man_Dehyd
BGC0000240	MG894_M2064_M2772_M2793	71	-12.631	-7.329	Aconitase,Aconitase_C,Rieske
BGC0000241	M0123	133	3.209	3.209	Amidase,Sugar_tr
BGC0000241	M0186	141	7.038	7.038	AS-Abhydrolase_6,Polyketide_cyc2
BGC0000241	M0247	460	6.231	6.231	AS-Abhydrolase_6,Sugar_tr
BGC0000241	M0437	179	8.37	8.37	AS-DegT_DnrJ_EryC1_c15,NTP_transferase
BGC0000241	M0560	43	7.733	7.733	AS-MGT_c0,GDP_Man_Dehyd
BGC0000241	M1090	59	10.581	10.581	AS-DegT_DnrJ_EryC1_c15,GDP_Man_Dehyd
BGC0000241	M1091	81	15.217	15.217	AS-DegT_DnrJ_EryC1_c15,AS-dTDP_sugar_isom_c2,Hexose_dehydrat
BGC0000241	M1182	117	7.646	14.024	AS-dTDP_sugar_isom_c2,GDP_Man_Dehyd,NTP_transferase
BGC0000241	M2093	64	26.388	49.305	ABM_c0,Acetyltransf_10,Amidase,FAD_binding_3_c42,FAD_binding_3_c46,Gln-synt_C,Lyase_1,Peptidase_C26
BGC0000241	MG1484_M0032_M2806_M2894	31	-93.284	-77.984	AS-PKS_AT_c24,AS-t2ks_c40,KR_c28,Rieske
BGC0000241	MG1488_M0840_M1121	326	18.423	23.636	AS-MGT_c0,AS-dTDP_sugar_isom_c2,GDP_Man_Dehyd,Hexose_dehydrat
BGC0000241	MG1489_M1416_M1417	369	29.466	38.019	AS-DegT_DnrJ_EryC1_c15,AS-MGT_c0,AS-dTDP_sugar_isom_c2,GDP_Man_Dehyd,GFO_IDH_MocA_c21,Hexose_dehydrat,NTP_transferase
BGC0000241	MG450_M0751_M2593_M2610	813	7.728	13.019	AS-MGT_c0,GDP_Man_Dehyd,NTP_transferase
BGC0000241	MG475_M1088_M1089	204	4.345	4.345	AS-DegT_DnrJ_EryC1_c15,GDP_Man_Dehyd
BGC0000242	M0098	170	7.497	7.497	Bac_luciferase,Methyltransf_2
BGC0000242	M0130	110	8.238	8.238	AS-MannoseP_isomer_c2,KR_c12
BGC0000242	M0295	198	5.836	5.836	AS-MannoseP_isomer_c2,Methyltransf_2
BGC0000242	M0762	104	10.679	39.225	AS-tabtoxin_c0,Anthrone_oxy,FAD_binding_3_c21,FAD_binding_3_c40,KR_c6,TENA_THI-4
BGC0000242	M1400	134	33.006	83.494	ABM_c6,AS-MGT_c0,AS-MannoseP_isomer_c2,AS-PP-binding_c28,AS-t2clf_c28,AS-t2clf_c39,AS-tabtoxin_c0,Anthrone_oxy,Cyclase_polyket,FAD_binding_3_c21,FAD_binding_3_c40,KR_c6,Methyltransf_2,NAD_binding_2;NAD_binding_11,Polyketide_cyc
BGC0000242	MG1484_M0032_M2806_M2894	31	-93.284	-74.509	AS-PP-binding_c28,Bac_luciferase,KR_c43,NAD_binding_10,Polyketide_cyc
BGC0000242	MG1523_M1029_M1031	539	14.904	14.904	AS-t2clf_c28,AS-t2clf_c39,Cyclase_polyket
BGC0000242	MG1524_M0073_M0590	631	3.673	12.961	AS-t2clf_c28,AS-t2clf_c39
BGC0000245	M0140	162	6.564	6.724	Lactamase_B,Polyketide_cyc2
BGC0000245	M0377	118	6.266	6.266	NTP_transferase,PfkB
BGC0000245	M0437	179	8.37	8.37	AS-DegT_DnrJ_EryC1_c15,NTP_transferase
BGC0000245	M0496	269	3.814	17.296	AS-Acyl-CoA_dh_N_c7;Acyl-CoA_dh_2,Flavin_Reduct,SnoaL_4
BGC0000245	M0560	43	7.733	7.733	AS-MGT_c0,GDP_Man_Dehyd
BGC0000245	M1090	59	10.581	10.581	AS-DegT_DnrJ_EryC1_c15,GDP_Man_Dehyd
BGC0000245	M1193	49	7.159	7.159	3HCDH_N;3HCDH,AS-DegT_DnrJ_EryC1_c15
BGC0000245	M2215	689	12.52	18.988	APS_kinase,Acetyltransf_1_c20,PAPS_reduct
BGC0000245	MG1148_M1200_M2213	243	-0.919	14.163	APS_kinase,Acetyltransf_1_c20,PAPS_reduct
BGC0000245	MG1484_M0032_M2806_M2894	31	-93.284	-85.389	AS-t2ks_c40,PfkB,SnoaL_4
BGC0000245	MG1980_M1827_M1969_M1973_M1974_M1976_M1977	193	-44.001	-43.464	Carboxyl_trans,Lactamase_B
BGC0000245	MG450_M0751_M2593_M2610	813	7.728	13.019	AS-MGT_c0,GDP_Man_Dehyd,NTP_transferase
BGC0000245	MG475_M1088_M1089	204	4.345	4.345	AS-DegT_DnrJ_EryC1_c15,GDP_Man_Dehyd
BGC0000247	M0278	101	7.793	7.793	Aldo_ket_red,Polyketide_cyc2
BGC0000247	M0358	99	5.933	5.933	KR_c0,Sugar_tr
BGC0000247	M0560	43	7.733	7.733	AS-MGT_c0,GDP_Man_Dehyd
BGC0000247	M0680	56	10.538	10.538	Methyltransf_13;Methyltransf_23;Methyltransf_14,NTP_transferase
BGC0000247	MG1357_M1293_M1551_M1552	336	-9.109	-8.327	AS-adh_short_C2,Sugar_tr,Thioesterase_c35
BGC0000247	MG1484_M0032_M2806_M2894	31	-93.284	-58.017	ABM_c1,AS-PP-binding_c28,AS-t2ks_c40,Aldo_ket_red,Cyclase,SnoaL_4
BGC0000247	MG1887_M0366_M0416	424	-1.537	-1.537	Aldo_ket_red,Sugar_tr
BGC0000247	MG276_M2671_M2745_M2836	43	-20.984	-16.29	AS-AMP-binding_c20,AS-MGT_c0
BGC0000247	MG450_M0751_M2593_M2610	813	7.728	13.019	AS-MGT_c0,GDP_Man_Dehyd,NTP_transferase
BGC0000248	M0140	162	6.564	6.724	Lactamase_B,Polyketide_cyc2
BGC0000248	M0152	196	7.036	7.036	Bac_luciferase,Polyketide_cyc2
BGC0000248	M0450	148	9.458	9.458	Acyl_transf_3,Flavin_Reduct
BGC0000248	M0496	269	3.814	8.699	Flavin_Reduct,SnoaL_4
BGC0000248	M1024	425	7.571	7.571	Bac_luciferase,Flavin_Reduct
BGC0000248	MG1357_M1293_M1551_M1552	336	-9.109	-8.508	Bac_luciferase,Carboxyl_trans,Flavin_Reduct
BGC0000248	MG1484_M0032_M2806_M2894	31	-93.284	-86.776	AS-t2ks_c40,Bac_luciferase,SnoaL_4
BGC0000248	MG1980_M1827_M1969_M1973_M1974_M1976_M1977	193	-44.001	-43.464	Carboxyl_trans,Lactamase_B
BGC0000252	M0178	127	7.773	7.773	AS-Abhydrolase_6,KR_c25
BGC0000252	M0229	111	10.011	10.011	KR_c12,KR_c25
BGC0000252	M0289	183	6.381	6.381	AS-Abhydrolase_6,DJ-1_PfpI
BGC0000252	MG403_M1476_M1496_M2005	63	-41.918	-27.888	AS-Abhydrolase_6,Peptidase_S15;PepX_C
BGC0000253	M2301	903	7.681	7.681	Biotin_carb_N;CPSase_L_D2;Biotin_carb_C;Biotin_lipoyl,Carboxyl_trans
BGC0000253	MG1484_M0032_M2806_M2894	31	-93.284	-86.984	AS-PP-binding_c28,KR_c28,NAD_binding_10
BGC0000253	MG1523_M1029_M1031	539	14.904	28.083	AS-t2clf_c28,AS-t2clf_c39,Cyclase_polyket,FAD_binding_3_c46,Polyketide_cyc2
BGC0000253	MG1524_M0073_M0590	631	3.673	12.961	AS-t2clf_c28,AS-t2clf_c39
BGC0000253	MG1980_M1827_M1969_M1973_M1974_M1976_M1977	193	-44.001	-43.393	Carboxyl_trans,KR_c28
BGC0000253	MG534_M1402_M2238_M2261_M2265	1355	2.86	2.86	Biotin_carb_N;CPSase_L_D2;Biotin_carb_C;Biotin_lipoyl,Carboxyl_trans
BGC0000253	MG535_M1110_M1238_M2262_M2266	950	4.177	4.177	Biotin_carb_N;CPSase_L_D2;Biotin_carb_C;Biotin_lipoyl,Carboxyl_trans
BGC0000254	MG1484_M0032_M2806_M2894	31	-93.284	-48.278	ABM_c1,AS-PKS_AT_c24,AS-PP-binding_c28,AS-t2ks_c40,Cyclase,KR_c28,SnoaL_4
BGC0000256	M0098	170	7.497	7.497	Bac_luciferase,Methyltransf_2
BGC0000256	M0295	198	5.836	5.836	AS-MannoseP_isomer_c2,Methyltransf_2
BGC0000256	M0437	179	8.37	8.37	AS-DegT_DnrJ_EryC1_c15,NTP_transferase
BGC0000256	M0762	104	10.679	10.679	AS-tabtoxin_c0,Anthrone_oxy
BGC0000256	M1090	59	10.581	10.581	AS-DegT_DnrJ_EryC1_c15,GDP_Man_Dehyd
BGC0000256	M1400	134	33.006	55.255	ABM_c6,AS-MannoseP_isomer_c2,AS-t2clf_c28,AS-t2clf_c39,AS-tabtoxin_c0,Anthrone_oxy,Biotin_carb_N;CPSase_L_D2;Biotin_carb_C,Biotin_lipoyl,Cyclase_polyket,Methyltransf_2,Polyketide_cyc
BGC0000256	MG1523_M1029_M1031	539	14.904	14.904	AS-t2clf_c28,AS-t2clf_c39,Cyclase_polyket
BGC0000256	MG1524_M0073_M0590	631	3.673	12.961	AS-t2clf_c28,AS-t2clf_c39
BGC0000256	MG450_M0751_M2593_M2610	813	7.728	7.728	GDP_Man_Dehyd,NTP_transferase
BGC0000256	MG475_M1088_M1089	204	4.345	4.345	AS-DegT_DnrJ_EryC1_c15,GDP_Man_Dehyd
BGC0000256	MG562_M2294_M2380	1678	0.005	11.774	Biotin_carb_N;CPSase_L_D2;Biotin_carb_C,Biotin_lipoyl
BGC0000257	M0646	85	-5.207	43.17	AS-AMP-binding_c38,AS-NAD_binding_4_c44,AS-PF00881_c13,AS-PP-binding_c10;Aminotran_1_2,AS-PPDK_N_c8;PEP-utilizers,AS-fabH_c2,Rieske,Thioesterase_c18
BGC0000257	M2698	104	16.635	26.184	AS-PF00881_c13,AS-PPDK_N_c8;PEP-utilizers,Rieske,Thioesterase_c18
BGC0000258	M1510	44	21.743	57.013	AS-Aminotran_3_c27,AS-PF00881_c24;AS-PF00881_c13,AS-PP-binding_c16;Aminotran_1_2,AS-PPDK_N_c8;PEP-utilizers,NAD_binding_8_c34,Steroid_dh
BGC0000259	M1510	44	21.743	57.365	AS-Acyl-CoA_dh_N_c33;AS-Acyl-CoA_dh_M_c14;AS-Acyl-CoA_dh_1_c45,AS-Aminotran_3_c27,AS-PF00881_c24;AS-PF00881_c13,AS-PP-binding_c16;Aminotran_1_2,AS-PPDK_N_c8;PEP-utilizers,Steroid_dh
BGC0000261	MG1484_M0032_M2806_M2894	31	-93.284	-88.91	AS-PKS_AT_c24,Cyclase
BGC0000261	MG1524_M0073_M0590	631	3.673	12.961	AS-t2clf_c28,AS-t2clf_c39
BGC0000261	MG562_M2294_M2380	1678	0.005	11.774	Biotin_carb_N;CPSase_L_D2;Biotin_carb_C,Biotin_lipoyl
BGC0000262	M0296	192	6.02	6.02	FMN_red,Sugar_tr
BGC0000262	M0437	179	8.37	8.37	AS-DegT_DnrJ_EryC1_c15,NTP_transferase
BGC0000262	M0560	43	7.733	7.733	AS-MGT_c0,GDP_Man_Dehyd
BGC0000262	M0932	359	6.485	6.485	Carboxyl_trans,Sugar_tr
BGC0000262	M1090	59	10.581	10.581	AS-DegT_DnrJ_EryC1_c15,GDP_Man_Dehyd
BGC0000262	M1091	81	15.217	15.217	AS-DegT_DnrJ_EryC1_c15,AS-dTDP_sugar_isom_c2,Hexose_dehydrat
BGC0000262	M1182	117	7.646	14.024	AS-dTDP_sugar_isom_c2,GDP_Man_Dehyd,NTP_transferase
BGC0000262	M1279	59	2.264	2.264	Biotin_carb_N;CPSase_L_D2;Biotin_carb_C;Biotin_lipoyl,Carboxyl_trans,Sugar_tr
BGC0000262	M2301	903	7.681	7.681	Biotin_carb_N;CPSase_L_D2;Biotin_carb_C;Biotin_lipoyl,Carboxyl_trans
BGC0000262	MG1423_M1723_M1852	74	-6.585	0.404	AS-DegT_DnrJ_EryC1_c47,Hexose_dehydrat
BGC0000262	MG1484_M0032_M2806_M2894	31	-93.284	-78.301	AS-PKS_AT_c24,FMN_red,KR_c28,SnoaL_4
BGC0000262	MG1488_M0840_M1121	326	18.423	23.636	AS-MGT_c0,AS-dTDP_sugar_isom_c2,GDP_Man_Dehyd,Hexose_dehydrat
BGC0000262	MG1489_M1416_M1417	369	29.466	47.526	AS-DegT_DnrJ_EryC1_c15,AS-DegT_DnrJ_EryC1_c47,AS-MGT_c0,AS-dTDP_sugar_isom_c2,GDP_Man_Dehyd,GFO_IDH_MocA_c21,Hexose_dehydrat,NTP_transferase
BGC0000262	MG1490_M0790_M1414	198	24.625	47.271	AS-DegT_DnrJ_EryC1_c47,AS-MGT_c0,AS-dTDP_sugar_isom_c2,AS-t2clf_c28,AS-t2clf_c39,GFO_IDH_MocA_c21,Hexose_dehydrat
BGC0000262	MG1523_M1029_M1031	539	14.904	33.055	AS-t2clf_c28,AS-t2clf_c39,Cyclase_polyket,FAD_binding_3_c18,Polyketide_cyc2,SnoaL_4
BGC0000262	MG1524_M0073_M0590	631	3.673	12.961	AS-t2clf_c28,AS-t2clf_c39
BGC0000262	MG1980_M1827_M1969_M1973_M1974_M1976_M1977	193	-44.001	-43.393	Carboxyl_trans,KR_c28
BGC0000262	MG450_M0751_M2593_M2610	813	7.728	20.301	AS-MGT_c0,AS-RmlD_sub_bind_c29,GDP_Man_Dehyd,NTP_transferase
BGC0000262	MG475_M1088_M1089	204	4.345	4.345	AS-DegT_DnrJ_EryC1_c15,GDP_Man_Dehyd
BGC0000262	MG529_M0703_M1107	217	2.966	13.824	Biotin_carb_N;CPSase_L_D2;Biotin_carb_C;Biotin_lipoyl,Carboxyl_trans,DSBA
BGC0000262	MG534_M1402_M2238_M2261_M2265	1355	2.86	2.86	Biotin_carb_N;CPSase_L_D2;Biotin_carb_C;Biotin_lipoyl,Carboxyl_trans
BGC0000262	MG535_M1110_M1238_M2262_M2266	950	4.177	4.177	Biotin_carb_N;CPSase_L_D2;Biotin_carb_C;Biotin_lipoyl,Carboxyl_trans
BGC0000263	M0437	179	8.37	17.495	AS-DegT_DnrJ_EryC1_c15,FdtA,NTP_transferase
BGC0000263	M0560	43	7.733	7.733	AS-MGT_c0,GDP_Man_Dehyd
BGC0000263	M0848	88	9.632	9.632	Methyltransf_23,NTP_transferase
BGC0000263	M1090	59	10.581	10.581	AS-DegT_DnrJ_EryC1_c15,GDP_Man_Dehyd
BGC0000263	MG1484_M0032_M2806_M2894	31	-93.284	-85.465	AS-PP-binding_c28,FMN_red,Methyltransf_23
BGC0000263	MG450_M0751_M2593_M2610	813	7.728	13.019	AS-MGT_c0,GDP_Man_Dehyd,NTP_transferase
BGC0000263	MG475_M1088_M1089	204	4.345	4.345	AS-DegT_DnrJ_EryC1_c15,GDP_Man_Dehyd
BGC0000264	M0200	215	4.644	10.363	AS-MannoseP_isomer_c2,Methyltransf_2,PfkB
BGC0000264	M0295	198	5.836	5.836	AS-MannoseP_isomer_c2,Methyltransf_2
BGC0000264	M0455	329	6.559	6.559	PfkB,Sugar_tr
BGC0000264	M0599	418	5.307	5.307	AS-MannoseP_isomer_c2,Sugar_tr
BGC0000264	MG1484_M0032_M2806_M2894	31	-93.284	-65.339	AS-PKS_AT_c24,AS-t2ks_c40,Cyclase,PfkB,Polyketide_cyc
BGC0000266	M0190	114	9.129	9.129	AS-MannoseP_isomer_c2,FAD_binding_4;BBE
BGC0000266	M0235	81	8.815	8.815	AS-MannoseP_isomer_c2,Methyltransf_19
BGC0000266	M0762	104	10.679	35.321	AS-t2clf_c33,AS-tabtoxin_c0,Anthrone_oxy,FAD_binding_3_c21,FAD_binding_3_c35
BGC0000266	M1400	134	33.006	42.235	ABM_c6,AS-MannoseP_isomer_c2,AS-t2clf_c33,AS-t2clf_c39,AS-tabtoxin_c0,Anthrone_oxy,Cyclase_polyket,FAD_binding_3_c21
BGC0000267	M0296	192	6.02	6.02	FMN_red,Sugar_tr
BGC0000267	M0560	43	7.733	7.733	AS-MGT_c0,GDP_Man_Dehyd
BGC0000267	M1182	117	7.646	14.024	AS-dTDP_sugar_isom_c2,GDP_Man_Dehyd,NTP_transferase
BGC0000267	MG1423_M1723_M1852	74	-6.585	0.404	AS-DegT_DnrJ_EryC1_c47,Hexose_dehydrat
BGC0000267	MG1484_M0032_M2806_M2894	31	-93.284	-91.6	AS-PP-binding_c28,FMN_red
BGC0000267	MG1488_M0840_M1121	326	18.423	23.636	AS-MGT_c0,AS-dTDP_sugar_isom_c2,GDP_Man_Dehyd,Hexose_dehydrat
BGC0000267	MG1489_M1416_M1417	369	29.466	42.76	AS-DegT_DnrJ_EryC1_c47,AS-MGT_c0,AS-dTDP_sugar_isom_c2,GDP_Man_Dehyd,GFO_IDH_MocA_c21,Hexose_dehydrat,NTP_transferase
BGC0000267	MG1490_M0790_M1414	198	24.625	47.271	AS-DegT_DnrJ_EryC1_c47,AS-MGT_c0,AS-dTDP_sugar_isom_c2,AS-t2clf_c28,AS-t2clf_c39,GFO_IDH_MocA_c21,Hexose_dehydrat
BGC0000267	MG1523_M1029_M1031	539	14.904	35.35	AS-t2clf_c28,AS-t2clf_c39,Cyclase_polyket,FAD_binding_3_c18,FAD_binding_3_c46,Polyketide_cyc2
BGC0000267	MG1524_M0073_M0590	631	3.673	12.961	AS-t2clf_c28,AS-t2clf_c39
BGC0000267	MG450_M0751_M2593_M2610	813	7.728	20.301	AS-MGT_c0,AS-RmlD_sub_bind_c29,GDP_Man_Dehyd,NTP_transferase
BGC0000268	M0296	192	6.02	6.02	FMN_red,Sugar_tr
BGC0000268	M0560	43	7.733	7.733	AS-MGT_c0,GDP_Man_Dehyd
BGC0000268	M0932	359	6.485	6.485	Carboxyl_trans,Sugar_tr
BGC0000268	M1182	117	7.646	14.024	AS-dTDP_sugar_isom_c2,GDP_Man_Dehyd,NTP_transferase
BGC0000268	M1279	59	2.264	2.264	Biotin_carb_N;CPSase_L_D2;Biotin_carb_C;Biotin_lipoyl,Carboxyl_trans,Sugar_tr
BGC0000268	M2301	903	7.681	7.681	Biotin_carb_N;CPSase_L_D2;Biotin_carb_C;Biotin_lipoyl,Carboxyl_trans
BGC0000268	MG1423_M1723_M1852	74	-6.585	0.404	AS-DegT_DnrJ_EryC1_c47,Hexose_dehydrat
BGC0000268	MG1488_M0840_M1121	326	18.423	23.636	AS-MGT_c0,AS-dTDP_sugar_isom_c2,GDP_Man_Dehyd,Hexose_dehydrat
BGC0000268	MG1489_M1416_M1417	369	29.466	42.76	AS-DegT_DnrJ_EryC1_c47,AS-MGT_c0,AS-dTDP_sugar_isom_c2,GDP_Man_Dehyd,GFO_IDH_MocA_c21,Hexose_dehydrat,NTP_transferase
BGC0000268	MG1490_M0790_M1414	198	24.625	47.271	AS-DegT_DnrJ_EryC1_c47,AS-MGT_c0,AS-dTDP_sugar_isom_c2,AS-t2clf_c28,AS-t2clf_c39,GFO_IDH_MocA_c21,Hexose_dehydrat
BGC0000268	MG1523_M1029_M1031	539	14.904	20.376	AS-t2clf_c28,AS-t2clf_c39,Cyclase_polyket,Polyketide_cyc2
BGC0000268	MG1524_M0073_M0590	631	3.673	12.961	AS-t2clf_c28,AS-t2clf_c39
BGC0000268	MG1980_M1827_M1969_M1973_M1974_M1976_M1977	193	-44.001	-26.252	Carboxyl_trans,G6PD_N;G6PD_C,KR_c28,NAD_binding_2;6PGD
BGC0000268	MG450_M0751_M2593_M2610	813	7.728	13.019	AS-MGT_c0,GDP_Man_Dehyd,NTP_transferase
BGC0000268	MG534_M1402_M2238_M2261_M2265	1355	2.86	2.86	Biotin_carb_N;CPSase_L_D2;Biotin_carb_C;Biotin_lipoyl,Carboxyl_trans
BGC0000268	MG535_M1110_M1238_M2262_M2266	950	4.177	4.177	Biotin_carb_N;CPSase_L_D2;Biotin_carb_C;Biotin_lipoyl,Carboxyl_trans
BGC0000269	M0072	87	7.52	7.52	Aldo_ket_red,Lactamase_B
BGC0000269	M0098	170	7.497	7.497	Bac_luciferase,Methyltransf_2
BGC0000269	M0140	162	6.564	12.508	AS-ksIII_c2,Lactamase_B,Polyketide_cyc2
BGC0000269	M0144	100	1.604	4.102	AS-AMP-binding_c13,AS-MannoseP_isomer_c2,Bac_luciferase,Sugar_tr
BGC0000269	M0152	196	7.036	7.036	Bac_luciferase,Polyketide_cyc2
BGC0000269	M0176	123	6.674	6.674	AS-MannoseP_isomer_c2,Polyketide_cyc2
BGC0000269	M0200	215	4.644	10.363	AS-MannoseP_isomer_c2,Methyltransf_2,PfkB
BGC0000269	M0201	135	7.691	7.691	AS-MannoseP_isomer_c2,Aldo_ket_red
BGC0000269	M0246	261	7.117	7.117	Aldo_ket_red,DJ-1_PfpI
BGC0000269	M0278	101	7.793	7.793	Aldo_ket_red,Polyketide_cyc2
BGC0000269	M0295	198	5.836	10.008	AS-AMP-binding_c13,AS-MannoseP_isomer_c2,Methyltransf_2
BGC0000269	M0356	116	7.632	7.632	AS-fabH_c2,Lactamase_B
BGC0000269	M0371	234	6.714	6.714	DJ-1_PfpI,Sugar_tr
BGC0000269	M0377	118	6.266	6.266	NTP_transferase,PfkB
BGC0000269	M0455	329	6.559	6.559	PfkB,Sugar_tr
BGC0000269	M0560	43	7.733	7.733	AS-MGT_c0,GDP_Man_Dehyd
BGC0000269	M0572	195	7.07	7.07	Aldo_ket_red,KR_c28
BGC0000269	M0599	418	5.307	5.307	AS-MannoseP_isomer_c2,Sugar_tr
BGC0000269	M0860	144	8.533	8.533	Aminotran_5,DJ-1_PfpI
BGC0000269	M0932	359	6.485	6.485	Carboxyl_trans,Sugar_tr
BGC0000269	M1068	405	6.422	6.422	Aldo_ket_red,Bac_luciferase
BGC0000269	M1218	388	1.535	1.535	AS-AMP-binding_c48,Sugar_tr
BGC0000269	M1331	254	7.108	7.108	AS-fabH_c2,Aldo_ket_red
BGC0000269	MG1357_M1293_M1551_M1552	336	-9.109	-6.354	AS-fabH_c2,Bac_luciferase,Carboxyl_trans,Sugar_tr
BGC0000269	MG1484_M0032_M2806_M2894	31	-93.284	-53.353	AS-ksIII_c2,AS-t2ks_c40,Aldo_ket_red,Bac_luciferase,KR_c28,KR_c43,PfkB,SnoaL_4
BGC0000269	MG1850_M0505_M0626	1246	4.101	8.888	Aldo_ket_red,Bac_luciferase,Sugar_tr
BGC0000269	MG1887_M0366_M0416	424	-1.537	-1.537	Aldo_ket_red,Sugar_tr
BGC0000269	MG1980_M1827_M1969_M1973_M1974_M1976_M1977	193	-44.001	-33.163	Aldo_ket_red,Carboxyl_trans,KR_c28,Lactamase_B
BGC0000269	MG450_M0751_M2593_M2610	813	7.728	13.019	AS-MGT_c0,GDP_Man_Dehyd,NTP_transferase
BGC0000270	M0106	72	8.543	8.543	AS-AMP-binding_c38,AS-Abhydrolase_6
BGC0000270	M0186	141	7.038	7.038	AS-Abhydrolase_6,Polyketide_cyc2
BGC0000270	M0247	460	6.231	6.231	AS-Abhydrolase_6,Sugar_tr
BGC0000270	M0296	192	6.02	6.02	FMN_red,Sugar_tr
BGC0000270	M0304	159	6.874	6.874	AS-Abhydrolase_6,FMN_red
BGC0000270	M0327	69	8.846	8.846	FMN_red,Thioesterase_c35
BGC0000270	M0782	991	5.902	5.902	Aldedh,Sugar_tr
BGC0000270	M0932	359	6.485	6.485	Carboxyl_trans,Sugar_tr
BGC0000270	M0971	280	10.077	10.077	AS-AMP-binding_c38,Thioesterase_c35
BGC0000270	MG1357_M1293_M1551_M1552	336	-9.109	-6.84	Aldedh,Carboxyl_trans,Sugar_tr,Thioesterase_c35
BGC0000270	MG1524_M0073_M0590	631	3.673	12.961	AS-t2clf_c28,AS-t2clf_c39
BGC0000270	MG1980_M1827_M1969_M1973_M1974_M1976_M1977	193	-44.001	-43.869	Carboxyl_trans,NUDIX
BGC0000270	MG403_M1476_M1496_M2005	63	-41.918	-29.364	AS-AMP-binding_c38,AS-Abhydrolase_6
BGC0000270	MG450_M0751_M2593_M2610	813	7.728	7.728	GDP_Man_Dehyd,NTP_transferase
BGC0000271	M0295	198	5.836	5.836	AS-MannoseP_isomer_c2,Methyltransf_2
BGC0000271	M2505	231	8.949	11.125	ABM_c6,AS-MannoseP_isomer_c2,AS-t2ks_c40,Cyclase_polyket
BGC0000271	MG1357_M1293_M1551_M1552	336	-9.109	-7.016	AS-PP-binding_c16,Polyketide_cyc
BGC0000271	MG1461_M2573_M2750_M2763_M2780_M2781	1143	27.233	38.936	ABM_c6,AS-MannoseP_isomer_c2,AS-t2ks_c40,Cyclase_polyket,FAD_binding_3_c44,Methyltransf_2,NosD,Polyketide_cyc
BGC0000271	MG1484_M0032_M2806_M2894	31	-93.284	-91.09	AS-t2ks_c40,Polyketide_cyc
BGC0000272	M1834	188	12.01	12.01	AS-t2clf_c26,FAD_binding_3_c44
BGC0000273	MG1484_M0032_M2806_M2894	31	-93.284	-73.692	ABM_c1,Cyclase,Polyketide_cyc,SnoaL_4
BGC0000273	MG1524_M0073_M0590	631	3.673	12.961	AS-t2clf_c28,AS-t2clf_c39
BGC0000274	M0098	170	7.497	7.497	Bac_luciferase,Methyltransf_2
BGC0000274	M0246	261	7.117	7.117	Aldo_ket_red,DJ-1_PfpI
BGC0000274	M0644	155	8.827	8.827	DJ-1_PfpI,NAD_binding_10
BGC0000274	M1057	188	7.04	7.04	Aldedh,Bac_luciferase
BGC0000274	M1068	405	6.422	6.422	Aldo_ket_red,Bac_luciferase
BGC0000274	MG1484_M0032_M2806_M2894	31	-93.284	-64.796	Aldo_ket_red,Bac_luciferase,CoA_transf_3,Cyclase,EHN,NAD_binding_10
BGC0000274	MG830_M1441_M1444_M1450_M1451_M1455	446	3.872	9.591	AS-phzB_c0,AS-thio_amide_c2,Isochorismatase_c21,Methyltransf_2
BGC0000275	M0295	198	5.836	5.836	AS-MannoseP_isomer_c2,Methyltransf_2
BGC0000275	MG1484_M0032_M2806_M2894	31	-93.284	-89.917	AS-PP-binding_c28,AS-t2ks_c40
BGC0000277	M0296	192	6.02	6.02	FMN_red,Sugar_tr
BGC0000278	MG1423_M1723_M1852	74	-6.585	0.404	AS-DegT_DnrJ_EryC1_c47,Hexose_dehydrat
BGC0000279	M0055	27	38.235	43.274	ABM_c6,AS-MannoseP_isomer_c2,AS-adh_short_C2,AS-t2clf_c28,AS-tabtoxin_c0,Anthrone_oxy,Cyclase_polyket,KR_c28,Methyltransf_2,Polyketide_cyc2
BGC0000279	M0098	170	7.497	7.497	Bac_luciferase,Methyltransf_2
BGC0000279	M0129	131	8.358	8.358	AS-adh_short_C2,Bac_luciferase
BGC0000279	M0152	196	7.036	7.036	Bac_luciferase,Polyketide_cyc2
BGC0000279	M0176	123	6.674	6.674	AS-MannoseP_isomer_c2,Polyketide_cyc2
BGC0000279	M0200	215	4.644	10.363	AS-MannoseP_isomer_c2,Methyltransf_2,PfkB
BGC0000279	M0201	135	7.691	7.691	AS-MannoseP_isomer_c2,Aldo_ket_red
BGC0000279	M0278	101	7.793	7.793	Aldo_ket_red,Polyketide_cyc2
BGC0000279	M0295	198	5.836	5.836	AS-MannoseP_isomer_c2,Methyltransf_2
BGC0000279	M0504	198	-4.454	33.006	AdoHcyase,MTHFR,PfkB,S-AdoMet_synt_N;S-AdoMet_synt_M;S-AdoMet_synt_C,S-methyl_trans;Pterin_bind;B12-binding_2;B12-binding_c7;Met_synt_B12
BGC0000279	M0572	195	7.07	7.07	Aldo_ket_red,KR_c28
BGC0000279	M0762	104	10.679	24.749	AS-tabtoxin_c0,Anthrone_oxy,FAD_binding_3_c40,TENA_THI-4
BGC0000279	M0779	70	0.03	5.955	Bac_luciferase,MTHFR
BGC0000279	M1068	405	6.422	6.422	Aldo_ket_red,Bac_luciferase
BGC0000279	M1400	134	33.006	64.543	ABM_c6,AS-MGT_c0,AS-MannoseP_isomer_c2,AS-t2clf_c28,AS-t2clf_c39,AS-tabtoxin_c0,Anthrone_oxy,Biotin_carb_N;CPSase_L_D2;Biotin_carb_C,Biotin_lipoyl,Cu-oxidase_3;Cu-oxidase_2,Cyclase_polyket,FAD_binding_3_c40,Methyltransf_2
BGC0000279	MG1484_M0032_M2806_M2894	31	-93.284	-82.358	Aldo_ket_red,Bac_luciferase,KR_c28,PfkB
BGC0000279	MG1523_M1029_M1031	539	14.904	27.643	AS-t2clf_c28,AS-t2clf_c39,Cyclase_polyket,FAD_binding_3_c18,Polyketide_cyc2
BGC0000279	MG1524_M0073_M0590	631	3.673	12.961	AS-t2clf_c28,AS-t2clf_c39
BGC0000279	MG276_M2671_M2745_M2836	43	-20.984	-16.234	AS-MGT_c0,AS-p450_c27
BGC0000279	MG562_M2294_M2380	1678	0.005	11.774	Biotin_carb_N;CPSase_L_D2;Biotin_carb_C,Biotin_lipoyl
BGC0000282	MG653_M2049_M2655_M2740	1595	-3.707	7.638	FAD_binding_3_c30,ICMT_c7
BGC0000283	M0130	110	8.238	8.238	AS-MannoseP_isomer_c2,KR_c12
BGC0000283	M0190	114	9.129	9.129	AS-MannoseP_isomer_c2,FAD_binding_4;BBE
BGC0000286	MG1069_M1051_M1791	411	7.936	11.877	AS-fabH_c3,HMG-CoA_red
BGC0000286	MG1071_M1270_M1743_M1789	672	-6.161	33.359	AS-fabH_c3,FMN_dh,GHMP_kinases_N;GHMP_kinases_C,GHMP_kinases_N;MDD_C,HMG-CoA_red
BGC0000288	M0173	67	3.974	3.974	AS-APH_c47,Beta-lactamase
BGC0000288	M2090	246	12.839	12.839	Ald_Xan_dh_C;MoCoBD_1,FAD_binding_5;CO_deh_flav_C
BGC0000288	MG1695_M0822_M0868_M0886_M1041_M2096_M2097	1035	-2.539	18.455	Ald_Xan_dh_C;MoCoBD_1,FAD_binding_5;CO_deh_flav_C,Fer2;Fer2_2
BGC0000288	MG450_M0751_M2593_M2610	813	7.728	7.728	GDP_Man_Dehyd,NTP_transferase
BGC0000289	M0142	45	9.347	9.347	FMN_dh,Thioesterase_c35
BGC0000289	M0206	150	8.073	12.534	Aminotran_1_2,FMN_dh,Thioesterase_c35
BGC0000289	M0301	49	8.346	8.346	AS-p450_c16,Thioesterase_c35
BGC0000289	M0470	98	5.362	5.362	AS-PF00561,AS-p450_c16
BGC0000289	M2114	79	13.672	13.672	AS-Trp_halogenase_c8,PDH_N;PDH_C
BGC0000289	M2116	130	11.27	19.54	AS-Trp_halogenase_c8,FMN_dh,PDH_N;PDH_C
BGC0000289	MG389_M1921_M1922	411	5.228	21.923	AS-Trp_halogenase_c8,Aminotran_1_2,FMN_dh,PDH_N;PDH_C
BGC0000289	MG866_M0519_M1942	73	-13.366	-11.285	AS-PF00561,Aminotran_1_2,PDH_N;PDH_C
BGC0000290	M2114	79	13.672	13.672	AS-Trp_halogenase_c8,PDH_N;PDH_C
BGC0000290	M2116	130	11.27	19.54	AS-Trp_halogenase_c8,FMN_dh,PDH_N;PDH_C
BGC0000290	MG1980_M1827_M1969_M1973_M1974_M1976_M1977	193	-44.001	-40.112	ECH_1_c42,Lactamase_B
BGC0000290	MG389_M1921_M1922	411	5.228	21.923	AS-Trp_halogenase_c8,Aminotran_1_2,FMN_dh,PDH_N;PDH_C
BGC0000291	M0089	65	7.348	7.348	AS-Abhydrolase_6,Aldo_ket_red
BGC0000291	M0517	149	9.944	9.944	AP_endonuc_2,FGGY_N;FGGY_C
BGC0000291	M0873	126	7.836	7.836	Aldo_ket_red,Glyoxalase_6
BGC0000291	MG1887_M0366_M0416	424	-1.537	2.905	AS-PF00561,Aldo_ket_red
BGC0000291	MG1888_M0195_M0251	288	-9.164	7.056	AS-PF00561,Aldo_ket_red
BGC0000294	M2626	261	-0.865	23.407	AS-Condensation_c16;AS-Cy_tandem_c2,Lys_Orn_oxgnase_c9,Pyridoxal_deC
BGC0000294	MG835_M1313_M1329	584	8.476	8.476	AS-AMP-binding_c48,FAD_binding_9;SIP
BGC0000296	M0363	221	7.949	16.632	Abhydrolase_3,Aminotran_5,Trp_dioxygenase
BGC0000296	M0384	77	10.002	10.002	Abhydrolase_3,Trp_dioxygenase
BGC0000296	M0530	86	9.718	17.531	AS-LmbU_c0,Methyltransf_2,Trp_dioxygenase
BGC0000297	M0201	135	7.691	7.691	AS-MannoseP_isomer_c2,Aldo_ket_red
BGC0000300	MG746_M0744_M1700	111	10.305	14.9	AS-AMP-binding_c48,AS-Orn_monoox_c2,AS-SalSyn_c0
BGC0000303	M0098	170	7.497	7.497	Bac_luciferase,Methyltransf_2
BGC0000303	M0363	221	7.949	16.632	Abhydrolase_3,Aminotran_5,Trp_dioxygenase
BGC0000303	M0384	77	10.002	26.345	Abhydrolase_3,Amino_oxidase_c37,FAD_binding_4;Cytokin-bind,Trp_dioxygenase
BGC0000303	M0530	86	9.718	18.888	FAD_binding_4;Cytokin-bind,Methyltransf_2,Trp_dioxygenase
BGC0000303	M1057	188	7.04	7.04	Aldedh,Bac_luciferase
BGC0000303	M1335	256	7.006	7.006	Bac_luciferase,G_glu_transpept
BGC0000306	MG389_M1921_M1922	411	5.228	5.228	Aminotran_1_2,FMN_dh
BGC0000309	M1647	463	2.65	23.013	AS-EntA_c1,AS-EntC_c1,Isochorismatase_c21;AS-PP-binding_c40
BGC0000309	MG777_M1635_M1641_M1642_M1646_M1648	171	-1.959	5.362	AS-AMP-binding_c48,AS-EntA_c1,AS-EntC_c1,Isochorismatase_c21;AS-PP-binding_c40
BGC0000309	MG779_M1630_M1637_M1676	190	-2.735	21.684	AS-EntA_c1,AS-EntC_c1,Esterase,Isochorismatase_c21;AS-PP-binding_c40
BGC0000309	MG781_M2561_M2736	532	6.041	31.836	AS-AMP-binding_c48,AS-EntA_c1,AS-EntC_c1,Esterase,Isochorismatase_c21;AS-PP-binding_c40
BGC0000311	M0329	87	7.501	7.501	AS-p450_c29,Aminotran_1_2
BGC0000311	M1091	81	15.217	30.097	AS-DegT_DnrJ_EryC1_c15,AS-Glyco_transf_28_c10;AS-MGT_c8,AS-PIG-L_c2,AS-dTDP_sugar_isom_c2,Hexose_dehydrat
BGC0000311	M1272	330	7.271	7.271	AS-AMP-binding_c21,AS-Abhydrolase_6
BGC0000311	M2114	79	13.672	13.672	AS-Trp_halogenase_c8,PDH_N;PDH_C
BGC0000311	M2116	130	11.27	19.54	AS-Trp_halogenase_c8,FMN_dh,PDH_N;PDH_C
BGC0000311	MG389_M1921_M1922	411	5.228	21.923	AS-Trp_halogenase_c8,Aminotran_1_2,FMN_dh,PDH_N;PDH_C
BGC0000311	MG403_M1476_M1496_M2005	63	-41.918	-25.323	AS-AMP-binding_c38;AS-PP-binding_c43,AS-Abhydrolase_6,Aminotran_1_2
BGC0000315	M0343	128	1.822	10.99	AS-Abhydrolase_6,AS-fabH_c2,AS-ladderane_c23
BGC0000315	M0665	35	3.276	87.797	AS-APH_c10,AS-Acyl-CoA_dh_M_c31;AS-Acyl-CoA_dh_1_c42,AS-PP-binding_c39,Anth_synt_I_N;Chorismate_bind_c7,Glyoxalase_c24;Glyoxalase_c17,Methyltransf_25_c40,NAD_binding_5,PAF-AH_p_II,PDH_N;PDH_C,Phosphodiest,TauD_c20
BGC0000315	M0804	147	9.893	36.599	AS-PP-binding_c39,AS-fabH_c2,AS-ladderane_c23,FMN_dh,Glyoxalase_c24;Glyoxalase_c17,TauD_c20
BGC0000315	M1471	280	14.285	29.326	Anth_synt_I_N;Chorismate_bind_c7,GATase_c6,Glycos_trans_3N;Glycos_transf_3,IGPS
BGC0000315	M2116	130	11.27	21.254	FMN_dh,Glyoxalase_c24;Glyoxalase_c17,PDH_N;PDH_C
BGC0000315	MG1936_M0754_M1458	385	7.371	24.875	AP_endonuc_2,NAD_binding_5,Phosphodiest,UbiA
BGC0000315	MG389_M1921_M1922	411	5.228	15.17	Aminotran_1_2,FMN_dh,PDH_N;PDH_C
BGC0000315	MG403_M1476_M1496_M2005	63	-41.918	-34.122	AS-Abhydrolase_6,Aminotran_1_2
BGC0000316	M0474	242	8.202	8.202	Aminotran_1_2,OCD_Mu_crystall
BGC0000316	M1257	131	10.533	18.971	AS-Condensation_c21,OCD_Mu_crystall,OTCace_N;OTCace
BGC0000316	M1321	209	9.541	9.541	Aminotran_1_2,TauD_c9
BGC0000316	MG1162_M0489_M0995	227	2.859	11.941	OCD_Mu_crystall,PALP,TauD_c9
BGC0000316	MG1174_M0816_M0940	339	5.01	5.01	OCD_Mu_crystall,OTCace_N;OTCace,PALP
BGC0000316	MG1176_M0837_M0950_M0951_M0997_M1000_M1001	2290	8.092	12.994	OCD_Mu_crystall,OTCace_N;OTCace,PALP
BGC0000316	MG403_M1476_M1496_M2005	63	-41.918	-24.911	Aminotran_1_2,TauD_c9
BGC0000324	M2796	156	-0.481	37.693	AS-Condensation_c16;AS-AMP-binding_c40;Methyltransf_12_c47;AMP-binding_C_c34;AS-PP-binding_c19;Thioesterase_c6,GFO_IDH_MocA_c1;Methyltransf_12_c14,Methyltransf_12_c28,Thioesterase_c23
BGC0000324	MG766_M2575_M2797	256	15.275	45.642	AS-AMP-binding_c48,AS-SalSyn_c0,GFO_IDH_MocA_c1;Methyltransf_12_c14,Methyltransf_12_c28,Sacchrp_dh_NADP,Thioesterase_c23
BGC0000324	MG768_M2691_M2788	56	30.083	38.193	AS-Condensation_c16;AS-AMP-binding_c40;Methyltransf_12_c47;AMP-binding_C_c34;AS-PP-binding_c19;Thioesterase_c6,GFO_IDH_MocA_c1;Methyltransf_12_c14,Methyltransf_12_c28,Sacchrp_dh_NADP,Thioesterase_c23
BGC0000325	MG747_M1895_M2578_M2579	572	6.639	15.33	AS-Orn_monoox_c2,Esterase,Formyl_trans_N;Formyl_trans_C
BGC0000325	MG749_M2539_M2662	1042	11.385	11.385	AS-Orn_monoox_c2,Formyl_trans_N;Formyl_trans_C
BGC0000326	M0329	87	7.501	7.501	AS-p450_c29,Aminotran_1_2
BGC0000326	M2114	79	13.672	25.043	AS-Condensation_c40;AS-AMP-binding_c38;AS-PP-binding_c32;Thioesterase_c22,AS-Trp_halogenase_c8,PDH_N;PDH_C
BGC0000326	M2116	130	11.27	19.54	AS-Trp_halogenase_c8,FMN_dh,PDH_N;PDH_C
BGC0000326	MG389_M1921_M1922	411	5.228	21.923	AS-Trp_halogenase_c8,Aminotran_1_2,FMN_dh,PDH_N;PDH_C
BGC0000327	M0378	172	0.954	5.271	Aldedh,Amidohydro_2
BGC0000327	M0437	179	8.37	19.806	AS-DegT_DnrJ_EryC1_c15,Epimerase_c16,NTP_transferase,UDPG_MGDP_dh_N;UDPG_MGDP_dh;UDPG_MGDP_dh_C
BGC0000327	M0652	59	9.275	9.275	AS-DegT_DnrJ_EryC1_c15,Epimerase_c16
BGC0000327	MG306_M0894_M1259	132	6.856	6.856	NTP_transferase,UDPG_MGDP_dh_N;UDPG_MGDP_dh;UDPG_MGDP_dh_C
BGC0000328	M0523	97	11.052	11.052	AS-PP-binding_c23,Thioesterase_c35
BGC0000329	M0898	41	0.381	12.845	AS-Aminotran_3_c29,AS-Autoind_synth_c11
BGC0000330	M1049	204	19.569	20.651	AS-Orn_monoox_c6,AS-TBH_Asp_c0,Acetyltransf_8
BGC0000330	M1194	180	0.416	16.769	AS-Aminotran_3_c49,AS-TBH_Asp_c0,Acetyltransf_8
BGC0000330	MG592_M2297_M2325_M2338	150	-1.786	12.742	AS-Aminotran_3_c49,AS-TBH_Asp_c0
BGC0000333	M0539	146	7.309	7.309	His_Phos_1,NUDIX
BGC0000333	MG510_M0258_M0281	52	-26.516	-26.118	FAA_hydrolase,NUDIX
BGC0000333	MG994_M1983_M2521_M2525_M2526	1036	-2.706	17.388	AS-HMGL-like_c20;DmpG_comm,FAA_hydrolase,Semialdhyde_dh;AcetDehyd-dimer
BGC0000335	M0097	64	9.894	9.894	Beta-lactamase,TauD_c5
BGC0000337	M0470	98	5.362	5.362	AS-PF00561,AS-p450_c16
BGC0000337	MG1484_M0032_M2806_M2894	31	-93.284	-82.792	AS-PF00561,Aldo_ket_red,Aminotran_4,TPP_enzyme_N;TPP_enzyme_M;TPP_enzyme_C
BGC0000337	MG1887_M0366_M0416	424	-1.537	2.905	AS-PF00561,Aldo_ket_red
BGC0000337	MG1888_M0195_M0251	288	-9.164	7.056	AS-PF00561,Aldo_ket_red
BGC0000339	MG149_M2827_M2837_M2838	23	-25.855	-22.145	AS-AMP-binding_c38;AS-PP-binding_c9,AS-p450_c26
BGC0000341	M0174	101	8.066	8.066	SBP_bac_1,SpoIIE
BGC0000341	M0850	362	9.538	9.538	KR_c26,Thiolase_N;Thiolase_C
BGC0000341	M1093	154	6.096	6.096	AS-PF00561,SpoIIE
BGC0000341	M2114	79	13.672	13.672	AS-Trp_halogenase_c8,PDH_N;PDH_C
BGC0000341	MG389_M1921_M1922	411	5.228	14.955	AS-Trp_halogenase_c8,Aminotran_1_2,PDH_N;PDH_C
BGC0000341	MG866_M0519_M1942	73	-13.366	-3.056	AS-PF00561,Aminotran_1_2,PDH_N;PDH_C,URO-D
BGC0000343	MG797_M2791_M2868_M2869	756	-6.088	3.623	AS-EntC_c0,Isochorismatase_c21;AS-PP-binding_c7
BGC0000350	MG562_M2294_M2380	1678	0.005	11.774	Biotin_carb_N;CPSase_L_D2;Biotin_carb_C,Biotin_lipoyl
BGC0000354	M0109	61	7.519	7.519	AS-Abhydrolase_6,PALP
BGC0000354	M0247	460	6.231	6.231	AS-Abhydrolase_6,Sugar_tr
BGC0000354	M0515	260	6.786	6.786	PALP,Sugar_tr
BGC0000354	M0968	58	2.928	18.582	B12-binding_c2,Met_asp_mut_E,OCD_Mu_crystall,PALP
BGC0000354	MG1176_M0837_M0950_M0951_M0997_M1000_M1001	2290	8.092	8.092	OCD_Mu_crystall,PALP
BGC0000354	MG1200_M1237_M2686_M2732	609	2.048	12.859	B12-binding_c2,Met_asp_mut_E
BGC0000359	M1002	179	3.713	15.622	AS-AMP-binding_c48,AS-EntA_c6,AS-EntC_c5
BGC0000359	MG839_M1571_M2286	419	12.947	25.846	AS-AMP-binding_c48,AS-EntA_c6,AS-EntC_c5,AS-Orn_monoox_c2,Isochorismatase_c21
BGC0000359	MG840_M1570_M1573_M1574_M1576_M2008	796	8.263	32.645	AS-AMP-binding_c48,AS-EntA_c6,AS-EntC_c5,AS-Orn_monoox_c2,AS-PP-binding_c7,Isochorismatase_c21
BGC0000359	MG841_M1858_M1936	347	9.606	19.983	AS-EntA_c6,AS-EntC_c5,Isochorismatase_c21
BGC0000360	M0300	131	10.124	10.124	OCD_Mu_crystall,Thioesterase_c35
BGC0000360	MG1162_M0489_M0995	227	2.859	6.171	OCD_Mu_crystall,TauD_c9
BGC0000360	MG1336_M0511_M0964	411	6.665	8.531	AS-AMP-binding_c21,Thioesterase_c35
BGC0000362	M2570	65	5.077	25.533	AS-Glycos_transf_2_c14,AS-Glycos_transf_2_c7,Epimerase_c12,GDP_Man_Dehyd,Methyltransf_21
BGC0000368	M0854	80	6.579	6.579	Esterase,Sugar_tr
BGC0000368	M1002	179	3.713	15.622	AS-AMP-binding_c48,AS-EntA_c6,AS-EntC_c5
BGC0000368	M1218	388	1.535	1.535	AS-AMP-binding_c48,Sugar_tr
BGC0000368	MG840_M1570_M1573_M1574_M1576_M2008	796	8.263	40.23	AS-AMP-binding_c48,AS-EntA_c6,AS-EntC_c5,AS-PP-binding_c7,Esterase,Isochorismatase_c21,M20_dimer
BGC0000368	MG841_M1858_M1936	347	9.606	19.983	AS-EntA_c6,AS-EntC_c5,Isochorismatase_c21
BGC0000371	M0491	78	7.506	27.148	AS-EntA_c7,AS-EntC_c10,AS-PP-binding_c7,FAD_binding_9;SIP
BGC0000371	MG835_M1313_M1329	584	8.476	15.836	AS-AMP-binding_c48,FAD_binding_9;SIP,Isochorismatase_c21
BGC0000371	MG840_M1570_M1573_M1574_M1576_M2008	796	8.263	13.721	AS-AMP-binding_c48,AS-PP-binding_c7,FAD_binding_9;SIP,Isochorismatase_c21
BGC0000374	M1335	256	7.006	14.531	Bac_luciferase,G_glu_transpept,Glyoxalase_c39
BGC0000376	M0163	280	6.233	6.233	Flavin_Reduct,Sugar_tr
BGC0000376	M0247	460	6.231	6.231	AS-Abhydrolase_6,Sugar_tr
BGC0000376	M0301	49	8.346	8.346	AS-p450_c16,Thioesterase_c35
BGC0000376	M0714	132	7.375	7.375	AS-Abhydrolase_6,Flavin_Reduct
BGC0000376	M0732	272	7.738	7.738	Flavin_Reduct,Thioesterase_c35
BGC0000376	M0782	991	5.902	5.902	Aldedh,Sugar_tr
BGC0000376	M0987	305	7.531	14.538	AS-Trp_halogenase_c6,Aldedh,Flavin_Reduct
BGC0000376	MG1357_M1293_M1551_M1552	336	-9.109	-5.619	Aldedh,Flavin_Reduct,Sugar_tr,Thioesterase_c35
BGC0000378	M0300	131	10.124	10.124	OCD_Mu_crystall,Thioesterase_c35
BGC0000378	M0594	27	7.096	7.096	Flavin_Reduct,TauD_c5
BGC0000378	M0732	272	7.738	7.738	Flavin_Reduct,Thioesterase_c35
BGC0000378	M0971	280	10.077	17.002	AS-AMP-binding_c38,AS-PhyH_c4,Thioesterase_c35
BGC0000378	M1100	53	10.462	10.462	Penicil_amidase,TauD_c5
BGC0000378	MG403_M1476_M1496_M2005	63	-41.918	-24.71	AS-AMP-binding_c38,AS-AMP-binding_c38;AS-PP-binding_c43
BGC0000379	M0109	61	7.519	7.519	AS-Abhydrolase_6,PALP
BGC0000379	M0612	132	9.41	9.41	PALP,TauD_c5
BGC0000379	MG1176_M0837_M0950_M0951_M0997_M1000_M1001	2290	8.092	13.484	OCD_Mu_crystall,PALP,TauD_c5
BGC0000380	M1229	126	-1.572	12.208	HpcH_HpaI_c1,MaoC_dehydratas
BGC0000381	M2208	228	-6.764	15.944	Hydant_A_N;Hydantoinase_A;Hydant_A_C,Hydantoinase_B
BGC0000383	MG1850_M0505_M0626	1246	4.101	4.101	Bac_luciferase,Sugar_tr
BGC0000383	MG894_M2064_M2772_M2793	71	-12.631	-11.778	Aconitase,Aconitase_C
BGC0000388	M0867	66	9.696	9.696	Acyl_transf_3,Lipase_GDSL
BGC0000388	M0960	191	7.582	7.582	Beta-lactamase,Lipase_GDSL
BGC0000388	M1321	209	9.541	9.541	Aminotran_1_2,TauD_c9
BGC0000388	MG403_M1476_M1496_M2005	63	-41.918	-24.911	Aminotran_1_2,TauD_c9
BGC0000392	M0393	122	8.099	8.099	Bac_luciferase,FAD_binding_9;SIP
BGC0000392	M1002	179	3.713	13.165	AS-AMP-binding_c48,AS-EntA_c6,DAHP_synth_1
BGC0000392	MG835_M1313_M1329	584	8.476	8.476	AS-AMP-binding_c48,FAD_binding_9;SIP
BGC0000394	MG1160_M0913_M1927	47	6.305	11.887	AS-AMP-binding_c21,AS-fabH_c1,TauD_c9
BGC0000394	MG1336_M0511_M0964	411	6.665	6.665	AS-AMP-binding_c21,Thioesterase_c37
BGC0000394	MG1412_M0921_M2016_M2017	621	3.807	3.807	AS-AMP-binding_c21,E1_dh
BGC0000395	MG389_M1921_M1922	411	5.228	5.228	Aminotran_1_2,FMN_dh
BGC0000401	M0486	30	-9.811	7.093	AS-EntA_c1,Isochorismatase_c21;AS-PP-binding_c7
BGC0000401	M1647	463	2.65	15.246	AS-EntA_c1,AS-EntC_c1
BGC0000401	MG779_M1630_M1637_M1676	190	-2.735	21.688	AS-EntA_c1,AS-EntC_c1,Esterase,Isochorismatase_c21;AS-PP-binding_c7
BGC0000401	MG781_M2561_M2736	532	6.041	29.426	AS-AMP-binding_c48,AS-EntA_c1,AS-EntC_c1,Esterase,Isochorismatase_c21;AS-PP-binding_c7
BGC0000401	MG797_M2791_M2868_M2869	756	-6.088	-2.675	Esterase,Isochorismatase_c21;AS-PP-binding_c7
BGC0000404	MG1397_M1657_M1658_M1659_M2313	151	-3.723	0.736	AAT,DAO
BGC0000405	MG1397_M1657_M1658_M1659_M2313	151	-3.723	0.736	AAT,DAO
BGC0000407	M2595	340	-3.341	10.807	AS-Acyl-CoA_dh_N_c0;AS-Acyl-CoA_dh_M_c34;AS-Acyl-CoA_dh_1_c16,AS-Condensation_c37;AS-AMP-binding_c38;AS-PP-binding_c4,AS-Condensation_c40;AS-AMP-binding_c38;AS-PP-binding_c23
BGC0000407	MG510_M0258_M0281	52	-26.516	-18.111	AS-Polysacc_synt_c7,Aldose_epim
BGC0000407	MG558_M2415_M2634_M2635_M2678_M2679_M2728_M2729	204	-83.395	-76.972	AS-Condensation_c40;AS-AMP-binding_c38;AS-PP-binding_c23,AS-Polysacc_synt_c7,Aldose_epim,Biotin_carb_N;CPSase_L_D2;Biotin_carb_C,Peptidase_S13
BGC0000407	MG560_M2387_M2388_M2493_M2494_M2499_M2511_M2512_M2631_M2647_M2648	337	-10.648	16.49	AS-Acyl-CoA_dh_N_c0;AS-Acyl-CoA_dh_M_c34;AS-Acyl-CoA_dh_1_c16,AS-Condensation_c37;AS-AMP-binding_c38;AS-PP-binding_c4,AS-Condensation_c40;AS-AMP-binding_c38;AS-PP-binding_c23,AS-Polysacc_synt_c7,Aldose_epim,Biotin_carb_N;CPSase_L_D2;Biotin_carb_C,Peptidase_S13
BGC0000409	M0098	170	7.497	7.497	Bac_luciferase,Methyltransf_2
BGC0000409	M0363	221	7.949	7.949	Abhydrolase_3,Aminotran_5
BGC0000409	M1335	256	7.006	23.207	Bac_luciferase,G_glu_transpept,Glyoxalase_c39,PhzC-PhzF_c2
BGC0000409	MG1484_M0032_M2806_M2894	31	-93.284	-90.076	Bac_luciferase,FMN_red,NAD_binding_10
BGC0000413	M0138	178	7.072	7.072	AS-PF00561,DJ-1_PfpI
BGC0000413	M0165	154	7.044	7.044	Peptidase_M20,Sugar_tr
BGC0000413	M0166	163	5.232	5.232	AS-MannoseP_isomer_c2,FMN_red
BGC0000413	M0247	460	6.231	6.231	AS-Abhydrolase_6,Sugar_tr
BGC0000413	M0252	68	6.733	6.733	AS-MannoseP_isomer_c2,AS-PF00561
BGC0000413	M0276	113	8.073	8.073	Aminotran_1_2,Aminotran_5
BGC0000413	M0289	183	6.381	6.381	AS-Abhydrolase_6,DJ-1_PfpI
BGC0000413	M0296	192	6.02	6.02	FMN_red,Sugar_tr
BGC0000413	M0304	159	6.874	6.874	AS-Abhydrolase_6,FMN_red
BGC0000413	M0314	28	5.158	5.158	Aminotran_1_2,Sugar_tr
BGC0000413	M0354	59	8.68	8.68	DJ-1_PfpI,FMN_red
BGC0000413	M0371	234	6.714	6.714	DJ-1_PfpI,Sugar_tr
BGC0000413	M0383	227	7.058	7.058	FAD_binding_9;SIP,Sugar_tr
BGC0000413	M0393	122	8.099	8.099	Bac_luciferase,FAD_binding_9;SIP
BGC0000413	M0400	135	7.717	7.717	Bac_luciferase,Peptidase_M20
BGC0000413	M0467	60	4.252	4.252	Aldedh,Bac_luciferase,Sugar_tr
BGC0000413	M0599	418	5.307	5.307	AS-MannoseP_isomer_c2,Sugar_tr
BGC0000413	M0782	991	5.902	5.902	Aldedh,Sugar_tr
BGC0000413	M0860	144	8.533	8.533	Aminotran_5,DJ-1_PfpI
BGC0000413	M1057	188	7.04	7.04	Aldedh,Bac_luciferase
BGC0000413	M1483	122	6.774	6.774	Cytochrome_CBB3,GAF
BGC0000413	M1987	103	24.965	27.209	AS-PvdO_c0,AS-PvdP_c0,Aminotran_1_2,Peptidase_M19,Thioesterase_c20
BGC0000413	M2291	114	0.659	18.206	AS-Orn_monoox_c0,AS-PvdO_c0,Thioesterase_c20
BGC0000413	M2303	296	8.281	20.96	AS-Quinohemoprotein_rSAM_RRE_c0;AS-Fer4_12;AS-TIGR04085_c1,Aldedh,Cytochrome_CBB3,GAF
BGC0000413	M2341	441	-1.236	15.956	PepSY,Thioredoxin_2,Thioredoxin_8_c4
BGC0000413	MG1484_M0032_M2806_M2894	31	-93.284	-83.213	AS-PF00561,Bac_luciferase,Cytochrome_CBB3,FMN_red
BGC0000413	MG1787_M0501_M0502	474	6.14	6.14	AS-MannoseP_isomer_c2,Aldedh
BGC0000413	MG1850_M0505_M0626	1246	4.101	7.582	Bac_luciferase,FMN_red,Sugar_tr
BGC0000413	MG1887_M0366_M0416	424	-1.537	5.269	AS-PF00561,Sugar_tr
BGC0000413	MG1980_M1827_M1969_M1973_M1974_M1976_M1977	193	-44.001	-34.149	ABM_c5,AS-PF00561,Peptidase_M20
BGC0000413	MG403_M1476_M1496_M2005	63	-41.918	-34.122	AS-Abhydrolase_6,Aminotran_1_2
BGC0000413	MG516_M2227_M2317_M2320_M2344	175	13.921	22.031	AS-Aminotran_3_c49,DsbC;DsbD;Thioredoxin_c18,Thioesterase_c20,Thioredoxin_2,Thioredoxin_8_c4
BGC0000413	MG517_M2290_M2327_M2328_M2336_M2339_M2340_M2343	460	9.897	22.39	AS-Abhydrolase_6,AS-Aminotran_3_c49,DsbC;DsbD;Thioredoxin_c18,PepSY,Thioredoxin_2,Thioredoxin_8_c4
BGC0000413	MG588_M2355_M2368	81	60.332	111.777	APH_6_hur,AS-Condensation_c20;AS-AMP-binding_c38;AS-PP-binding_c47;Thioesterase_c44,AS-Orn_monoox_c0,AS-PF00561,AS-PvdO_c0,AS-PvdP_c0,AS-Quinohemoprotein_rSAM_RRE_c0;AS-Fer4_12;AS-TIGR04085_c1,Aldedh,Aminotran_5,Cytochrome_CBB3,DJ-1_PfpI,FAD_binding_9;SIP,HAD_2_c4,Hydrolase,Isochorismatase_c40,MgtC,Peptidase_M19,TREH_N;Glyco_hydro_15,Thioesterase_c20
BGC0000413	MG589_M2306_M2393	718	-4.028	53.064	AS-Orn_monoox_c0,AS-PvdO_c0,AS-PvdP_c0,Cytochrome_CBB3,Hydrolase,MgtC,Peptidase_M19,TREH_N;Glyco_hydro_15,Thioesterase_c20
BGC0000413	MG590_M2318_M2367_M2369_M2370_M2371_M2377	366	3.821	70.251	AS-Orn_monoox_c0,AS-PvdO_c0,AS-PvdP_c0,AS-Quinohemoprotein_rSAM_RRE_c0;AS-Fer4_12;AS-TIGR04085_c1,Aminotran_5,Cytochrome_CBB3,DJ-1_PfpI,Hydrolase,MgtC,Peptidase_M19,TREH_N;Glyco_hydro_15,Thioesterase_c20
BGC0000413	MG701_M1534_M2853_M2898	304	-12.64	-3.027	AS-Aminotran_3_c49,Sugar_tr
BGC0000414	MG1160_M0913_M1927	47	6.305	11.887	AS-AMP-binding_c21,AS-fabH_c1,TauD_c9
BGC0000414	MG1336_M0511_M0964	411	6.665	8.531	AS-AMP-binding_c21,Thioesterase_c35
BGC0000414	MG1412_M0921_M2016_M2017	621	3.807	3.807	AS-AMP-binding_c21,E1_dh
BGC0000415	M0301	49	8.346	8.346	AS-p450_c16,Thioesterase_c35
BGC0000418	M0652	59	9.275	9.275	AS-DegT_DnrJ_EryC1_c15,Epimerase_c16
BGC0000418	M1091	81	15.217	37.284	AS-DegT_DnrJ_EryC1_c15,AS-Glyco_transf_28_c10;AS-MGT_c8,AS-PIG-L_c2,AS-dTDP_sugar_isom_c2,Epimerase_c16,Hexose_dehydrat
BGC0000418	M2116	130	11.27	11.27	FMN_dh,PDH_N;PDH_C
BGC0000418	MG389_M1921_M1922	411	5.228	15.17	Aminotran_1_2,FMN_dh,PDH_N;PDH_C
BGC0000418	MG403_M1476_M1496_M2005	63	-41.918	-34.122	AS-Abhydrolase_6,Aminotran_1_2
BGC0000419	M0153	118	1.762	10.236	AS-p450_c16,AS-p450_c7
BGC0000419	M0329	87	7.501	7.501	AS-p450_c29,Aminotran_1_2
BGC0000419	M0652	59	9.275	9.275	AS-DegT_DnrJ_EryC1_c15,Epimerase_c16
BGC0000419	M1091	81	15.217	37.284	AS-DegT_DnrJ_EryC1_c15,AS-Glyco_transf_28_c10;AS-MGT_c8,AS-PIG-L_c2,AS-dTDP_sugar_isom_c2,Epimerase_c16,Hexose_dehydrat
BGC0000419	M2116	130	11.27	11.27	FMN_dh,PDH_N;PDH_C
BGC0000419	MG389_M1921_M1922	411	5.228	15.17	Aminotran_1_2,FMN_dh,PDH_N;PDH_C
BGC0000419	MG403_M1476_M1496_M2005	63	-41.918	-25.323	AS-AMP-binding_c38;AS-PP-binding_c43,AS-Abhydrolase_6,Aminotran_1_2
BGC0000422	M0200	215	4.644	4.644	Methyltransf_2,PfkB
BGC0000422	M0504	198	-4.454	33.006	AdoHcyase,MTHFR,PfkB,S-AdoMet_synt_N;S-AdoMet_synt_M;S-AdoMet_synt_C,S-methyl_trans;Pterin_bind;B12-binding_2;B12-binding_c7;Met_synt_B12
BGC0000422	M2607	612	0.224	14.635	AS-melC_c0,Tyrosinase_c5
BGC0000422	MG1539_M1124_M2550	203	1.096	3.528	AS-melC_c0,Tyrosinase_c5
BGC0000423	MG749_M2539_M2662	1042	11.385	11.385	AS-Orn_monoox_c2,Formyl_trans_N;Formyl_trans_C
BGC0000424	M1049	204	19.569	19.569	AS-Orn_monoox_c0,AS-TBH_Asp_c0,Acetyltransf_8
BGC0000424	M1194	180	0.416	6.915	AS-TBH_Asp_c0,Acetyltransf_8
BGC0000424	M1201	124	-2.166	10.906	AS-Orn_monoox_c0,Acetyltransf_8
BGC0000424	M2291	114	0.659	12.915	AS-Orn_monoox_c0,AS-TBH_Asp_c0
BGC0000424	MG589_M2306_M2393	718	-4.028	-2.46	AS-Orn_monoox_c0,Abhydrolase_3
BGC0000428	M0098	170	7.497	7.497	Bac_luciferase,Methyltransf_2
BGC0000428	M0363	221	7.949	16.632	Abhydrolase_3,Aminotran_5,Trp_dioxygenase
BGC0000428	M0384	77	10.002	27.569	Abhydrolase_3,FAD_binding_4;Cytokin-bind,PhzC-PhzF_c2,Trp_dioxygenase
BGC0000428	M0530	86	9.718	26.603	FAD_binding_4;Cytokin-bind,Methyltransf_2,PhzC-PhzF_c2,Trp_dioxygenase
BGC0000428	M0680	56	10.538	10.538	Methyltransf_13;Methyltransf_23;Methyltransf_14,NTP_transferase
BGC0000428	M1335	256	7.006	23.207	Bac_luciferase,G_glu_transpept,Glyoxalase_c39,PhzC-PhzF_c2
BGC0000429	M0301	49	8.346	8.346	AS-p450_c16,Thioesterase_c35
BGC0000429	M0611	63	15.32	16.65	B12-binding_c2,Flavin_Reduct,Met_asp_mut_E
BGC0000429	M0662	57	37.402	48.583	4HBT_2,AS-A-OX_c1,AS-PP-binding_c29,B12-binding_c2,DSBA,FabA_c17,Met_asp_mut_E
BGC0000429	M0714	132	7.375	7.375	AS-Abhydrolase_6,Flavin_Reduct
BGC0000429	M0732	272	7.738	7.738	Flavin_Reduct,Thioesterase_c35
BGC0000429	M1538	296	-2.272	23.11	AS-PP-binding_c29,AS-ladderane_c25,FabA_c17
BGC0000429	M1585	106	48.541	54.523	AS-APH_c44,AS-PP-binding_c29,AS-ladderane_c23,AS-t2fas_c13,DSBA,FabA_c17,FabA_c2,polyprenyl_synt_c22
BGC0000429	MG1126_M1540_M1548	90	40.129	53.886	AS-PKS_AT_c36,AS-PP-binding_c29,AS-ladderane_c23,AS-ladderane_c25,AS-t2clf_c21,AS-t2fas_c13,DSBA,FabA_c17,FabA_c2
BGC0000429	MG1127_M1539_M1553_M1584	345	12.868	64.279	4HBT_2,AS-APH_c44,AS-PP-binding_c29,AS-ladderane_c23,AS-ladderane_c25,AS-t2fas_c13,DSBA,FabA_c17,FabA_c2,polyprenyl_synt_c22
BGC0000429	MG1200_M1237_M2686_M2732	609	2.048	12.859	B12-binding_c2,Met_asp_mut_E
BGC0000429	MG1357_M1293_M1551_M1552	336	-9.109	-0.852	AS-PP-binding_c16,Carboxyl_trans,Flavin_Reduct,Thioesterase_c35
BGC0000431	M0325	78	7.147	7.147	Aldo_ket_red,PALP
BGC0000431	MG1176_M0837_M0950_M0951_M0997_M1000_M1001	2290	8.092	8.092	OCD_Mu_crystall,PALP
BGC0000432	M0106	72	8.543	8.543	AS-AMP-binding_c38,AS-Abhydrolase_6
BGC0000432	M0600	207	7.983	7.983	AS-AMP-binding_c38,Aminotran_1_2
BGC0000432	M1321	209	9.541	25.488	AS-APH_c48,AS-Carbam_trans_N_c0,Aminotran_1_2,TauD_c9
BGC0000432	M2863	86	10.036	10.036	AS-Carbam_trans_N_c0,Aminotran_1_2
BGC0000432	MG403_M1476_M1496_M2005	63	-41.918	98.846	AS-AMP-binding_c26,AS-AMP-binding_c38,AS-APH_c48,AS-ATP-grasp_3_c20;LAL_C2,AS-Abhydrolase_6,AS-Carbam_trans_N_c0,AS-Glycos_transf_2_c24,AS-PIG-L_c4,AS-PP-binding_c0;AS-Condensation_c31,Acetyltransf_1_c31,Aminotran_1_2,GFO_IDH_MocA_c20;GFO_IDH_MocA_C;AS-NAD_binding_4_c44,Peptidase_S15;PepX_C,TauD_c9
BGC0000434	MG403_M1476_M1496_M2005	63	-41.918	-29.468	AS-AMP-binding_c38;AS-PP-binding_c43,Aminotran_1_2
BGC0000434	MG757_M1438_M1452_M1836	671	1.671	2.598	AS-AMP-binding_c48,Thioesterase_c3
BGC0000437	M0898	41	0.381	10.456	AS-PhyH_c4,AS-SBH_Asp_c2
BGC0000437	M2901	29	18.844	26.526	AS-AMP-binding_c38;AS-PP-binding_c49,AS-Aminotran_3_c48,AS-Condensation_c16;AS-AMP-binding_c38;AS-PP-binding_c49;AMP-binding_C_c29,AS-PhyH_c4,AS-SBH_Asp_c2
BGC0000437	M2902	57	17.305	26.2	AS-AMP-binding_c38;AS-PP-binding_c49,AS-PhyH_c4,AS-SBH_Asp_c2
BGC0000439	M0347	57	6.333	6.333	Flavin_Reduct,Thioesterase_c37
BGC0000439	M0384	77	10.002	10.002	Abhydrolase_3,Trp_dioxygenase
BGC0000439	MG1314_M1251_M1842	399	11.441	11.441	3HCDH_N;3HCDH,AS-PP-binding_c23
BGC0000440	M0130	110	8.238	8.238	AS-MannoseP_isomer_c2,KR_c12
BGC0000440	M0142	45	9.347	9.347	FMN_dh,Thioesterase_c35
BGC0000440	M0206	150	8.073	12.534	Aminotran_1_2,FMN_dh,Thioesterase_c35
BGC0000440	MG389_M1921_M1922	411	5.228	11.981	AS-Trp_halogenase_c8,Aminotran_1_2,FMN_dh
BGC0000440	MG874_M0308_M0458	148	-0.536	2.459	Mur_ligase;Mur_ligase_M;Mur_ligase_C,RibD_C
BGC0000441	M0142	45	9.347	9.347	FMN_dh,Thioesterase_c35
BGC0000441	M0206	150	8.073	12.534	Aminotran_1_2,FMN_dh,Thioesterase_c35
BGC0000441	M2114	79	13.672	22.914	AS-Trp_halogenase_c8,DAHP_snth_FXD;DAHP_synth_1,PDH_N;PDH_C
BGC0000441	M2116	130	11.27	27.254	AS-Trp_halogenase_c8,DAHP_snth_FXD;DAHP_synth_1,FMN_dh,PDH_N;PDH_C
BGC0000441	MG190_M0591_M0606	63	1.814	1.814	FAD_binding_9;SIP,FMN_dh
BGC0000441	MG389_M1921_M1922	411	5.228	21.923	AS-Trp_halogenase_c8,Aminotran_1_2,FMN_dh,PDH_N;PDH_C
BGC0000441	MG874_M0308_M0458	148	-0.536	2.459	Mur_ligase;Mur_ligase_M;Mur_ligase_C,RibD_C
BGC0000443	M0898	41	0.381	8.931	AS-PhyH_c4,Asp_Arg_Hydrox
BGC0000445	M0206	150	8.073	8.073	Aminotran_1_2,Thioesterase_c35
BGC0000445	M0301	49	8.346	8.346	AS-p450_c16,Thioesterase_c35
BGC0000445	M0314	28	5.158	5.158	Aminotran_1_2,Sugar_tr
BGC0000445	M1218	388	1.535	1.535	AS-AMP-binding_c48,Sugar_tr
BGC0000448	M1024	425	7.571	7.571	Bac_luciferase,Flavin_Reduct
BGC0000448	M1335	256	7.006	23.207	Bac_luciferase,G_glu_transpept,Glyoxalase_c39,PhzC-PhzF_c2
BGC0000450	MG757_M1438_M1452_M1836	671	1.671	2.598	AS-AMP-binding_c48,Thioesterase_c3
BGC0000451	MG796_M2860_M2861_M2871_M2872	930	12.108	19.51	AS-AMP-binding_c48,AS-EntA_c5,AS-EntC_c0,Esterase
BGC0000451	MG797_M2791_M2868_M2869	756	-6.088	12.697	AS-EntA_c5,AS-EntC_c0,Esterase
BGC0000454	M1002	179	3.713	5.271	AS-AMP-binding_c48,DAHP_synth_1
BGC0000455	M0652	59	9.275	9.275	AS-DegT_DnrJ_EryC1_c15,Epimerase_c16
BGC0000455	M1091	81	15.217	37.284	AS-DegT_DnrJ_EryC1_c15,AS-Glyco_transf_28_c10;AS-MGT_c8,AS-PIG-L_c2,AS-dTDP_sugar_isom_c2,Epimerase_c16,Hexose_dehydrat
BGC0000455	M2114	79	13.672	13.672	AS-Trp_halogenase_c8,PDH_N;PDH_C
BGC0000455	M2116	130	11.27	19.54	AS-Trp_halogenase_c8,FMN_dh,PDH_N;PDH_C
BGC0000455	MG389_M1921_M1922	411	5.228	21.923	AS-Trp_halogenase_c8,Aminotran_1_2,FMN_dh,PDH_N;PDH_C
BGC0000455	MG403_M1476_M1496_M2005	63	-41.918	-25.323	AS-AMP-binding_c38;AS-PP-binding_c43,AS-Abhydrolase_6,Aminotran_1_2
BGC0000459	M0333	41	6.56	16.108	E1_dh,Thioesterase_c35,Transket_pyr;Transketolase_C
BGC0000459	M0465	184	8.162	8.162	Bac_luciferase,Thioesterase_c35
BGC0000459	M1218	388	1.535	1.535	AS-AMP-binding_c48,Sugar_tr
BGC0000459	M2010	36	11.463	23.318	Aminotran_4,Biotin_lipoyl;E3_binding;2-oxoacid_dh,E1_dh,Transket_pyr;Transketolase_C
BGC0000459	MG1410_M0344_M0429_M2012_M2015	1046	-3.047	18.786	Biotin_lipoyl;E3_binding;2-oxoacid_dh,E1_dh,Transket_pyr;Transketolase_C
BGC0000459	MG1412_M0921_M2016_M2017	621	3.807	11.038	E1_dh,Transket_pyr;Transketolase_C
BGC0000459	MG1484_M0032_M2806_M2894	31	-93.284	-84.565	Aminotran_4,Bac_luciferase,Biotin_lipoyl;E3_binding;2-oxoacid_dh
BGC0000459	MG1850_M0505_M0626	1246	4.101	4.101	Bac_luciferase,Sugar_tr
BGC0000460	M1002	179	3.713	5.271	AS-AMP-binding_c48,DAHP_synth_1
BGC0000460	MG757_M1438_M1452_M1836	671	1.671	3.684	AS-AMP-binding_c48,AS-IPL_c2
BGC0000460	MG835_M1313_M1329	584	8.476	8.476	AS-AMP-binding_c48,FAD_binding_9;SIP
BGC0000466	M0421	147	9.974	9.974	AS-AMP-binding_c21,CoA_transf_3
BGC0000466	M2090	246	12.839	12.839	Ald_Xan_dh_C;MoCoBD_1,FAD_binding_5;CO_deh_flav_C
BGC0000466	MG1174_M0816_M0940	339	5.01	5.268	AS-AMP-binding_c21,PALP
BGC0000466	MG1484_M0032_M2806_M2894	31	-93.284	-93.107	CoA_transf_3,FMN_red
BGC0000466	MG1695_M0822_M0868_M0886_M1041_M2096_M2097	1035	-2.539	18.455	Ald_Xan_dh_C;MoCoBD_1,FAD_binding_5;CO_deh_flav_C,Fer2;Fer2_2
BGC0000467	M1448	366	11.311	20.009	AS-tra_KS_c47;Acyl_transf_1_c21;Methyltransf_12_c7;AS-adh_short;AS-PP-binding_c24;AS-Condensation_c16;Methyltransf_25_c18;AS-PP-binding_c46;Thioesterase_c0,GFO_IDH_MocA_c1,Thioesterase_c3
BGC0000467	MG757_M1438_M1452_M1836	671	1.671	15.643	AS-AMP-binding_c48,GFO_IDH_MocA_c1,Thioesterase_c3
BGC0000495	M0183	303	0.178	4.149	F_bP_aldolase,SBP_bac_1
BGC0000518	M2817	171	14.085	19.966	AS-micKC_c0,AS-strepbact_c2,GAF_2;SpoIIE,Pro_Al_protease;Trypsin
BGC0000575	M0954	1108	-1.999	21.283	AS-Asn_synthase_c14,AS-PF13471_c2,AS-Stand_Alone_Lasso_RRE_c0
BGC0000578	M0954	1108	-1.999	11.897	AS-PF13471_c2,AS-Stand_Alone_Lasso_RRE_c0
BGC0000579	M0954	1108	-1.999	21.283	AS-Asn_synthase_c14,AS-PF13471_c2,AS-Stand_Alone_Lasso_RRE_c0
BGC0000604	M1784	56	25.165	43.879	AS-Lant_dehydr_C_c0,AS-Lant_dehydr_C_c2,AS-Lant_dehydr_N_c1,AS-TIGR03604_c0,AS-Thiopeptide_F_RRE_c0;AS-YcaO_c41,AS-thio_amide_c2
BGC0000605	M1788	65	27.477	39.8	AS-Lant_dehydr_C_c0,AS-Lant_dehydr_C_c2,AS-Lant_dehydr_N_c1,AS-PF00881_c32,AS-TIGR03604_c0
BGC0000609	M1193	49	7.159	7.159	3HCDH_N;3HCDH,AS-DegT_DnrJ_EryC1_c15
BGC0000609	M1784	56	25.165	76.079	AS-Heterocycloanthracin_C_RRE_c3,AS-Lant_dehydr_C_c0,AS-Lant_dehydr_C_c2,AS-Lant_dehydr_N_c3,AS-PF00881_c12;AS-PF00881_c11,AS-TIGR03604_c0,AS-thio_amide_c2,AS-thiostrepton_c0,BATS
BGC0000609	MG1318_M0707_M1134_M1253_M1254_M2037	648	2.128	18.349	3HCDH_N;3HCDH,AS-Methyltransf_3_c0,HAD_2_c20
BGC0000610	M1272	330	7.271	7.271	AS-AMP-binding_c21,AS-Abhydrolase_6
BGC0000610	M1784	56	25.165	66.182	AS-Heterocycloanthracin_C_RRE_c3,AS-Lant_dehydr_C_c0,AS-Lant_dehydr_N_c3,AS-PF00881_c12;AS-PF00881_c11,AS-TIGR03604_c0,AS-thio_amide_c2,AS-thiostrepton_c0,BATS
BGC0000611	M0172	130	8.463	8.463	AS-Abhydrolase_6,Hydrolase_4
BGC0000611	MG403_M1476_M1496_M2005	63	-41.918	-34.122	AS-Abhydrolase_6,Aminotran_1_2
BGC0000613	M1788	65	27.477	38.853	AS-Lant_dehydr_C_c0,AS-Lant_dehydr_C_c2,AS-Lant_dehydr_N_c1;AS-Lant_dehydr_N_c11,AS-PF00881_c32,AS-TIGR03604_c0
BGC0000614	M0172	130	8.463	8.463	AS-Abhydrolase_6,Hydrolase_4
BGC0000614	M1272	330	7.271	7.271	AS-AMP-binding_c21,AS-Abhydrolase_6
BGC0000614	MG403_M1476_M1496_M2005	63	-41.918	-34.122	AS-Abhydrolase_6,Aminotran_1_2
BGC0000630	M0956	321	-4.34	9.751	FA_desaturase,FA_hydroxylase
BGC0000632	MG275_M2115_M2856	92	2.231	20.826	Methyltransf_2,TauD_c21,UbiA,polyprenyl_synt_c11
BGC0000632	MG276_M2671_M2745_M2836	43	-20.984	-10.617	TauD_c21,polyprenyl_synt_c11
BGC0000633	MG1588_M1883_M2569_M2714	278	2.638	24.739	Amino_oxidase_c17,Amino_oxidase_c25,Rieske,SQS_PSY_c46,polyprenyl_synt_c15
BGC0000633	MG1590_M2030_M2031_M2032_M2233_M2504_M2627_M2637_M2755_M2773_M2774	1112	-25.995	43.124	AS-Lycopene_cycl_c9,Amino_oxidase_c17,Amino_oxidase_c25,Methyltransf_12_c23,Rieske,SQS_PSY_c46,polyprenyl_synt_c15
BGC0000634	M0956	321	-4.34	9.751	FA_desaturase,FA_hydroxylase
BGC0000635	M0956	321	-4.34	9.751	FA_desaturase,FA_hydroxylase
BGC0000643	M0956	321	-4.34	9.751	FA_desaturase,FA_hydroxylase
BGC0000645	M0134	24	-3.324	5.104	Acyltransferase,Amino_oxidase_c34
BGC0000648	MG1590_M2030_M2031_M2032_M2233_M2504_M2627_M2637_M2755_M2773_M2774	1112	-25.995	-8.504	Amino_oxidase_c17,B12-binding_2;B12-binding_c2
BGC0000649	MG1588_M1883_M2569_M2714	278	2.638	9.454	Amino_oxidase_c25,Rieske,SQS_PSY_c46
BGC0000649	MG1590_M2030_M2031_M2032_M2233_M2504_M2627_M2637_M2755_M2773_M2774	1112	-25.995	25.428	AS-Lycopene_cycl_c9,Amino_oxidase_c25,Methyltransf_12_c23,Rieske,SQS_PSY_c46
BGC0000650	M0956	321	-4.34	1.141	AS-phytoene_synt_c22,FA_desaturase
BGC0000650	M2896	113	10.958	18.614	AS-phytoene_synt_c22,Amino_oxidase_c20,Lycopene_cyc
BGC0000650	MG1668_M2908_M2914	590	6.86	9.379	AS-phytoene_synt_c22,Amino_oxidase_c20
BGC0000651	MG275_M2115_M2856	92	2.231	2.231	UbiA,polyprenyl_synt_c11
BGC0000652	M0144	100	1.604	2.758	AS-AMP-binding_c13,AS-MannoseP_isomer_c2,Sugar_tr
BGC0000652	M0295	198	5.836	28.629	AS-AMP-binding_c13,AS-DegT_DnrJ_EryC1_c1,AS-MannoseP_isomer_c2,Methyltransf_2,PTase_Orf2
BGC0000652	M0599	418	5.307	5.307	AS-MannoseP_isomer_c2,Sugar_tr
BGC0000653	M0244	55	6.567	22.167	AS-PhyH_c10,AS-p450_c39,AS-p450_c7,KR_c28
BGC0000653	M0300	131	10.124	10.124	OCD_Mu_crystall,Thioesterase_c35
BGC0000653	MG276_M2671_M2745_M2836	43	-20.984	-14.735	AS-Condensation_c32,TauD_c21
BGC0000654	M0331	128	8.912	8.912	AS-p450_c29,Beta-lactamase
BGC0000654	M0448	314	7.189	7.189	AS-AMP-binding_c21,AS-PF00561
BGC0000654	M0560	43	7.733	7.733	AS-MGT_c0,GDP_Man_Dehyd
BGC0000654	M0690	249	6.886	6.886	AS-PF00561,Beta-lactamase
BGC0000654	M1182	117	7.646	14.024	AS-dTDP_sugar_isom_c2,GDP_Man_Dehyd,NTP_transferase
BGC0000654	M2402	110	10.246	10.246	AS-DXP_synthase_N_c0;Transket_pyr;Transketolase_C,GcpE,polyprenyl_synt_c19
BGC0000654	MG1423_M1723_M1852	74	-6.585	0.404	AS-DegT_DnrJ_EryC1_c47,Hexose_dehydrat
BGC0000654	MG1484_M0032_M2806_M2894	31	-93.284	-76.382	AS-PF00561,AS-ksIII_c2,AS-p450_c26,AS-p450_c29,KR_c28
BGC0000654	MG1488_M0840_M1121	326	18.423	23.636	AS-MGT_c0,AS-dTDP_sugar_isom_c2,GDP_Man_Dehyd,Hexose_dehydrat
BGC0000654	MG1489_M1416_M1417	369	29.466	54.754	AS-DegT_DnrJ_EryC1_c47,AS-MGT_c0,AS-dTDP_sugar_isom_c2,AS-ksIII_c2,Epimerase_c16,GDP_Man_Dehyd,GFO_IDH_MocA_c21,Hexose_dehydrat,NTP_transferase
BGC0000654	MG1490_M0790_M1414	198	24.625	32.434	AS-DegT_DnrJ_EryC1_c47,AS-MGT_c0,AS-dTDP_sugar_isom_c2,GFO_IDH_MocA_c21,Hexose_dehydrat
BGC0000654	MG1980_M1827_M1969_M1973_M1974_M1976_M1977	193	-44.001	-41.713	AS-AMP-binding_c21,AS-PF00561,KR_c28
BGC0000654	MG275_M2115_M2856	92	2.231	6.061	AS-MGT_c0,TauD_c21,UbiA
BGC0000654	MG276_M2671_M2745_M2836	43	-20.984	-12.387	AS-MGT_c0,TauD_c21
BGC0000654	MG450_M0751_M2593_M2610	813	7.728	13.019	AS-MGT_c0,GDP_Man_Dehyd,NTP_transferase
BGC0000654	MG994_M1983_M2521_M2525_M2526	1036	-2.706	-2.706	AS-PF00561,FAA_hydrolase
BGC0000662	M0782	991	5.902	5.902	Aldedh,Sugar_tr
BGC0000663	M2402	110	10.246	10.246	AS-DXP_synthase_N_c0;Transket_pyr;Transketolase_C,GcpE,polyprenyl_synt_c19
BGC0000663	M2756	257	6.096	16.382	PNP_UDP_1,Radical_SAM_c40,SQHop_cyclase_N;SQHop_cyclase_C_c1,polyprenyl_synt_c19
BGC0000663	M2816	385	-1.696	6.352	SQS_PSY_c24,SQS_PSY_c38
BGC0000663	M2822	513	9.677	17.484	PNP_UDP_1,Radical_SAM_c40,SQHop_cyclase_N;SQHop_cyclase_C_c1
BGC0000663	MG1578_M2699_M2803	221	8.669	19.309	AS-DXP_synthase_N_c0;Transket_pyr;Transketolase_C,PNP_UDP_1,Radical_SAM_c40,SQHop_cyclase_N;SQHop_cyclase_C_c1
BGC0000663	MG1585_M2744_M2753_M2758_M2761_M2762_M2766_M2767_M2783_M2784_M2809_M2815	539	-3.832	48.596	AS-Aminotran_3_c43,AS-DXP_synthase_N_c0;Transket_pyr;Transketolase_C,AS-MannoseP_isomer_c2,Amino_oxidase_c25,GcpE,PNP_UDP_1,Radical_SAM_c40,SQHop_cyclase_N;SQHop_cyclase_C_c1,SQS_PSY_c24,SQS_PSY_c38,polyprenyl_synt_c19
BGC0000664	MG1588_M1883_M2569_M2714	278	2.638	9.454	Amino_oxidase_c25,Rieske,SQS_PSY_c46
BGC0000664	MG1590_M2030_M2031_M2032_M2233_M2504_M2627_M2637_M2755_M2773_M2774	1112	-25.995	25.428	AS-Lycopene_cycl_c9,Amino_oxidase_c25,Methyltransf_12_c23,Rieske,SQS_PSY_c46
BGC0000665	M2402	110	10.246	33.358	AS-DXP_synthase_N_c0;Transket_pyr;Transketolase_C,GcpE,LEH,LYTB,polyprenyl_synt_c19
BGC0000666	M2402	110	10.246	33.358	AS-DXP_synthase_N_c0;Transket_pyr;Transketolase_C,GcpE,LEH,LYTB,polyprenyl_synt_c19
BGC0000668	M1471	280	14.285	14.285	Glycos_trans_3N;Glycos_transf_3,IGPS
BGC0000668	MG1484_M0032_M2806_M2894	31	-93.284	-92.572	Glycos_trans_3N;Glycos_transf_3,Rieske
BGC0000668	MG928_M0849_M0851_M2436	458	2.038	5.797	GcpE,polyprenyl_synt_c16
BGC0000668	MG942_M0905_M0975_M2463	1559	-1.823	10.071	AS-DXP_synthase_N_c0;Transket_pyr;Transketolase_C,polyprenyl_synt_c16
BGC0000678	M0153	118	1.762	1.762	AS-p450_c7,Sugar_tr
BGC0000679	MG1069_M1051_M1791	411	7.936	11.877	AS-fabH_c3,HMG-CoA_red
BGC0000679	MG1071_M1270_M1743_M1789	672	-6.161	33.359	AS-fabH_c3,FMN_dh,GHMP_kinases_N;GHMP_kinases_C,GHMP_kinases_N;MDD_C,HMG-CoA_red
BGC0000679	MG830_M1441_M1444_M1450_M1451_M1455	446	3.872	12.848	Chorismate_bind_c1;GATase_c1,DAHP_synth_2_c8;DAHP_synth_2_c2,Isochorismatase_c21
BGC0000679	MG841_M1858_M1936	347	9.606	10.402	AS-EntA_c6,Isochorismatase_c21
BGC0000690	M0437	179	8.37	8.37	AS-DegT_DnrJ_EryC1_c15,NTP_transferase
BGC0000690	M1090	59	10.581	10.581	AS-DegT_DnrJ_EryC1_c15,GDP_Man_Dehyd
BGC0000690	M1182	117	7.646	14.024	AS-dTDP_sugar_isom_c2,GDP_Man_Dehyd,NTP_transferase
BGC0000690	M2592	60	17.717	17.717	AS-RmlD_sub_bind_c29,AS-dTDP_sugar_isom_c4,GDP_Man_Dehyd,NTP_transferase
BGC0000690	MG450_M0751_M2593_M2610	813	7.728	22.244	AS-RmlD_sub_bind_c29,AS-dTDP_sugar_isom_c4,GDP_Man_Dehyd,NTP_transferase
BGC0000690	MG475_M1088_M1089	204	4.345	4.345	AS-DegT_DnrJ_EryC1_c15,GDP_Man_Dehyd
BGC0000696	M2814	338	3.089	22.445	PTPS,QueC,QueF
BGC0000696	MG1649_M2840_M2857_M2858	655	0.394	9.907	PTPS,QueC
BGC0000698	M2570	65	5.077	12.491	Epimerase_c12,GDP_Man_Dehyd,Methyltransf_21
BGC0000699	M0652	59	9.275	63.083	AS-ADSI-DH_c1,AS-DOIS_c2,AS-DegT_DnrJ_EryC1_c15,AS-PhyH_c3,AS-SpcFG_c2,Epimerase_c16,GalP_UDP_transf
BGC0000700	M1614	145	7.742	7.742	Aminotran_1_2,CMD
BGC0000700	M1672	208	0.948	23.382	AS-melC_c1,Tyrosinase_c0,VKOR
BGC0000700	MG1484_M0032_M2806_M2894	31	-93.284	-90.942	EHN,PAP2
BGC0000702	M0652	59	9.275	9.275	AS-DegT_DnrJ_EryC1_c15,Epimerase_c16
BGC0000703	M0213	76	7.053	7.053	SpoIIE,Sugar_tr
BGC0000703	M0652	59	9.275	9.275	AS-DegT_DnrJ_EryC1_c15,Epimerase_c16
BGC0000704	M0213	76	7.053	7.053	SpoIIE,Sugar_tr
BGC0000705	M0213	76	7.053	7.053	SpoIIE,Sugar_tr
BGC0000706	MG947_M1227_M2462	87	13.675	44.896	3HCDH_N;3HCDH;F420_oxidored,CDP-OH_P_transf_c12,HpcH_HpaI_c0,MM_CoA_mutase;B12-binding_c9,MaoC_dehydratas,PS_Dcarbxylase
BGC0000712	M0288	102	7.438	7.438	KR_c25,Polyketide_cyc2
BGC0000715	M1090	59	10.581	10.581	AS-DegT_DnrJ_EryC1_c15,GDP_Man_Dehyd
BGC0000715	MG475_M1088_M1089	204	4.345	4.345	AS-DegT_DnrJ_EryC1_c15,GDP_Man_Dehyd
BGC0000716	M1090	59	10.581	10.581	AS-DegT_DnrJ_EryC1_c15,GDP_Man_Dehyd
BGC0000716	MG475_M1088_M1089	204	4.345	4.345	AS-DegT_DnrJ_EryC1_c15,GDP_Man_Dehyd
BGC0000721	M2863	86	10.036	10.036	AS-Carbam_trans_N_c0,Aminotran_1_2
BGC0000721	MG389_M1921_M1922	411	5.228	5.228	Aminotran_1_2,FMN_dh
BGC0000721	MG403_M1476_M1496_M2005	63	-41.918	-25.136	AS-Carbam_trans_N_c0,Aminotran_1_2
BGC0000724	M0437	179	8.37	8.37	AS-DegT_DnrJ_EryC1_c15,NTP_transferase
BGC0000724	M1090	59	10.581	10.581	AS-DegT_DnrJ_EryC1_c15,GDP_Man_Dehyd
BGC0000724	M1182	117	7.646	14.024	AS-dTDP_sugar_isom_c2,GDP_Man_Dehyd,NTP_transferase
BGC0000724	MG450_M0751_M2593_M2610	813	7.728	15.01	AS-RmlD_sub_bind_c29,GDP_Man_Dehyd,NTP_transferase
BGC0000724	MG475_M1088_M1089	204	4.345	4.345	AS-DegT_DnrJ_EryC1_c15,GDP_Man_Dehyd
BGC0000727	M0304	159	6.874	6.874	AS-Abhydrolase_6,FMN_red
BGC0000727	MG029_M0969_M0970	113	4.635	42.607	Indigoidine_A,Oxidored_FMN_c3,PRAI,Pribosyltran_N;Pribosyl_synth,Tautomerase,UPRTase
BGC0000727	MG1423_M1723_M1852	74	-6.585	0.404	AS-DegT_DnrJ_EryC1_c47,Hexose_dehydrat
BGC0000727	MG1484_M0032_M2806_M2894	31	-93.284	-88.459	Bac_luciferase,FMN_red,SnoaL_4
BGC0000727	MG450_M0751_M2593_M2610	813	7.728	7.728	GDP_Man_Dehyd,NTP_transferase
BGC0000728	M2374	45	7.923	7.923	AS-Bac_transf_c4,PS_pyruv_trans
BGC0000728	M2394	265	10.092	16.475	AS-Bac_transf_c4,AS-Poly_export_c2;SLBB,CbiA
BGC0000728	M2918	149	13.451	13.451	AS-Bac_transf_c4,AS-Wzy_C_c6
BGC0000728	MG291_M0945_M2904	50	1.501	4.886	AS-Bac_transf_c4,PS_pyruv_trans
BGC0000728	MG304_M2189_M2839	176	5.263	11.917	CbiA,LMWPc,PS_pyruv_trans
BGC0000728	MG345_M2530_M2911	312	4.812	7.926	AS-Bac_transf_c4,AS-Wzy_C_c6,CbiA
BGC0000728	MG350_M2411_M2910	326	4.25	4.625	AS-Bac_transf_c4,AS-Wzy_C_c6
BGC0000729	M2374	45	7.923	7.923	AS-Bac_transf_c4,PS_pyruv_trans
BGC0000729	M2394	265	10.092	16.475	AS-Bac_transf_c4,AS-Poly_export_c2;SLBB,CbiA
BGC0000729	M2918	149	13.451	13.451	AS-Bac_transf_c4,AS-Wzy_C_c6
BGC0000729	MG291_M0945_M2904	50	1.501	4.886	AS-Bac_transf_c4,PS_pyruv_trans
BGC0000729	MG304_M2189_M2839	176	5.263	11.917	CbiA,LMWPc,PS_pyruv_trans
BGC0000729	MG345_M2530_M2911	312	4.812	7.926	AS-Bac_transf_c4,AS-Wzy_C_c6,CbiA
BGC0000729	MG350_M2411_M2910	326	4.25	4.625	AS-Bac_transf_c4,AS-Wzy_C_c6
BGC0000730	M2918	149	13.451	13.451	AS-Bac_transf_c4,AS-Wzy_C_c6
BGC0000730	MG303_M1948_M1951_M1952	151	3.279	3.699	AS-Glycos_transf_2_c40,AS-Polysacc_synt_c3,PAP2
BGC0000730	MG345_M2530_M2911	312	4.812	4.812	AS-Bac_transf_c4,AS-Wzy_C_c6
BGC0000730	MG350_M2411_M2910	326	4.25	4.625	AS-Bac_transf_c4,AS-Wzy_C_c6
BGC0000731	M2918	149	13.451	13.451	AS-Bac_transf_c4,AS-Wzy_C_c6
BGC0000731	MG303_M1948_M1951_M1952	151	3.279	3.699	AS-Glycos_transf_2_c40,AS-Polysacc_synt_c3,PAP2
BGC0000731	MG345_M2530_M2911	312	4.812	4.812	AS-Bac_transf_c4,AS-Wzy_C_c6
BGC0000731	MG350_M2411_M2910	326	4.25	4.625	AS-Bac_transf_c4,AS-Wzy_C_c6
BGC0000732	M0678	47	6.467	22.63	AS-Bac_transf_c4,AS-Poly_export_c2;SLBB,Epimerase_c12,GDP_Man_Dehyd
BGC0000732	M2394	265	10.092	16.475	AS-Bac_transf_c4,AS-Poly_export_c2;SLBB,CbiA
BGC0000732	MG1980_M1827_M1969_M1973_M1974_M1976_M1977	193	-44.001	-41.166	NAD_binding_2;6PGD,NUDIX
BGC0000732	MG304_M2189_M2839	176	5.263	5.357	CbiA,LMWPc
BGC0000732	MG450_M0751_M2593_M2610	813	7.728	7.728	GDP_Man_Dehyd,NTP_transferase
BGC0000733	M0678	47	6.467	22.63	AS-Bac_transf_c4,AS-Poly_export_c2;SLBB,Epimerase_c12,GDP_Man_Dehyd
BGC0000733	M2394	265	10.092	16.475	AS-Bac_transf_c4,AS-Poly_export_c2;SLBB,CbiA
BGC0000733	MG1980_M1827_M1969_M1973_M1974_M1976_M1977	193	-44.001	-41.166	NAD_binding_2;6PGD,NUDIX
BGC0000733	MG304_M2189_M2839	176	5.263	5.357	CbiA,LMWPc
BGC0000733	MG450_M0751_M2593_M2610	813	7.728	7.728	GDP_Man_Dehyd,NTP_transferase
BGC0000734	MG429_M1838_M2136_M2936_M2937	233	3.044	3.279	AS-Capsule_synth_c2;AS-Capsule_synth_c4,AS-Poly_export_c2;SLBB
BGC0000734	MG439_M0584_M2933	320	2.579	13.369	AS-Capsule_synth_c1,AS-Capsule_synth_c2;AS-Capsule_synth_c4
BGC0000735	MG429_M1838_M2136_M2936_M2937	233	3.044	5.378	AS-Capsule_synth_c2;AS-Capsule_synth_c4,AS-Poly_export_c2
BGC0000735	MG439_M0584_M2933	320	2.579	13.369	AS-Capsule_synth_c1,AS-Capsule_synth_c2;AS-Capsule_synth_c4
BGC0000736	MG429_M1838_M2136_M2936_M2937	233	3.044	5.378	AS-Capsule_synth_c2;AS-Capsule_synth_c4,AS-Poly_export_c2
BGC0000736	MG439_M0584_M2933	320	2.579	13.369	AS-Capsule_synth_c1,AS-Capsule_synth_c2;AS-Capsule_synth_c4
BGC0000758	MG302_M1369_M2612	150	9.94	9.94	AS-Bac_transf_c8,UDPG_MGDP_dh_N;UDPG_MGDP_dh;UDPG_MGDP_dh_C
BGC0000758	MG304_M2189_M2839	176	5.263	14.73	AS-Bac_transf_c8,CbiA,UDPG_MGDP_dh_N;UDPG_MGDP_dh;UDPG_MGDP_dh_C
BGC0000759	M0678	47	6.467	6.467	AS-Bac_transf_c4,GDP_Man_Dehyd
BGC0000759	M2592	60	17.717	17.717	AS-RmlD_sub_bind_c29,AS-dTDP_sugar_isom_c4,GDP_Man_Dehyd,NTP_transferase
BGC0000759	MG450_M0751_M2593_M2610	813	7.728	22.244	AS-RmlD_sub_bind_c29,AS-dTDP_sugar_isom_c4,GDP_Man_Dehyd,NTP_transferase
BGC0000760	M2676	117	15.097	15.097	AS-Bac_transf_c8,AS-Polysacc_synt_c5,CbiA
BGC0000760	MG302_M1369_M2612	150	9.94	18.132	AS-Bac_transf_c8,Hepar_II_III,UDPG_MGDP_dh_N;UDPG_MGDP_dh;UDPG_MGDP_dh_C
BGC0000760	MG304_M2189_M2839	176	5.263	20.748	AS-Bac_transf_c8,CbiA,LMWPc,UDPG_MGDP_dh_N;UDPG_MGDP_dh;UDPG_MGDP_dh_C
BGC0000760	MG305_M1346_M2611	107	9.719	21.048	AS-Bac_transf_c8,CbiA,LMWPc,NTP_transferase,UDPG_MGDP_dh_N;UDPG_MGDP_dh;UDPG_MGDP_dh_C
BGC0000760	MG306_M0894_M1259	132	6.856	19.683	AS-Bac_transf_c8,LMWPc,NTP_transferase,UDPG_MGDP_dh_N;UDPG_MGDP_dh;UDPG_MGDP_dh_C
BGC0000761	M2918	149	13.451	13.451	AS-Bac_transf_c4,AS-Wzy_C_c6
BGC0000761	MG345_M2530_M2911	312	4.812	22.4	AS-Bac_transf_c4,AS-Poly_export_c6;SLBB,AS-Wzy_C_c6,Glyco_tran_WecG,Glyco_tranf_2_3
BGC0000761	MG350_M2411_M2910	326	4.25	12.028	AS-Bac_transf_c4,AS-Poly_export_c6;SLBB,AS-Wzy_C_c6
BGC0000763	M2374	45	7.923	7.923	AS-Bac_transf_c4,PS_pyruv_trans
BGC0000763	M2394	265	10.092	16.475	AS-Bac_transf_c4,AS-Poly_export_c2;SLBB,CbiA
BGC0000763	M2676	117	15.097	15.536	AS-Glycos_transf_2_c11,AS-Polysacc_synt_c5,CbiA
BGC0000763	MG291_M0945_M2904	50	1.501	14.092	AS-Bac_transf_c4,AS-Polysacc_synt_c5,PS_pyruv_trans
BGC0000763	MG304_M2189_M2839	176	5.263	11.917	CbiA,LMWPc,PS_pyruv_trans
BGC0000763	MG345_M2530_M2911	312	4.812	13.26	AS-Bac_transf_c4,AS-Polysacc_synt_c5,CbiA
BGC0000764	M2314	33	12.405	12.405	AS-Bac_transf_c8,PS_pyruv_trans
BGC0000764	MG304_M2189_M2839	176	5.263	15.366	AS-Bac_transf_c8,CbiA,PS_pyruv_trans
BGC0000765	M1096	154	8.398	8.398	Acyl_transf_3,CbiA
BGC0000765	MG304_M2189_M2839	176	5.263	8.806	AS-Bac_transf_c8,CbiA
BGC0000766	M0845	62	13.839	13.839	AS-Bac_transf_c8,GDP_Man_Dehyd,UDPG_MGDP_dh_N;UDPG_MGDP_dh;UDPG_MGDP_dh_C
BGC0000766	MG302_M1369_M2612	150	9.94	17.206	AS-Bac_transf_c8,AS-Wzy_C_c8,UDPG_MGDP_dh_N;UDPG_MGDP_dh;UDPG_MGDP_dh_C
BGC0000766	MG303_M1948_M1951_M1952	151	3.279	5.176	AS-Bac_transf_c8,AS-Wzy_C_c8,AS-dTDP_sugar_isom_c4
BGC0000766	MG304_M2189_M2839	176	5.263	14.73	AS-Bac_transf_c8,CbiA,UDPG_MGDP_dh_N;UDPG_MGDP_dh;UDPG_MGDP_dh_C
BGC0000766	MG305_M1346_M2611	107	9.719	9.719	AS-Bac_transf_c8,CbiA,NTP_transferase,UDPG_MGDP_dh_N;UDPG_MGDP_dh;UDPG_MGDP_dh_C
BGC0000766	MG306_M0894_M1259	132	6.856	13.865	AS-Bac_transf_c8,NTP_transferase,UDPG_MGDP_dh_N;UDPG_MGDP_dh;UDPG_MGDP_dh_C
BGC0000766	MG450_M0751_M2593_M2610	813	7.728	14.962	AS-dTDP_sugar_isom_c4,GDP_Man_Dehyd,NTP_transferase
BGC0000767	M1096	154	8.398	8.398	Acyl_transf_3,CbiA
BGC0000767	MG303_M1948_M1951_M1952	151	3.279	5.176	AS-Bac_transf_c8,AS-Wzy_C_c8,AS-dTDP_sugar_isom_c4
BGC0000767	MG304_M2189_M2839	176	5.263	8.806	AS-Bac_transf_c8,CbiA
BGC0000768	M0678	47	6.467	6.467	AS-Bac_transf_c4,GDP_Man_Dehyd
BGC0000768	M2592	60	17.717	17.717	AS-RmlD_sub_bind_c29,AS-dTDP_sugar_isom_c4,GDP_Man_Dehyd,NTP_transferase
BGC0000768	MG450_M0751_M2593_M2610	813	7.728	22.244	AS-RmlD_sub_bind_c29,AS-dTDP_sugar_isom_c4,GDP_Man_Dehyd,NTP_transferase
BGC0000770	MG417_M2244_M2277	354	-0.968	13.985	CTP_transf_3,NeuB
BGC0000772	M1090	59	10.581	10.581	AS-DegT_DnrJ_EryC1_c15,GDP_Man_Dehyd
BGC0000772	MG475_M1088_M1089	204	4.345	4.345	AS-DegT_DnrJ_EryC1_c15,GDP_Man_Dehyd
BGC0000773	MG450_M0751_M2593_M2610	813	7.728	14.962	AS-dTDP_sugar_isom_c4,GDP_Man_Dehyd,NTP_transferase
BGC0000774	M0437	179	8.37	8.37	AS-DegT_DnrJ_EryC1_c15,NTP_transferase
BGC0000774	M1090	59	10.581	10.581	AS-DegT_DnrJ_EryC1_c15,GDP_Man_Dehyd
BGC0000774	M2592	60	17.717	17.717	AS-RmlD_sub_bind_c29,AS-dTDP_sugar_isom_c4,GDP_Man_Dehyd,NTP_transferase
BGC0000774	MG450_M0751_M2593_M2610	813	7.728	22.244	AS-RmlD_sub_bind_c29,AS-dTDP_sugar_isom_c4,GDP_Man_Dehyd,NTP_transferase
BGC0000774	MG475_M1088_M1089	204	4.345	4.345	AS-DegT_DnrJ_EryC1_c15,GDP_Man_Dehyd
BGC0000775	M2592	60	17.717	17.717	AS-RmlD_sub_bind_c29,AS-dTDP_sugar_isom_c4,GDP_Man_Dehyd,NTP_transferase
BGC0000775	MG417_M2244_M2277	354	-0.968	18.924	CTP_transf_3,NTP_transferase,NeuB
BGC0000775	MG450_M0751_M2593_M2610	813	7.728	22.244	AS-RmlD_sub_bind_c29,AS-dTDP_sugar_isom_c4,GDP_Man_Dehyd,NTP_transferase
BGC0000780	M0678	47	6.467	23.369	AS-Bac_transf_c4,Epimerase_c12,GDP_Man_Dehyd,NTP_transferase;AS-MannoseP_isomer_c0
BGC0000780	M0845	62	13.839	23.873	AS-Polysacc_synt_c3,Epimerase_c12,GDP_Man_Dehyd,UDPG_MGDP_dh_N;UDPG_MGDP_dh;UDPG_MGDP_dh_C
BGC0000780	M2430	155	11.344	11.344	AS-Bac_transf_c4,UDPG_MGDP_dh_N;UDPG_MGDP_dh;UDPG_MGDP_dh_C
BGC0000780	MG306_M0894_M1259	132	6.856	6.856	NTP_transferase,UDPG_MGDP_dh_N;UDPG_MGDP_dh;UDPG_MGDP_dh_C
BGC0000780	MG450_M0751_M2593_M2610	813	7.728	7.728	GDP_Man_Dehyd,NTP_transferase
BGC0000782	M0134	24	-3.324	-1.239	AS-Glycos_transf_2_c14,Acyltransferase
BGC0000782	M2592	60	17.717	17.717	AS-RmlD_sub_bind_c29,AS-dTDP_sugar_isom_c4,GDP_Man_Dehyd,NTP_transferase
BGC0000782	MG450_M0751_M2593_M2610	813	7.728	22.244	AS-RmlD_sub_bind_c29,AS-dTDP_sugar_isom_c4,GDP_Man_Dehyd,NTP_transferase
BGC0000785	M2592	60	17.717	17.717	AS-RmlD_sub_bind_c29,AS-dTDP_sugar_isom_c4,GDP_Man_Dehyd,NTP_transferase
BGC0000785	MG450_M0751_M2593_M2610	813	7.728	22.244	AS-RmlD_sub_bind_c29,AS-dTDP_sugar_isom_c4,GDP_Man_Dehyd,NTP_transferase
BGC0000787	MG450_M0751_M2593_M2610	813	7.728	7.728	GDP_Man_Dehyd,NTP_transferase
BGC0000788	MG1980_M1827_M1969_M1973_M1974_M1976_M1977	193	-44.001	-41.166	NAD_binding_2;6PGD,NUDIX
BGC0000788	MG450_M0751_M2593_M2610	813	7.728	7.728	GDP_Man_Dehyd,NTP_transferase
BGC0000789	MG417_M2244_M2277	354	-0.968	13.985	CTP_transf_3,NeuB
BGC0000790	M0437	179	8.37	17.495	AS-DegT_DnrJ_EryC1_c15,FdtA,NTP_transferase
BGC0000790	M1090	59	10.581	10.581	AS-DegT_DnrJ_EryC1_c15,GDP_Man_Dehyd
BGC0000790	MG450_M0751_M2593_M2610	813	7.728	7.728	GDP_Man_Dehyd,NTP_transferase
BGC0000790	MG475_M1088_M1089	204	4.345	4.345	AS-DegT_DnrJ_EryC1_c15,GDP_Man_Dehyd
BGC0000791	MG450_M0751_M2593_M2610	813	7.728	7.728	GDP_Man_Dehyd,NTP_transferase
BGC0000792	M0848	88	9.632	9.632	Methyltransf_23,NTP_transferase
BGC0000792	M2592	60	17.717	17.717	AS-RmlD_sub_bind_c29,AS-dTDP_sugar_isom_c4,GDP_Man_Dehyd,NTP_transferase
BGC0000792	MG450_M0751_M2593_M2610	813	7.728	22.244	AS-RmlD_sub_bind_c29,AS-dTDP_sugar_isom_c4,GDP_Man_Dehyd,NTP_transferase
BGC0000794	M0678	47	6.467	6.467	AS-Bac_transf_c4,GDP_Man_Dehyd
BGC0000794	MG291_M0945_M2904	50	1.501	4.064	AS-Bac_transf_c4,AS-Wzy_C_c0
BGC0000794	MG450_M0751_M2593_M2610	813	7.728	14.962	AS-dTDP_sugar_isom_c4,GDP_Man_Dehyd,NTP_transferase
BGC0000795	MG450_M0751_M2593_M2610	813	7.728	7.728	GDP_Man_Dehyd,NTP_transferase
BGC0000796	M0678	47	6.467	6.467	AS-Bac_transf_c4,GDP_Man_Dehyd
BGC0000796	M2592	60	17.717	17.717	AS-RmlD_sub_bind_c29,AS-dTDP_sugar_isom_c4,GDP_Man_Dehyd,NTP_transferase
BGC0000796	M2918	149	13.451	13.451	AS-Bac_transf_c4,AS-Wzy_C_c6
BGC0000796	MG345_M2530_M2911	312	4.812	4.812	AS-Bac_transf_c4,AS-Wzy_C_c6
BGC0000796	MG350_M2411_M2910	326	4.25	4.625	AS-Bac_transf_c4,AS-Wzy_C_c6
BGC0000796	MG450_M0751_M2593_M2610	813	7.728	22.244	AS-RmlD_sub_bind_c29,AS-dTDP_sugar_isom_c4,GDP_Man_Dehyd,NTP_transferase
BGC0000797	M0678	47	6.467	6.467	AS-Bac_transf_c4,GDP_Man_Dehyd
BGC0000797	M2592	60	17.717	24.604	AS-Glycos_transf_2_c24,AS-RmlD_sub_bind_c29,AS-dTDP_sugar_isom_c4,GDP_Man_Dehyd,NTP_transferase
BGC0000797	MG450_M0751_M2593_M2610	813	7.728	22.244	AS-RmlD_sub_bind_c29,AS-dTDP_sugar_isom_c4,GDP_Man_Dehyd,NTP_transferase
BGC0000799	M0678	47	6.467	30.332	AS-Bac_transf_c4,AS-Poly_export_c2;SLBB,Epimerase_c12,GDP_Man_Dehyd,NTP_transferase;AS-MannoseP_isomer_c0
BGC0000799	M2374	45	7.923	7.923	AS-Bac_transf_c4,PS_pyruv_trans
BGC0000799	M2394	265	10.092	16.475	AS-Bac_transf_c4,AS-Poly_export_c2;SLBB,CbiA
BGC0000799	MG291_M0945_M2904	50	1.501	14.092	AS-Bac_transf_c4,AS-Polysacc_synt_c5,PS_pyruv_trans
BGC0000799	MG304_M2189_M2839	176	5.263	11.917	CbiA,LMWPc,PS_pyruv_trans
BGC0000799	MG345_M2530_M2911	312	4.812	13.26	AS-Bac_transf_c4,AS-Polysacc_synt_c5,CbiA
BGC0000799	MG450_M0751_M2593_M2610	813	7.728	7.728	GDP_Man_Dehyd,NTP_transferase
BGC0000799	MG510_M0258_M0281	52	-26.516	-21.992	AS-Glycos_transf_2_c48,NUDIX
BGC0000800	M1590	51	5.285	15.693	AS-Polysacc_synt_c5,Acyl_transf_3,Glyco_tran_WecG
BGC0000800	M2374	45	7.923	7.923	AS-Bac_transf_c4,PS_pyruv_trans
BGC0000800	MG291_M0945_M2904	50	1.501	14.092	AS-Bac_transf_c4,AS-Polysacc_synt_c5,PS_pyruv_trans
BGC0000800	MG321_M2993_M3000	346	4.026	14.011	AS-Polysacc_synt_c5,Glyco_tran_WecG
BGC0000800	MG345_M2530_M2911	312	4.812	23.416	AS-Bac_transf_c4,AS-Poly_export_c6;SLBB,AS-Polysacc_synt_c5,Glyco_tran_WecG
BGC0000801	M0848	88	9.632	9.632	Methyltransf_23,NTP_transferase
BGC0000801	M2592	60	17.717	17.717	AS-RmlD_sub_bind_c29,AS-dTDP_sugar_isom_c4,GDP_Man_Dehyd,NTP_transferase
BGC0000801	MG303_M1948_M1951_M1952	151	3.279	3.279	AS-dTDP_sugar_isom_c4,PS_pyruv_trans
BGC0000801	MG450_M0751_M2593_M2610	813	7.728	22.244	AS-RmlD_sub_bind_c29,AS-dTDP_sugar_isom_c4,GDP_Man_Dehyd,NTP_transferase
BGC0000803	MG304_M2189_M2839	176	5.263	8.806	AS-Bac_transf_c8,CbiA
BGC0000804	M0114	78	7.825	7.825	AS-MannoseP_isomer_c2,Beta-lactamase
BGC0000804	M0200	215	4.644	7.436	AS-MannoseP_isomer_c2,PfkB
BGC0000804	M0377	118	6.266	6.266	NTP_transferase,PfkB
BGC0000804	MG450_M0751_M2593_M2610	813	7.728	7.728	GDP_Man_Dehyd,NTP_transferase
BGC0000806	MG645_M2636_M2656_M2666_M2673_M2674_M2677_M2681_M2689_M2693_M2694_M2712_M2713	871	-16.591	-8.539	AS-ubiA,PAP2
BGC0000807	M2816	385	-1.696	7.889	AS-DHQ_synthase_c1,CDP-OH_P_transf_c0
BGC0000809	M0437	179	8.37	14.766	AS-DegT_DnrJ_EryC1_c15,NTP_transferase,UDPG_MGDP_dh_N;UDPG_MGDP_dh;UDPG_MGDP_dh_C
BGC0000809	MG306_M0894_M1259	132	6.856	6.856	NTP_transferase,UDPG_MGDP_dh_N;UDPG_MGDP_dh;UDPG_MGDP_dh_C
BGC0000813	MG450_M0751_M2593_M2610	813	7.728	15.01	AS-RmlD_sub_bind_c29,GDP_Man_Dehyd,NTP_transferase
BGC0000814	M0123	133	3.209	3.209	Amidase,Sugar_tr
BGC0000814	M0153	118	1.762	11.263	AS-p450_c16,AS-p450_c7,Sugar_tr
BGC0000814	M0515	260	6.786	6.786	PALP,Sugar_tr
BGC0000819	MG1980_M1827_M1969_M1973_M1974_M1976_M1977	193	-44.001	-40.156	F420_oxidored;P5CR_dimer,KR_c28
BGC0000825	M0437	179	8.37	13.41	AS-DegT_DnrJ_EryC1_c15,Epimerase_c16,NTP_transferase
BGC0000825	M0652	59	9.275	9.275	AS-DegT_DnrJ_EryC1_c15,Epimerase_c16
BGC0000825	M1091	81	15.217	53.514	AS-DegT_DnrJ_EryC1_c15,AS-MGT_c12;AS-MGT_c6,AS-dTDP_sugar_isom_c2,AS-indsynth_c0,Epimerase_c16,FAD_binding_3_c19,Hexose_dehydrat,Methyltransf_11_c47
BGC0000826	M0437	179	8.37	13.41	AS-DegT_DnrJ_EryC1_c15,Epimerase_c16,NTP_transferase
BGC0000826	M0652	59	9.275	9.275	AS-DegT_DnrJ_EryC1_c15,Epimerase_c16
BGC0000826	M1090	59	10.581	10.581	AS-DegT_DnrJ_EryC1_c15,GDP_Man_Dehyd
BGC0000826	M1091	81	15.217	38.248	AS-DegT_DnrJ_EryC1_c15,AS-MGT_c12;AS-MGT_c6,AS-dTDP_sugar_isom_c2,Epimerase_c16,Hexose_dehydrat,Methyltransf_11_c47
BGC0000826	M1182	117	7.646	14.024	AS-dTDP_sugar_isom_c2,GDP_Man_Dehyd,NTP_transferase
BGC0000826	MG450_M0751_M2593_M2610	813	7.728	7.728	GDP_Man_Dehyd,NTP_transferase
BGC0000826	MG475_M1088_M1089	204	4.345	4.345	AS-DegT_DnrJ_EryC1_c15,GDP_Man_Dehyd
BGC0000827	M0437	179	8.37	13.41	AS-DegT_DnrJ_EryC1_c15,Epimerase_c16,NTP_transferase
BGC0000827	M0652	59	9.275	9.275	AS-DegT_DnrJ_EryC1_c15,Epimerase_c16
BGC0000827	M1090	59	10.581	10.581	AS-DegT_DnrJ_EryC1_c15,GDP_Man_Dehyd
BGC0000827	M1091	81	15.217	53.514	AS-DegT_DnrJ_EryC1_c15,AS-MGT_c12;AS-MGT_c6,AS-dTDP_sugar_isom_c2,AS-indsynth_c0,Epimerase_c16,FAD_binding_3_c19,Hexose_dehydrat,Methyltransf_11_c47
BGC0000827	M1182	117	7.646	14.024	AS-dTDP_sugar_isom_c2,GDP_Man_Dehyd,NTP_transferase
BGC0000827	MG450_M0751_M2593_M2610	813	7.728	7.728	GDP_Man_Dehyd,NTP_transferase
BGC0000827	MG475_M1088_M1089	204	4.345	4.345	AS-DegT_DnrJ_EryC1_c15,GDP_Man_Dehyd
BGC0000832	M0448	314	7.189	7.189	AS-AMP-binding_c21,AS-PF00561
BGC0000832	M0560	43	7.733	7.733	AS-MGT_c0,GDP_Man_Dehyd
BGC0000832	M1182	117	7.646	7.646	AS-dTDP_sugar_isom_c2,GDP_Man_Dehyd
BGC0000832	MG276_M2671_M2745_M2836	43	-20.984	-16.29	AS-AMP-binding_c20,AS-MGT_c0
BGC0000833	M0448	314	7.189	7.189	AS-AMP-binding_c21,AS-PF00561
BGC0000833	M0560	43	7.733	7.733	AS-MGT_c0,GDP_Man_Dehyd
BGC0000833	M1182	117	7.646	7.646	AS-dTDP_sugar_isom_c2,GDP_Man_Dehyd
BGC0000833	MG1071_M1270_M1743_M1789	672	-6.161	-0.371	FMN_dh,GHMP_kinases_N;GHMP_kinases_C
BGC0000833	MG1887_M0366_M0416	424	-1.537	5.269	AS-PF00561,Sugar_tr
BGC0000833	MG276_M2671_M2745_M2836	43	-20.984	-16.29	AS-AMP-binding_c20,AS-MGT_c0
BGC0000834	M0560	43	7.733	7.733	AS-MGT_c0,GDP_Man_Dehyd
BGC0000834	M1182	117	7.646	7.646	AS-dTDP_sugar_isom_c2,GDP_Man_Dehyd
BGC0000834	MG276_M2671_M2745_M2836	43	-20.984	-16.29	AS-AMP-binding_c20,AS-MGT_c0
BGC0000836	MG253_M1769_M1783	457	3.315	25.63	AS-APE_KS2_c9,AS-ladderane_c43,FabA_c19,FabA_c2
BGC0000836	MG254_M1780_M1782_M1786	309	27.608	50.801	4HBT_c45,AS-APE_KS2_c9,AS-PP-binding_c13,AS-PP-binding_c35,AS-ladderane_c43,Acyltransferase,FabA_c19,FabA_c2,KR_c38,Ketoacyl-synt_2,Methyltransf_2
BGC0000836	MG255_M1706_M1732_M1778_M1781_M1785	676	23.239	63.056	4HBT_c45,AS-APE_KS2_c9,AS-PP-binding_c13,AS-PP-binding_c35,AS-ladderane_c43,Acyltransferase,FabA_c19,FabA_c2,KR_c38,Ketoacyl-synt_2,Methyltransf_2
BGC0000836	MG261_M1714_M1793	954	9.369	20.872	4HBT_c45,AS-PP-binding_c35,Acyltransferase,KR_c38,Ketoacyl-synt_2
BGC0000837	MG257_M1739_M1805	132	35.578	35.655	4HBT_c45,AS-PP-binding_c35,Acyltransferase,FAD_binding_3_c17,FabA_c5,KR_c38,Ketoacyl-synt_2,Lyase_aromatic
BGC0000837	MG259_M1741_M1742_M1758_M1759_M1804	408	8.687	66.913	4HBT_c45,AS-PP-binding_c31,AS-PP-binding_c35,AS-ladderane_c38,Acyltransferase,FAD_binding_3_c17,FabA_c12,FabA_c5,KR_c38,Ketoacyl-synt_2,Lyase_aromatic,Methyltransf_2
BGC0000837	MG261_M1714_M1793	954	9.369	20.872	4HBT_c45,AS-PP-binding_c35,Acyltransferase,KR_c38,Ketoacyl-synt_2
BGC0000837	MG262_M1744_M1800_M1803_M1818_M1821_M1822_M1823	811	22.13	28.956	4HBT_c45,AS-PP-binding_c35,Acyltransferase,FAD_binding_3_c17,KR_c38,Ketoacyl-synt_2,Lyase_aromatic
BGC0000838	MG248_M1673_M1684_M1694	471	19.507	64.598	4HBT_c27,AAT,AS-APE_KS1_c43,AS-Trp_halogenase_c10,Amino_oxidase_c28,FabA_c14,KR_c15,Lip_A_acyltrans,Lyase_aromatic,Polysacc_deac_1
BGC0000838	MG249_M1687_M1689_M1691_M1693_M1695_M1698_M1699_M1701_M1702	421	28.184	104.005	4HBT_c27,AAT,AS-APE_KS1_c43,AS-APE_KS2_c25,AS-DarB_c0,AS-PP-binding_c30,AS-PP-binding_c34,AS-Trp_halogenase_c10,Acyltransferase,Amino_oxidase_c28,BtrH_N,FabA_c13,FabA_c14,KR_c15,Lip_A_acyltrans,Lyase_aromatic,Polysacc_deac_1
BGC0000838	MG510_M0258_M0281	52	-26.516	21.848	AS-AMP-binding_c17,AS-APE_KS2_c25,AS-Glycos_transf_2_c48,AS-PP-binding_c30,AS-PP-binding_c34,AS-ladderane_c1
BGC0000840	M1669	234	7.075	12.491	AS-PP-binding_c34,FabA_c2,FabA_c5
BGC0000842	M0213	76	7.053	7.053	SpoIIE,Sugar_tr
BGC0000843	M0089	65	7.348	7.348	AS-Abhydrolase_6,Aldo_ket_red
BGC0000843	M0714	132	7.375	7.375	AS-Abhydrolase_6,Flavin_Reduct
BGC0000843	M1024	425	7.571	7.571	Bac_luciferase,Flavin_Reduct
BGC0000843	M1068	405	6.422	6.422	Aldo_ket_red,Bac_luciferase
BGC0000843	MG1484_M0032_M2806_M2894	31	-93.284	-91.876	AS-PF00561,Aldo_ket_red,Bac_luciferase
BGC0000843	MG1887_M0366_M0416	424	-1.537	2.905	AS-PF00561,Aldo_ket_red
BGC0000843	MG1888_M0195_M0251	288	-9.164	7.056	AS-PF00561,Aldo_ket_red
BGC0000845	M0380	75	9.381	28.307	AS-BLS_c0,AS-CAS_c1,KR_c25,TPP_enzyme_N;TPP_enzyme_M;TPP_enzyme_C
BGC0000847	M0642	141	7.735	7.735	AS-AMP-binding_c5,Aldedh
BGC0000847	M0782	991	5.902	5.902	Aldedh,Sugar_tr
BGC0000847	MG510_M0258_M0281	52	-26.516	-26.04	KR_c21,NUDIX
BGC0000853	MG1403_M0477_M0478	246	-1.6	14.738	AS-Aminotran_3_c15,AS-PhyH_c1,AS-ectoine_synt_c0
BGC0000854	MG1403_M0477_M0478	246	-1.6	8.587	AS-Aminotran_3_c15,AS-PhyH_c1,Acetyltransf_1_c23
BGC0000866	M0850	362	9.538	9.538	KR_c26,Thiolase_N;Thiolase_C
BGC0000868	M2430	155	11.344	11.344	AS-Bac_transf_c4,UDPG_MGDP_dh_N;UDPG_MGDP_dh;UDPG_MGDP_dh_C
BGC0000868	M2431	40	12.218	15.842	AS-Bac_transf_c4,AS-Wzy_C_c4,UDPG_MGDP_dh_N;UDPG_MGDP_dh;UDPG_MGDP_dh_C
BGC0000868	MG291_M0945_M2904	50	1.501	3.554	AS-Bac_transf_c4,AS-Polysacc_synt_c5
BGC0000868	MG345_M2530_M2911	312	4.812	10.146	AS-Bac_transf_c4,AS-Polysacc_synt_c5
BGC0000873	M1090	59	10.581	10.581	AS-DegT_DnrJ_EryC1_c15,GDP_Man_Dehyd
BGC0000873	M2519	84	9.748	9.748	Inositol_P,NUDIX
BGC0000873	MG475_M1088_M1089	204	4.345	4.345	AS-DegT_DnrJ_EryC1_c15,GDP_Man_Dehyd
BGC0000873	MG510_M0258_M0281	52	-26.516	-26.04	KR_c21,NUDIX
BGC0000876	MG1200_M1237_M2686_M2732	609	2.048	17.677	B12-binding_c2,Met_asp_mut_E,Thioesterase_c39
BGC0000877	M2863	86	10.036	19.664	AS-Carbam_trans_N_c0,AS-nikJ_c0,Aminotran_1_2
BGC0000877	MG1980_M1827_M1969_M1973_M1974_M1976_M1977	193	-44.001	-39.562	Acetyltransf_1_c46,KR_c25
BGC0000877	MG403_M1476_M1496_M2005	63	-41.918	-25.136	AS-Carbam_trans_N_c0,Aminotran_1_2
BGC0000878	M2519	84	9.748	9.748	Inositol_P,NUDIX
BGC0000879	MG1649_M2840_M2857_M2858	655	0.394	12.001	GTP_cyclohydroI,QueC
BGC0000880	M0539	146	7.309	7.309	His_Phos_1,NUDIX
BGC0000881	MG1649_M2840_M2857_M2858	655	0.394	20.351	Fer4_14,GTP_cyclohydroI,QueC
BGC0000889	M1879	386	3.385	14.906	AS-Flavoprotein_c4,UbiD
BGC0000892	M0684	176	8.722	16.396	AS-AMP-binding_c21,FA_desaturase,Rubredoxin
BGC0000892	M1137	91	8.46	8.46	AS-AMP-binding_c21,AS-PP-binding_c30
BGC0000892	MG1243_M0456_M0500	95	-4.011	-2.486	AS-PP-binding_c30,FA_desaturase
BGC0000893	M0514	217	7.062	7.062	KR_c12,Sugar_tr
BGC0000893	M1181	99	14.129	21.143	CM_2,DAHP_synth_2_c8;DAHP_synth_2_c2,GATase_c6;Anth_synt_I_N;Chorismate_bind_c2
BGC0000893	MG1887_M0366_M0416	424	-1.537	-1.537	Aldo_ket_red,Sugar_tr
BGC0000894	M0379	47	1.015	3.035	His_Phos_1,Pro_CA
BGC0000896	M0448	314	7.189	7.189	AS-AMP-binding_c21,AS-PF00561
BGC0000896	MG1174_M0816_M0940	339	5.01	5.268	AS-AMP-binding_c21,PALP
BGC0000896	MG1980_M1827_M1969_M1973_M1974_M1976_M1977	193	-44.001	-41.795	AS-AMP-binding_c21,AS-PF00561,PALP
BGC0000897	M0314	28	5.158	5.158	Aminotran_1_2,Sugar_tr
BGC0000898	M0437	179	8.37	8.37	AS-DegT_DnrJ_EryC1_c15,NTP_transferase
BGC0000898	M0560	43	7.733	22.539	AS-MGT_c0,AS-p450_c2,GDP_Man_Dehyd,Radical_SAM_c33
BGC0000898	M1090	59	10.581	10.581	AS-DegT_DnrJ_EryC1_c15,GDP_Man_Dehyd
BGC0000898	MG450_M0751_M2593_M2610	813	7.728	13.019	AS-MGT_c0,GDP_Man_Dehyd,NTP_transferase
BGC0000898	MG475_M1088_M1089	204	4.345	4.345	AS-DegT_DnrJ_EryC1_c15,GDP_Man_Dehyd
BGC0000899	M0437	179	8.37	8.37	AS-DegT_DnrJ_EryC1_c15,NTP_transferase
BGC0000899	M0560	43	7.733	22.539	AS-MGT_c0,AS-p450_c2,GDP_Man_Dehyd,Radical_SAM_c33
BGC0000899	M1090	59	10.581	10.581	AS-DegT_DnrJ_EryC1_c15,GDP_Man_Dehyd
BGC0000899	MG450_M0751_M2593_M2610	813	7.728	13.019	AS-MGT_c0,GDP_Man_Dehyd,NTP_transferase
BGC0000899	MG475_M1088_M1089	204	4.345	4.345	AS-DegT_DnrJ_EryC1_c15,GDP_Man_Dehyd
BGC0000899	MG476_M0463_M1027	192	9.949	9.949	AS-DegT_DnrJ_EryC1_c15,Thioesterase_c35
BGC0000907	M0600	207	7.983	7.983	AS-AMP-binding_c38,Aminotran_1_2
BGC0000907	M0756	228	7.533	7.533	Aminotran_1_2,UDPG_MGDP_dh_N;UDPG_MGDP_dh;UDPG_MGDP_dh_C
BGC0000907	M1335	256	7.006	23.207	Bac_luciferase,G_glu_transpept,Glyoxalase_c39,PhzC-PhzF_c2
BGC0000907	MG403_M1476_M1496_M2005	63	-41.918	-29.858	AS-AMP-binding_c38,Aminotran_1_2
BGC0000908	M2607	612	0.224	20.997	AS-melC_c0,FAD_binding_3_c7,Tyrosinase_c5
BGC0000908	MG1539_M1124_M2550	203	1.096	12.139	AS-melC_c0,FAD_binding_3_c7,Tyrosinase_c5
BGC0000909	M1672	208	0.948	15.258	AS-melC_c1,Tyrosinase_c0
BGC0000910	M1672	208	0.948	15.258	AS-melC_c1,Tyrosinase_c0
BGC0000911	M1672	208	0.948	15.258	AS-melC_c1,Tyrosinase_c0
BGC0000912	M2607	612	0.224	14.635	AS-melC_c0,Tyrosinase_c5
BGC0000912	MG1539_M1124_M2550	203	1.096	3.528	AS-melC_c0,Tyrosinase_c5
BGC0000913	M1272	330	7.271	7.271	AS-AMP-binding_c21,AS-Abhydrolase_6
BGC0000914	M0496	269	3.814	8.699	Flavin_Reduct,SnoaL_4
BGC0000914	M0648	102	3.842	3.842	AS-PP-binding_c30,AS-fabH_c2
BGC0000914	MG1096_M0401_M0710	192	8.886	8.886	AS-fabH_c2,Thioesterase_c39
BGC0000914	MG1357_M1293_M1551_M1552	336	-9.109	-9.107	AS-fabH_c2,Flavin_Reduct
BGC0000916	MG214_M1487_M2973	71	18.543	62.798	AS-PF04055_c48;Mob_synth_C,AS-ThiF,MoCF_biosynth,MoaC,MoaE,MobB,MoeA_N;MoCF_biosynth;MoeA_C,NTP_transf_3,ThiS
BGC0000916	MG510_M0258_M0281	52	-26.516	-11.73	GalKase_gal_bdg;GHMP_kinases_N;GHMP_kinases_C,GalP_UDP_transf;GalP_UDP_tr_C
BGC0000919	MG1357_M1293_M1551_M1552	336	-9.109	-8.283	FA_desaturase,Polyketide_cyc
BGC0000921	M0199	148	8.796	8.796	AS-AMP-binding_c21,AS-ladderane_c23
BGC0000921	MG757_M1438_M1452_M1836	671	1.671	5.102	AS-IPL_c2,Chorismate_bind_c6
BGC0000922	M0356	116	7.632	17.467	AS-fabH_c10,AS-fabH_c2,Lactamase_B
BGC0000924	M1147	133	17.496	34.792	AS-Trp_halogenase_c14,AS-Trp_halogenase_c6,AS-prnB_c0,Rieske;KshA_C
BGC0000925	M0314	28	5.158	5.158	Aminotran_1_2,Sugar_tr
BGC0000925	M0530	86	9.718	9.718	Methyltransf_2,Trp_dioxygenase
BGC0000925	MG1484_M0032_M2806_M2894	31	-93.284	-90.806	CoA_transf_3,Cyclase
BGC0000926	M0515	260	6.786	6.786	PALP,Sugar_tr
BGC0000934	MG1069_M1051_M1791	411	7.936	11.877	AS-fabH_c3,HMG-CoA_red
BGC0000934	MG1071_M1270_M1743_M1789	672	-6.161	33.359	AS-fabH_c3,FMN_dh,GHMP_kinases_N;GHMP_kinases_C,GHMP_kinases_N;MDD_C,HMG-CoA_red
BGC0000934	MG1484_M0032_M2806_M2894	31	-93.284	-84.688	Fer2,Pyr_redox_2_c11;Reductase_C
BGC0000934	MG830_M1441_M1444_M1450_M1451_M1455	446	3.872	43.548	AS-phzB_c0,Chorismate_bind_c1;GATase_c1,DAHP_synth_2_c8;DAHP_synth_2_c2,Isochorismatase_c21,PhzC-PhzF_c4,Putative_PNPOx_c5;PNP_phzG_C_c0
BGC0000935	M0782	991	5.902	5.902	Aldedh,Sugar_tr
BGC0000935	M1021	307	7.156	7.156	AS-AMP-binding_c48,Aldedh
BGC0000935	M1218	388	1.535	1.535	AS-AMP-binding_c48,Sugar_tr
BGC0000935	MG1484_M0032_M2806_M2894	31	-93.284	-92.325	AS-ksIII_c2,Aldo_ket_red
BGC0000935	MG1887_M0366_M0416	424	-1.537	-1.537	Aldo_ket_red,Sugar_tr
BGC0000935	MG830_M1441_M1444_M1450_M1451_M1455	446	3.872	44.728	AS-phzB_c0,AS-thio_amide_c2,Chorismate_bind_c1;GATase_c1,Isochorismatase_c21,PhzC-PhzF_c4,Putative_PNPOx_c5;PNP_phzG_C_c0,Sugar_tr
BGC0000935	MG840_M1570_M1573_M1574_M1576_M2008	796	8.263	9.363	AS-AMP-binding_c48,AS-PP-binding_c7,Isochorismatase_c21
BGC0000936	MG830_M1441_M1444_M1450_M1451_M1455	446	3.872	42.455	AS-phzB_c2,Chorismate_bind_c1;GATase_c1,DAHP_synth_2_c8;DAHP_synth_2_c2,Isochorismatase_c21,PhzC-PhzF_c4,Putative_PNPOx_c5;PNP_phzG_C_c0
BGC0000938	M0094	93	8.839	8.839	Hydrolase_4,Peptidase_M20
BGC0000938	MG1980_M1827_M1969_M1973_M1974_M1976_M1977	193	-44.001	-42.419	Hydrolase_4,Peptidase_M20
BGC0000939	MG547_M1280_M2554_M2621	1285	-3.467	3.362	AS-IucA_IucC_c3,Acetyltransf_8
BGC0000940	MG545_M2523_M2524_M2544_M2563_M2565_M2566	728	-2.771	22.553	AS-IucA_IucC_c41,Acetyltransf_8,FAD_binding_9;SIP,Lys_Orn_oxgnase_c8,Pyridoxal_deC
BGC0000940	MG547_M1280_M2554_M2621	1285	-3.467	15.466	Acetyltransf_8,Lys_Orn_oxgnase_c8,Pyridoxal_deC
BGC0000941	MG545_M2523_M2524_M2544_M2563_M2565_M2566	728	-2.771	22.459	AS-IucA_IucC_c3,Acetyltransf_8,FAD_binding_9;SIP,Lys_Orn_oxgnase_c8,Pyridoxal_deC
BGC0000941	MG547_M1280_M2554_M2621	1285	-3.467	22.264	AS-IucA_IucC_c3,Acetyltransf_8,Lys_Orn_oxgnase_c8,Pyridoxal_deC
BGC0000943	M0515	260	6.786	6.786	PALP,Sugar_tr
BGC0000943	M2333	122	7.7	28.412	AS-IucA_IucC_c10,AS-IucA_IucC_c17,AS-Orn_Arg_deC_N_c0;AS-Orn_DAP_Arg_deC_c10,OCD_Mu_crystall
BGC0000943	MG1176_M0837_M0950_M0951_M0997_M1000_M1001	2290	8.092	8.092	OCD_Mu_crystall,PALP
BGC0000943	MG701_M1534_M2853_M2898	304	-12.64	-2.145	AS-Orn_Arg_deC_N_c0;AS-Orn_DAP_Arg_deC_c10,Sugar_tr
BGC0000946	MG701_M1534_M2853_M2898	304	-12.64	-2.145	AS-Orn_Arg_deC_N_c0;AS-Orn_DAP_Arg_deC_c10,Sugar_tr
BGC0000946	MG704_M2882_M2883	725	2.19	20.026	AS-ATP-grasp_3_c22,AS-IucA_IucC_c13,AS-Orn_Arg_deC_N_c0;AS-Orn_DAP_Arg_deC_c10
BGC0000947	MG701_M1534_M2853_M2898	304	-12.64	-2.145	AS-Orn_Arg_deC_N_c0;AS-Orn_DAP_Arg_deC_c10,Sugar_tr
BGC0000947	MG704_M2882_M2883	725	2.19	20.026	AS-ATP-grasp_3_c22,AS-IucA_IucC_c13,AS-Orn_Arg_deC_N_c0;AS-Orn_DAP_Arg_deC_c10
BGC0000949	M0173	67	3.974	3.974	AS-APH_c47,Beta-lactamase
BGC0000949	M2090	246	12.839	12.839	Ald_Xan_dh_C;MoCoBD_1,FAD_binding_5;CO_deh_flav_C
BGC0000949	MG1695_M0822_M0868_M0886_M1041_M2096_M2097	1035	-2.539	7.977	Ald_Xan_dh_C;MoCoBD_1,FAD_binding_5;CO_deh_flav_C
BGC0000949	MG450_M0751_M2593_M2610	813	7.728	7.728	GDP_Man_Dehyd,NTP_transferase
BGC0000950	MG1278_M1350_M2101	263	8.45	29.411	Beta_elim_lyase,GHMP_kinases_N,Lyase_1,PALP;AS-ATP-grasp_3_c11;LAL_C2
BGC0000951	M0607	32	11.445	24.603	AS-AMP-binding_c38,AS-Condensation_c45,GHMP_kinases_N,Lyase_1
BGC0000951	MG1278_M1350_M2101	263	8.45	34.316	AS-AMP-binding_c38,Beta_elim_lyase,GHMP_kinases_N,Lyase_1,PALP;AS-ATP-grasp_3_c11;LAL_C2
BGC0000951	MG1317_M0639_M1230	141	8.353	8.353	AS-AMP-binding_c38,AS-PP-binding_c23
BGC0000953	M0213	76	7.053	7.053	SpoIIE,Sugar_tr
BGC0000953	M0437	179	8.37	8.37	AS-DegT_DnrJ_EryC1_c15,NTP_transferase
BGC0000953	M0848	88	9.632	9.632	Methyltransf_23,NTP_transferase
BGC0000953	M1090	59	10.581	10.581	AS-DegT_DnrJ_EryC1_c15,GDP_Man_Dehyd
BGC0000953	M1854	31	-4.028	2.646	AS-DegT_DnrJ_EryC1_c47,Epimerase_c47
BGC0000953	MG1423_M1723_M1852	74	-6.585	9.18	AS-DegT_DnrJ_EryC1_c47,Epimerase_c47,Hexose_dehydrat
BGC0000953	MG1484_M0032_M2806_M2894	31	-93.284	-92.938	Aminotran_4,Methyltransf_23
BGC0000953	MG450_M0751_M2593_M2610	813	7.728	7.728	GDP_Man_Dehyd,NTP_transferase
BGC0000953	MG475_M1088_M1089	204	4.345	4.345	AS-DegT_DnrJ_EryC1_c15,GDP_Man_Dehyd
BGC0000955	MG1887_M0366_M0416	424	-1.537	5.269	AS-PF00561,Sugar_tr
BGC0000957	MG494_M1556_M1899_M1903_M1908_M1909_M1911_M1914_M1916_M1917	269	-1.697	33.903	AS-DHQ_synthase_c2,AS-DegT_DnrJ_EryC1_c15,DHquinase_II,GFO_IDH_MocA_c32;GFO_IDH_MocA_C,HAD_2_c30,ROK
BGC0000958	M2058	342	1.093	11.412	FAD_binding_6;NAD_binding_1;Fer2,PaaA_PaaC
BGC0000958	MG885_M2035_M2036_M2040_M2053	250	2.826	30.193	AS-ADH_N_c0;AS-ADH_zinc_N_c44;AS-ADH_zinc_N_c49,AS-PP-binding_c40,FAD_binding_6;NAD_binding_1;Fer2,PaaA_PaaC,Trp_dioxygenase
BGC0000960	M0333	41	6.56	6.56	Thioesterase_c35,Transket_pyr;Transketolase_C
BGC0000960	M0404	190	9.502	9.502	Glyoxalase_6,SpoIIE
BGC0000960	M0545	104	8.772	8.772	Thioesterase_c35,Thioesterase_c37
BGC0000960	M1993	20	37.183	112.369	2OG-Fe_Oxy_2,AA_kinase_c13,AS-AMP-binding_c14;AS-adh_short;AS-PP-binding_c9,AS-ATP-grasp_c11,AS-Acyl-CoA_dh_1_c41,AS-Acyl-CoA_dh_N_c8;AS-Acyl-CoA_dh_M_c17;AS-Acyl-CoA_dh_1_c0,AS-DXP_synthase_N_c1,AS-DegT_DnrJ_EryC1_c15,AS-PP-binding_c43,PAPS_reduct,Semialdhyde_dh,Sulfotransfer_5,Thioesterase_c35,Thioesterase_c37,Transket_pyr;Transketolase_C
BGC0000960	M2215	689	12.52	12.52	APS_kinase,PAPS_reduct
BGC0000960	MG1148_M1200_M2213	243	-0.919	5.648	APS_kinase,PAPS_reduct
BGC0000960	MG1294_M2171_M2178_M2179_M2183_M2184_M2194	211	11.36	81.663	2OG-Fe_Oxy_2,AA_kinase_c13,APS_kinase,AS-ATP-grasp_c11,AS-DXP_synthase_N_c1,AS-DegT_DnrJ_EryC1_c15,BtrH_N,Glyoxalase_6,PAPS_reduct,Peptidase_M20,Semialdhyde_dh,Sulfotransfer_5,Transket_pyr;Transketolase_C
BGC0000960	MG476_M0463_M1027	192	9.949	9.949	AS-DegT_DnrJ_EryC1_c15,Thioesterase_c35
BGC0000961	M0971	280	10.077	17.002	AS-AMP-binding_c38,AS-PhyH_c4,Thioesterase_c35
BGC0000961	MG403_M1476_M1496_M2005	63	-41.918	-28.98	AS-AMP-binding_c38,Acetyltransf_1_c31
BGC0000963	MG403_M1476_M1496_M2005	63	-41.918	-15.431	AS-Carbam_trans_N_c0,TauD_c9
BGC0000965	M0153	118	1.762	1.762	AS-p450_c7,Sugar_tr
BGC0000965	M0163	280	6.233	6.233	Flavin_Reduct,Sugar_tr
BGC0000965	M0247	460	6.231	6.231	AS-Abhydrolase_6,Sugar_tr
BGC0000965	M0296	192	6.02	6.02	FMN_red,Sugar_tr
BGC0000965	M0304	159	6.874	6.874	AS-Abhydrolase_6,FMN_red
BGC0000965	M0349	91	6.875	6.875	Flavin_Reduct,SBP_bac_1
BGC0000965	M0437	179	8.37	8.37	AS-DegT_DnrJ_EryC1_c15,NTP_transferase
BGC0000965	M0450	148	9.458	9.458	Acyl_transf_3,Flavin_Reduct
BGC0000965	M0680	56	10.538	10.538	Methyltransf_13;Methyltransf_23;Methyltransf_14,NTP_transferase
BGC0000965	M0714	132	7.375	7.375	AS-Abhydrolase_6,Flavin_Reduct
BGC0000965	M1090	59	10.581	10.581	AS-DegT_DnrJ_EryC1_c15,GDP_Man_Dehyd
BGC0000965	M1182	117	7.646	14.024	AS-dTDP_sugar_isom_c2,GDP_Man_Dehyd,NTP_transferase
BGC0000965	MG1378_M2130_M2134_M2150_M2172_M2175_M2176	657	-4.649	53.109	4HBT_c40,AS-ene_KS_c40;AS-PKS_AT_c24;KR_c35;PS-DH_c5,CMD,DUF1702,FG-GAP_3;UnbV_ASPIC,Flavin_Reduct,MDMPI_N;Wyosine_form,SnoaL_2_c29
BGC0000965	MG1379_M2127_M2129	136	19.237	74.616	4HBT_c40,AS-Acyl-CoA_dh_N_c48;Acyl-CoA_dh_2,AS-ene_KS_c40;AS-PKS_AT_c24;KR_c35;PS-DH_c5,AS-p450_c10,CMD,DUF1702,FG-GAP_3;UnbV_ASPIC,Flavin_Reduct,HpaB_N;HpaB,MDMPI_N;Wyosine_form,SnoaL_2_c29
BGC0000965	MG1381_M2142_M2159	294	18.367	20.024	4HBT_c40,DUF1702,FG-GAP_3;UnbV_ASPIC
BGC0000965	MG1484_M0032_M2806_M2894	31	-93.284	-86.935	EHN,FMN_red,KR_c43
BGC0000965	MG450_M0751_M2593_M2610	813	7.728	7.728	GDP_Man_Dehyd,NTP_transferase
BGC0000965	MG475_M1088_M1089	204	4.345	4.345	AS-DegT_DnrJ_EryC1_c15,GDP_Man_Dehyd
BGC0000966	M0689	391	6.955	6.955	Amidohydro_1,DAO
BGC0000967	M0787	24	21.909	25.545	AS-Chal_sti_synt_N_c36;HMG_CoA_synt_C,AS-PP-binding_c16,AS-t2pks2_c2,Acyl_transf_1_c7,ECH_1_c18
BGC0000967	M1885	174	19.601	31.077	AS-Chal_sti_synt_N_c36;HMG_CoA_synt_C,AS-t2pks2_c2,Acyl_transf_1_c7,ECH_1_c18
BGC0000967	MG1983_M1848_M1890	214	8.91	23.348	AS-t2pks2_c2,Acyl_transf_1_c7,ECH_1_c18,ECH_1_c42
BGC0000970	MG1314_M1251_M1842	399	11.441	11.441	3HCDH_N;3HCDH,AS-PP-binding_c23
BGC0000971	M0343	128	1.822	1.822	AS-Abhydrolase_6,AS-fabH_c2
BGC0000971	M1272	330	7.271	7.271	AS-AMP-binding_c21,AS-Abhydrolase_6
BGC0000971	MG1484_M0032_M2806_M2894	31	-93.284	-90.477	Aminotran_4,Fer2
BGC0000972	M0369	25	129.672	148.734	3HCDH_N;3HCDH,ACPS_c19,AS-AMP-binding_c38;AS-Condensation_c18;AS-PP-binding_c47,AS-Acyl-CoA_dh_N_c39;AS-Acyl-CoA_dh_M_c34;AS-Acyl-CoA_dh_1_c36,AS-Condensation_c16;AS-AMP-binding_c1;AS-PP-binding_c25,AS-Condensation_c37;AS-AMP-binding_c21;AS-PP-binding_c49,AS-Condensation_c37;AS-AMP-binding_c38;AS-PP-binding_c32;AS-tra_KS_c47;AS-PKS_AT_c18;KR_c21;PS-DH_c2;AS-ADH_N_c43;AS-ADH_zinc_N_c6,AS-PKS_AT_c24,AS-PP-binding_c40,AS-Polysacc_synt_c7,AS-hyb_KS_c9;AS-PP-binding_c31;AS-Condensation_c16;AS-AMP-binding_c40;AS-PF00881_c3,AS-hyb_KS_c9;AS-PP-binding_c32,AS-tra_KS_c47;AS-PKS_AT_c22;AS-PP-binding_c36,AS-tra_KS_c47;AS-PP-binding_c23,Amidase,Beta-lactamase,Thioesterase_c19
BGC0000972	M0412	117	9.229	9.229	Amidase,Beta-lactamase
BGC0000972	M0769	204	8.63	8.63	3HCDH_N;3HCDH,Beta-lactamase
BGC0000973	M0689	391	6.955	6.955	Amidohydro_1,DAO
BGC0000976	M1885	174	19.601	19.601	AS-Chal_sti_synt_N_c36;HMG_CoA_synt_C,AS-t2pks2_c2,ECH_1_c18
BGC0000982	MG1774_M0385_M0855	653	3.388	3.766	Aldedh,FAA_hydrolase
BGC0000982	MG994_M1983_M2521_M2525_M2526	1036	-2.706	-2.706	AS-PF00561,FAA_hydrolase
BGC0000984	M1049	204	19.569	19.569	AS-Orn_monoox_c0,AS-TBH_Asp_c0,Acetyltransf_8
BGC0000984	M1194	180	0.416	6.915	AS-TBH_Asp_c0,Acetyltransf_8
BGC0000984	M1201	124	-2.166	10.906	AS-Orn_monoox_c0,Acetyltransf_8
BGC0000984	M2291	114	0.659	12.915	AS-Orn_monoox_c0,AS-TBH_Asp_c0
BGC0000984	MG589_M2306_M2393	718	-4.028	-2.46	AS-Orn_monoox_c0,Abhydrolase_3
BGC0000984	MG595_M1462_M1463	95	10.086	20.077	AS-Orn_monoox_c0,AS-TBH_Asp_c0,Thioesterase_c39
BGC0000990	M2638	429	9.068	9.068	COX1,Cytochrome_CBB3
BGC0000993	M0896	372	7.826	7.826	Abhydrolase_3,Aminotran_1_2
BGC0000994	M0300	131	10.124	10.124	OCD_Mu_crystall,Thioesterase_c35
BGC0000994	M0348	97	7.969	7.969	MaoC_dehydratas,OCD_Mu_crystall
BGC0000994	M0483	246	10.706	10.706	CoA_transf_3,MaoC_dehydratas
BGC0000994	MG1318_M0707_M1134_M1253_M1254_M2037	648	2.128	18.349	3HCDH_N;3HCDH,AS-Methyltransf_3_c0,HAD_2_c20
BGC0000995	M1885	174	19.601	37.968	AS-Chal_sti_synt_N_c36;HMG_CoA_synt_C,AS-PKS_AT_c20,AS-t2pks2_c2,Acyl_transf_1_c7,ECH_1_c18
BGC0000995	MG1983_M1848_M1890	214	8.91	15.519	AS-t2pks2_c2,Acyl_transf_1_c7,ECH_1_c18
BGC0000996	MG149_M2827_M2837_M2838	23	-25.855	-23.556	Amino_oxidase_c27,FA_hydroxylase
BGC0000996	MG151_M2785_M2800_M2805_M2846	355	7.023	16.098	ADH_N_2;AS-ADH_zinc_N_c47,Amino_oxidase_c27,FA_hydroxylase
BGC0000997	M0937	79	-13.753	-10.411	KR_c12,NMO
BGC0001001	M1885	174	19.601	19.601	AS-Chal_sti_synt_N_c36;HMG_CoA_synt_C,AS-t2pks2_c2,ECH_1_c18
BGC0001001	MG1357_M1293_M1551_M1552	336	-9.109	-7.412	AS-PP-binding_c16,FA_desaturase
BGC0001003	M1038	227	6.824	6.824	Aldo_ket_red,Beta-lactamase
BGC0001003	MG1887_M0366_M0416	424	-1.537	-1.537	Aldo_ket_red,Sugar_tr
BGC0001003	MG450_M0751_M2593_M2610	813	7.728	7.728	GDP_Man_Dehyd,NTP_transferase
BGC0001004	M0099	50	9.754	9.754	FAD_binding_4;BBE,Thioesterase_c39
BGC0001004	M0437	179	8.37	8.37	AS-DegT_DnrJ_EryC1_c15,NTP_transferase
BGC0001004	M0560	43	7.733	7.733	AS-MGT_c0,GDP_Man_Dehyd
BGC0001004	M0680	56	10.538	10.538	Methyltransf_13;Methyltransf_23;Methyltransf_14,NTP_transferase
BGC0001004	M1090	59	10.581	10.581	AS-DegT_DnrJ_EryC1_c15,GDP_Man_Dehyd
BGC0001004	M1091	81	15.217	15.217	AS-DegT_DnrJ_EryC1_c15,AS-dTDP_sugar_isom_c2,Hexose_dehydrat
BGC0001004	M1182	117	7.646	14.024	AS-dTDP_sugar_isom_c2,GDP_Man_Dehyd,NTP_transferase
BGC0001004	MG1488_M0840_M1121	326	18.423	23.636	AS-MGT_c0,AS-dTDP_sugar_isom_c2,GDP_Man_Dehyd,Hexose_dehydrat
BGC0001004	MG1489_M1416_M1417	369	29.466	44.702	AS-DegT_DnrJ_EryC1_c15,AS-MGT_c0,AS-dTDP_sugar_isom_c2,GDP_Man_Dehyd,GFO_IDH_MocA_c21,Hexose_dehydrat,Methyltransf_13;Methyltransf_23;Methyltransf_14,NTP_transferase
BGC0001004	MG1887_M0366_M0416	424	-1.537	-1.537	Aldo_ket_red,Sugar_tr
BGC0001004	MG450_M0751_M2593_M2610	813	7.728	13.019	AS-MGT_c0,GDP_Man_Dehyd,NTP_transferase
BGC0001004	MG475_M1088_M1089	204	4.345	4.345	AS-DegT_DnrJ_EryC1_c15,GDP_Man_Dehyd
BGC0001008	M0163	280	6.233	6.233	Flavin_Reduct,Sugar_tr
BGC0001008	M0376	97	7.177	7.177	AS-PF00561,CMD
BGC0001008	M0423	66	8.602	8.602	AS-AMP-binding_c21,Flavin_Reduct
BGC0001008	M0437	179	8.37	19.806	AS-DegT_DnrJ_EryC1_c15,Epimerase_c16,NTP_transferase,UDPG_MGDP_dh_N;UDPG_MGDP_dh;UDPG_MGDP_dh_C
BGC0001008	M0448	314	7.189	7.189	AS-AMP-binding_c21,AS-PF00561
BGC0001008	M0652	59	9.275	9.275	AS-DegT_DnrJ_EryC1_c15,Epimerase_c16
BGC0001008	M0680	56	10.538	10.538	Methyltransf_13;Methyltransf_23;Methyltransf_14,NTP_transferase
BGC0001008	M2124	51	39.872	65.694	4HBT_c40,AS-MGT_c0,AS-ene_KS_c40;AS-PKS_AT_c24;KR_c35;PS-DH_c5,AS-p450_c10,DUF1702,FG-GAP_3;UnbV_ASPIC,Flavin_Reduct,GMC_oxred_N;GMC_oxred_C_c12,SnoaL_2_c29
BGC0001008	MG1378_M2130_M2134_M2150_M2172_M2175_M2176	657	-4.649	60.895	4HBT_c40,AS-ene_KS_c40;AS-PKS_AT_c24;KR_c35;PS-DH_c5,CMD,DUF1702,FG-GAP_3;UnbV_ASPIC,Flavin_Reduct,GMC_oxred_N;GMC_oxred_C_c12,MDMPI_N;Wyosine_form,SnoaL_2_c29
BGC0001008	MG1379_M2127_M2129	136	19.237	76.676	4HBT_c40,AS-ene_KS_c40;AS-PKS_AT_c24;KR_c35;PS-DH_c5,AS-p450_c10,CMD,DUF1702,FG-GAP_3;UnbV_ASPIC,Flavin_Reduct,GMC_oxred_N;GMC_oxred_C_c12,HpaB_N;HpaB,MDMPI_N;Wyosine_form,SnoaL_2_c29
BGC0001008	MG1381_M2142_M2159	294	18.367	20.024	4HBT_c40,DUF1702,FG-GAP_3;UnbV_ASPIC
BGC0001008	MG1887_M0366_M0416	424	-1.537	5.269	AS-PF00561,Sugar_tr
BGC0001008	MG306_M0894_M1259	132	6.856	6.856	NTP_transferase,UDPG_MGDP_dh_N;UDPG_MGDP_dh;UDPG_MGDP_dh_C
BGC0001020	M1788	65	27.477	38.853	AS-Lant_dehydr_C_c0,AS-Lant_dehydr_C_c2,AS-Lant_dehydr_N_c1;AS-Lant_dehydr_N_c11,AS-PF00881_c32,AS-TIGR03604_c0
BGC0001021	M1211	39	6.398	14.468	AS-AMP-binding_c21,AS-Lys_monoox_c0,AS-SalSyn_c0
BGC0001025	M1885	174	19.601	26.492	AS-Chal_sti_synt_N_c36;HMG_CoA_synt_C,AS-PKS_AT_c20,AS-t2pks2_c2,ECH_1_c18
BGC0001027	M2253	209	-8.015	12.732	AS-mod_KS_c17,Thioesterase_c12
BGC0001027	MG810_M2211_M2212_M2218_M2219_M2220_M2222_M2224_M2225_M2226_M2252	234	-1.728	16.838	AS-Lys_monoox_c0,AS-mod_KS_c17,Acetyltransf_8,Thioesterase_c12
BGC0001031	MG1980_M1827_M1969_M1973_M1974_M1976_M1977	193	-44.001	-40.886	AS-PF00561,ECH_1_c42
BGC0001033	M0769	204	8.63	8.63	3HCDH_N;3HCDH,Beta-lactamase
BGC0001036	M0206	150	8.073	8.073	Aminotran_1_2,Thioesterase_c35
BGC0001036	M0207	80	8.519	8.519	AS-PP-binding_c23,Aminotran_1_2
BGC0001036	M0333	41	6.56	16.108	E1_dh,Thioesterase_c35,Transket_pyr;Transketolase_C
BGC0001036	M0523	97	11.052	11.052	AS-PP-binding_c23,Thioesterase_c35
BGC0001036	M0545	104	8.772	13.982	AS-PP-binding_c23,Thioesterase_c35,Thioesterase_c37
BGC0001036	M0571	68	11.32	11.32	Thioesterase_c37,Thioesterase_c39
BGC0001036	M0600	207	7.983	7.983	AS-AMP-binding_c38,Aminotran_1_2
BGC0001036	M0627	29	3.086	3.086	AS-p450_c9,Thioesterase_c35
BGC0001036	M0895	79	9.888	9.888	FAD_binding_3_c36,Thioesterase_c35
BGC0001036	M0971	280	10.077	17.462	AS-AMP-binding_c38,AS-PP-binding_c32,Thioesterase_c35
BGC0001036	MG1317_M0639_M1230	141	8.353	8.353	AS-AMP-binding_c38,AS-PP-binding_c23
BGC0001036	MG1340_M2418_M2497	139	4.835	38.072	AS-AMP-binding_c38,AS-LmbU_c0,AS-PP-binding_c23,AS-PP-binding_c32,AS-PhyH_c16,FAD_binding_3_c36,Thioesterase_c35,Thioesterase_c37,Thioesterase_c39
BGC0001036	MG1410_M0344_M0429_M2012_M2015	1046	-3.047	8.703	E1_dh,Transket_pyr;Transketolase_C
BGC0001036	MG1412_M0921_M2016_M2017	621	3.807	11.038	E1_dh,Transket_pyr;Transketolase_C
BGC0001036	MG403_M1476_M1496_M2005	63	-41.918	-29.858	AS-AMP-binding_c38,Aminotran_1_2
BGC0001037	M0172	130	8.463	8.463	AS-Abhydrolase_6,Hydrolase_4
BGC0001038	M0163	280	6.233	6.233	Flavin_Reduct,Sugar_tr
BGC0001038	M0219	91	8.711	8.711	AP_endonuc_2,NUDIX
BGC0001038	M0423	66	8.602	8.602	AS-AMP-binding_c21,Flavin_Reduct
BGC0001038	M0454	321	7.756	7.756	AP_endonuc_2,Sugar_tr
BGC0001038	M0514	217	7.062	7.062	KR_c12,Sugar_tr
BGC0001038	M0755	398	9.109	16.32	AP_endonuc_2,AS-salQ_c0,ROK
BGC0001038	MG510_M0258_M0281	52	-26.516	-18.338	GalP_UDP_transf;GalP_UDP_tr_C,NUDIX
BGC0001039	M0202	64	8.01	8.01	AS-AMP-binding_c48,Flavin_Reduct
BGC0001039	M0987	305	7.531	12.938	Aldedh,Flavin_Reduct,Tautomerase
BGC0001039	M1021	307	7.156	7.156	AS-AMP-binding_c48,Aldedh
BGC0001039	M1024	425	7.571	7.571	Bac_luciferase,Flavin_Reduct
BGC0001039	M1057	188	7.04	7.04	Aldedh,Bac_luciferase
BGC0001039	MG1357_M1293_M1551_M1552	336	-9.109	-8.914	Aldedh,Bac_luciferase,Flavin_Reduct
BGC0001040	M0109	61	7.519	7.519	AS-Abhydrolase_6,PALP
BGC0001040	M0247	460	6.231	6.231	AS-Abhydrolase_6,Sugar_tr
BGC0001040	M0515	260	6.786	6.786	PALP,Sugar_tr
BGC0001040	MG1176_M0837_M0950_M0951_M0997_M1000_M1001	2290	8.092	8.092	OCD_Mu_crystall,PALP
BGC0001041	M0348	97	7.969	7.969	MaoC_dehydratas,OCD_Mu_crystall
BGC0001041	MG1484_M0032_M2806_M2894	31	-93.284	-90.095	Aminotran_4,Cyclase
BGC0001043	MG149_M2827_M2837_M2838	23	-25.855	-23.556	Amino_oxidase_c27,FA_hydroxylase
BGC0001043	MG151_M2785_M2800_M2805_M2846	355	7.023	21.719	ADH_N_2;AS-ADH_zinc_N_c26,Amino_oxidase_c27,Amino_oxidase_c39,FA_hydroxylase
BGC0001046	M0560	43	7.733	7.733	AS-MGT_c0,GDP_Man_Dehyd
BGC0001046	M1182	117	7.646	14.024	AS-dTDP_sugar_isom_c2,GDP_Man_Dehyd,NTP_transferase
BGC0001046	M1854	31	-4.028	2.646	AS-DegT_DnrJ_EryC1_c47,Epimerase_c47
BGC0001046	MG1200_M1237_M2686_M2732	609	2.048	24.393	B12-binding_c2,Glu_synthase,Met_asp_mut_E,Thioesterase_c39
BGC0001046	MG1202_M1269_M2160_M2622_M2735	451	8.544	26.078	B12-binding_c2,Glu_synthase,Met_asp_mut_E,tRNA-synt_2
BGC0001046	MG1423_M1723_M1852	74	-6.585	9.18	AS-DegT_DnrJ_EryC1_c47,Epimerase_c47,Hexose_dehydrat
BGC0001046	MG1488_M0840_M1121	326	18.423	23.636	AS-MGT_c0,AS-dTDP_sugar_isom_c2,GDP_Man_Dehyd,Hexose_dehydrat
BGC0001046	MG1489_M1416_M1417	369	29.466	50.494	AS-DegT_DnrJ_EryC1_c47,AS-MGT_c0,AS-dTDP_sugar_isom_c2,Epimerase_c47,GDP_Man_Dehyd,GFO_IDH_MocA_c21,Hexose_dehydrat,NTP_transferase
BGC0001046	MG1490_M0790_M1414	198	24.625	41.337	AS-DegT_DnrJ_EryC1_c47,AS-MGT_c0,AS-dTDP_sugar_isom_c2,Epimerase_c47,GFO_IDH_MocA_c21,Hexose_dehydrat
BGC0001046	MG450_M0751_M2593_M2610	813	7.728	13.019	AS-MGT_c0,GDP_Man_Dehyd,NTP_transferase
BGC0001048	MG721_M2099_M2670	66	12.433	28.021	Fer4_11;Nitr_red_bet_C,Molybdopterin;Molydop_binding,Nitrate_red_del,Nitrate_red_gam
BGC0001052	M0099	50	9.754	9.754	FAD_binding_4;BBE,Thioesterase_c39
BGC0001053	M0293	70	8.12	8.12	Beta-lactamase,OCD_Mu_crystall
BGC0001054	M0769	204	8.63	8.63	3HCDH_N;3HCDH,Beta-lactamase
BGC0001054	MG1318_M0707_M1134_M1253_M1254_M2037	648	2.128	10.927	3HCDH_N;3HCDH,HAD_2_c20
BGC0001055	M0782	991	5.902	5.902	Aldedh,Sugar_tr
BGC0001055	M1021	307	7.156	7.156	AS-AMP-binding_c48,Aldedh
BGC0001055	M1218	388	1.535	7.607	AS-AMP-binding_c48,GFO_IDH_MocA_c1,Sugar_tr
BGC0001055	M1448	366	11.311	37.392	AMNp_N;PNP_UDP_1,AS-SalSyn_c3,AS-tra_KS_c47;Acyl_transf_1_c21;Methyltransf_12_c7;AS-adh_short;AS-PP-binding_c24;AS-Condensation_c16;Methyltransf_25_c18;AS-PP-binding_c46;Thioesterase_c0,GFO_IDH_MocA_c1,Thioesterase_c3
BGC0001055	M3001	264	0.163	24.766	CobS,CobU,DBI_PRT
BGC0001055	MG1484_M0032_M2806_M2894	31	-93.284	-73.558	CobS,CobU,DBI_PRT
BGC0001055	MG1485_M2994_M3002	83	-9.945	-4.721	CobS,CobU,DBI_PRT
BGC0001055	MG757_M1438_M1452_M1836	671	1.671	24.282	AS-AMP-binding_c48,AS-SalSyn_c3,GFO_IDH_MocA_c1,Thioesterase_c3
BGC0001056	MG1980_M1827_M1969_M1973_M1974_M1976_M1977	193	-44.001	-42.962	Hydrolase_4,KR_c28
BGC0001058	MG1243_M0456_M0500	95	-4.011	4.261	AS-PP-binding_c30,TauD_c5;TauD_c18
BGC0001059	M0047	57	71.194	111.705	3HCDH_N;3HCDH,ACPS_c41,AS-AMP-binding_c38,AS-Acyl-CoA_dh_N_c1;AS-Acyl-CoA_dh_M_c14;AS-Acyl-CoA_dh_1_c1,AS-Condensation_c24;AS-AMP-binding_c43;AS-PP-binding_c43,AS-PP-binding_c3,AS-tra_KS_c47;AS-adh_short;AS-PP-binding_c47;AS-ladderane_c21;AS-PKS_AT_c15;KR_c42;AS-Condensation_c39,Acetyltransf_3_c23,Bac_luciferase,Beta-lactamase,BtrH_N;AS-PP-binding_c11;AS-Condensation_c39,HAD_2_c20,OCD_Mu_crystall,OTCace_N;OTCace,PALP,Thioesterase_c3
BGC0001059	M0242	59	6.671	6.671	Bac_luciferase,PALP
BGC0001059	M0293	70	8.12	14.708	AS-PKS_AT_c18,Beta-lactamase,OCD_Mu_crystall
BGC0001059	M0396	182	7.368	7.368	Beta-lactamase,PALP
BGC0001059	M0769	204	8.63	28.906	3HCDH_N;3HCDH,AS-Acyl-CoA_dh_N_c28;AS-Acyl-CoA_dh_M_c19;AS-Acyl-CoA_dh_1_c41,AS-Condensation_c24;AS-AMP-binding_c43;AS-PP-binding_c43,Beta-lactamase
BGC0001059	M0888	114	9.654	19.198	3HCDH_N;3HCDH,AS-AMP-binding_c38,AS-PP-binding_c3
BGC0001059	M1233	45	31.779	95.67	3HCDH_N;3HCDH,ACPS_c41,AS-Acyl-CoA_dh_N_c1;AS-Acyl-CoA_dh_M_c14;AS-Acyl-CoA_dh_1_c1,AS-Acyl-CoA_dh_N_c28;AS-Acyl-CoA_dh_M_c19;AS-Acyl-CoA_dh_1_c41,AS-Condensation_c24;AS-AMP-binding_c43;AS-PP-binding_c43,AS-PKS_AT_c18,AS-PP-binding_c3,AS-tra_KS_c47;AS-adh_short;AS-PP-binding_c47;AS-ladderane_c21;AS-PKS_AT_c15;KR_c42;AS-Condensation_c39,Acetyltransf_3_c23,GFO_IDH_MocA_c13;GFO_IDH_MocA_C,HAD_2_c20,Thioesterase_c3
BGC0001059	M1257	131	10.533	10.533	OCD_Mu_crystall,OTCace_N;OTCace
BGC0001059	MG1174_M0816_M0940	339	5.01	5.01	OCD_Mu_crystall,OTCace_N;OTCace,PALP
BGC0001059	MG1176_M0837_M0950_M0951_M0997_M1000_M1001	2290	8.092	12.994	OCD_Mu_crystall,OTCace_N;OTCace,PALP
BGC0001059	MG1302_M1239_M1240	57	12.734	115.233	ACPS_c41,AS-Acyl-CoA_dh_N_c1;AS-Acyl-CoA_dh_M_c14;AS-Acyl-CoA_dh_1_c1,AS-Acyl-CoA_dh_N_c28;AS-Acyl-CoA_dh_M_c19;AS-Acyl-CoA_dh_1_c41,AS-Condensation_c24;AS-AMP-binding_c43;AS-PP-binding_c43,AS-Condensation_c7;AS-AMP-binding_c43;AS-PP-binding_c3;AS-Condensation_c49,AS-DegT_DnrJ_EryC1_c11,AS-PP-binding_c3,AS-tra_KS_c47;AS-adh_short;AS-PP-binding_c47;AS-ladderane_c21;AS-PKS_AT_c15;KR_c42;AS-Condensation_c39,Acetyltransf_3_c23,BtrH_N;AS-PP-binding_c11;AS-Condensation_c39,GFO_IDH_MocA_c13;GFO_IDH_MocA_C,HAD_2_c20,S6PP
BGC0001059	MG1318_M0707_M1134_M1253_M1254_M2037	648	2.128	10.927	3HCDH_N;3HCDH,HAD_2_c20
BGC0001060	M0320	121	6.9	6.9	AS-PF00561,NAD_binding_10
BGC0001060	M0597	38	3.872	19.037	Ald_Xan_dh_C;MoCoBD_1,FAD_binding_5;CO_deh_flav_C,NAD_binding_10,NTP_transf_3
BGC0001060	M2084	356	2.036	8.501	Fer2;Fer2_2,XdhC_CoxI;XdhC_C
BGC0001060	M2090	246	12.839	12.839	Ald_Xan_dh_C;MoCoBD_1,FAD_binding_5;CO_deh_flav_C
BGC0001060	MG1378_M2130_M2134_M2150_M2172_M2175_M2176	657	-4.649	17.262	4HBT_c40,DUF1702,FG-GAP_3;UnbV_ASPIC
BGC0001060	MG1381_M2142_M2159	294	18.367	36.204	4HBT_c40,AS-APH_c44,DUF1702,FG-GAP_3;UnbV_ASPIC,SCP2
BGC0001060	MG1484_M0032_M2806_M2894	31	-93.284	-78.812	AS-PF00561,AS-p450_c29,KR_c21,NAD_binding_10,Polyketide_cyc
BGC0001060	MG1695_M0822_M0868_M0886_M1041_M2096_M2097	1035	-2.539	25.308	Ald_Xan_dh_C;MoCoBD_1,FAD_binding_5;CO_deh_flav_C,Fer2;Fer2_2,XdhC_CoxI;XdhC_C
BGC0001061	M0140	162	6.564	6.564	AS-ksIII_c2,Polyketide_cyc2
BGC0001061	M0200	215	4.644	4.644	Methyltransf_2,PfkB
BGC0001061	M0377	118	6.266	6.266	NTP_transferase,PfkB
BGC0001061	M0423	66	8.602	8.602	AS-AMP-binding_c21,Flavin_Reduct
BGC0001061	M0496	269	3.814	8.699	Flavin_Reduct,SnoaL_4
BGC0001061	M1854	31	-4.028	2.646	AS-DegT_DnrJ_EryC1_c47,Epimerase_c47
BGC0001061	MG1423_M1723_M1852	74	-6.585	9.18	AS-DegT_DnrJ_EryC1_c47,Epimerase_c47,Hexose_dehydrat
BGC0001061	MG1484_M0032_M2806_M2894	31	-93.284	-57.239	ABM_c1,AS-ksIII_c2,AS-t2ks_c40,Cyclase,PfkB,SnoaL_4
BGC0001061	MG1488_M0840_M1121	326	18.423	18.423	AS-MGT_c0,AS-dTDP_sugar_isom_c2,Hexose_dehydrat
BGC0001061	MG1489_M1416_M1417	369	29.466	43.406	AS-DegT_DnrJ_EryC1_c47,AS-MGT_c0,AS-dTDP_sugar_isom_c2,AS-ksIII_c2,Epimerase_c16,Epimerase_c47,Hexose_dehydrat,NTP_transferase
BGC0001061	MG1490_M0790_M1414	198	24.625	35.379	AS-DegT_DnrJ_EryC1_c47,AS-MGT_c0,AS-dTDP_sugar_isom_c2,AS-t2clf_c28,Epimerase_c47,Hexose_dehydrat
BGC0001061	MG1508_M0255_M0793	71	65.688	74.484	ABM_c1,AS-DegT_DnrJ_EryC1_c47,AS-MGT_c0,AS-PP-binding_c45,AS-dTDP_sugar_isom_c2,AS-ksIII_c2,AS-t2clf_c28,AS-t2ks_c40,Cyclase,FAD_binding_3_c33,Hexose_dehydrat,NTP_transferase,Polyketide_cyc2,SnoaL_4
BGC0001061	MG562_M2294_M2380	1678	0.005	11.774	Biotin_carb_N;CPSase_L_D2;Biotin_carb_C,Biotin_lipoyl
BGC0001062	M0132	126	9.533	9.533	DAO,FGGY_N;FGGY_C
BGC0001062	M0295	198	5.836	5.836	AS-MannoseP_isomer_c2,Methyltransf_2
BGC0001062	M0562	75	11.047	11.047	AS-PKS_AT_c24,AS-ksIII_c2
BGC0001062	M0762	104	10.679	25.155	AS-tabtoxin_c0,Anthrone_oxy,FAD_binding_3_c21,KR_c6
BGC0001062	M1322	377	7.581	7.581	AS-MannoseP_isomer_c2,DAO
BGC0001062	M1400	134	33.006	66.393	ABM_c6,AS-MannoseP_isomer_c2,AS-t2clf_c39,AS-tabtoxin_c0,Anthrone_oxy,Cu-oxidase_3;Cu-oxidase_2,Cyclase_polyket,FAD_binding_3_c21,KR_c6,Methyltransf_2,NAD_binding_2;NAD_binding_11,Polyketide_cyc
BGC0001062	MG1484_M0032_M2806_M2894	31	-93.284	-80.703	AS-PKS_AT_c24,AS-ksIII_c2,Polyketide_cyc
BGC0001063	M0343	128	1.822	6.193	AS-fabH_c2,Thioesterase_c35
BGC0001063	M0646	85	-5.207	87.446	AS-AMP-binding_c38,AS-Acyl-CoA_dh_N_c32;AS-Acyl-CoA_dh_M_c49;AS-Acyl-CoA_dh_1_c45,AS-NAD_binding_4_c44,AS-PF00881_c13,AS-PP-binding_c10;Aminotran_1_2,AS-PP-binding_c30,AS-PPDK_N_c8;PEP-utilizers,AS-fabH_c2,AS-t2clf_c44,Methyltransf_12_c3,Rieske,Steroid_dh,Thioesterase_c35
BGC0001063	M0648	102	3.842	75.033	AS-Acyl-CoA_dh_N_c32;AS-Acyl-CoA_dh_M_c49;AS-Acyl-CoA_dh_1_c45,AS-PF00881_c13,AS-PP-binding_c10;Aminotran_1_2,AS-PP-binding_c30,AS-PPDK_N_c8;PEP-utilizers,AS-fabH_c2,AS-t2clf_c44,Methyltransf_12_c3,Steroid_dh
BGC0001063	M0870	293	8.943	8.943	AS-fabH_c2,Thioesterase_c35
BGC0001063	M0971	280	10.077	10.077	AS-AMP-binding_c38,Thioesterase_c35
BGC0001063	M2698	104	16.635	46.838	AS-Acyl-CoA_dh_N_c32;AS-Acyl-CoA_dh_M_c49;AS-Acyl-CoA_dh_1_c45,AS-PF00881_c13,AS-PPDK_N_c8;PEP-utilizers,AS-t2clf_c44,Rieske,Steroid_dh
BGC0001063	MG1357_M1293_M1551_M1552	336	-9.109	-8.814	AS-fabH_c2,Thioesterase_c35
BGC0001064	M1885	174	19.601	19.601	AS-Chal_sti_synt_N_c36;HMG_CoA_synt_C,AS-t2pks2_c2,ECH_1_c18
BGC0001066	M0099	50	9.754	9.754	FAD_binding_4;BBE,Thioesterase_c39
BGC0001066	MG1774_M0385_M0855	653	3.388	7.953	Aldedh,TPP_enzyme_N;TPP_enzyme_M;TPP_enzyme_C
BGC0001067	MG275_M2115_M2856	92	2.231	3.624	AS-p450_c35,Methyltransf_2,UbiA
BGC0001071	M1885	174	19.601	31.077	AS-Chal_sti_synt_N_c36;HMG_CoA_synt_C,AS-t2pks2_c2,Acyl_transf_1_c7,ECH_1_c18
BGC0001071	MG1983_M1848_M1890	214	8.91	15.519	AS-t2pks2_c2,Acyl_transf_1_c7,ECH_1_c18
BGC0001072	M0296	192	6.02	6.02	FMN_red,Sugar_tr
BGC0001072	M0327	69	8.846	8.846	FMN_red,Thioesterase_c35
BGC0001072	M0782	991	5.902	5.902	Aldedh,Sugar_tr
BGC0001072	M0932	359	6.485	6.485	Carboxyl_trans,Sugar_tr
BGC0001072	M0971	280	10.077	10.077	AS-AMP-binding_c38,Thioesterase_c35
BGC0001072	MG1357_M1293_M1551_M1552	336	-9.109	-6.84	Aldedh,Carboxyl_trans,Sugar_tr,Thioesterase_c35
BGC0001072	MG1484_M0032_M2806_M2894	31	-93.284	-88.955	FMN_red,KR_c29,NAD_binding_10
BGC0001072	MG1523_M1029_M1031	539	14.904	20.376	AS-t2clf_c28,AS-t2clf_c39,Cyclase_polyket,Polyketide_cyc2
BGC0001072	MG1524_M0073_M0590	631	3.673	12.961	AS-t2clf_c28,AS-t2clf_c39
BGC0001073	M0159	99	5.338	7.579	Glyoxalase_6,Polyketide_cyc2
BGC0001073	M0173	67	3.974	9.07	Beta-lactamase,Glyoxalase_6
BGC0001073	M0177	159	6.759	13.568	AS-Abhydrolase_6,NAD_binding_10,PRAI
BGC0001073	M0186	141	7.038	7.038	AS-Abhydrolase_6,Polyketide_cyc2
BGC0001073	M0247	460	6.231	6.231	AS-Abhydrolase_6,Sugar_tr
BGC0001073	M0296	192	6.02	6.02	FMN_red,Sugar_tr
BGC0001073	M0304	159	6.874	6.874	AS-Abhydrolase_6,FMN_red
BGC0001073	M0322	106	7.482	7.482	AS-Abhydrolase_6,Beta-lactamase
BGC0001073	M0333	41	6.56	9.841	E1_dh,Transket_pyr;Transketolase_C
BGC0001073	M0560	43	7.733	7.733	AS-MGT_c0,GDP_Man_Dehyd
BGC0001073	M1182	117	7.646	14.024	AS-dTDP_sugar_isom_c2,GDP_Man_Dehyd,NTP_transferase
BGC0001073	M1363	144	6.703	46.974	AS-ectoine_synt_c5,Glycos_transf_3,IGPS,PRAI,Transglut_core,Trp_syntA
BGC0001073	M1424	241	2.632	12.628	AS-ectoine_synt_c5,Transglut_core
BGC0001073	MG1410_M0344_M0429_M2012_M2015	1046	-3.047	8.703	E1_dh,Transket_pyr;Transketolase_C
BGC0001073	MG1412_M0921_M2016_M2017	621	3.807	11.038	E1_dh,Transket_pyr;Transketolase_C
BGC0001073	MG1423_M1723_M1852	74	-6.585	-0.626	GFO_IDH_MocA_c3,Hexose_dehydrat
BGC0001073	MG1484_M0032_M2806_M2894	31	-93.284	-46.077	ABM_c1,AS-PP-binding_c28,Cyclase,FMN_red,KR_c29,NAD_binding_10,OsmC,SnoaL_4
BGC0001073	MG1488_M0840_M1121	326	18.423	23.636	AS-MGT_c0,AS-dTDP_sugar_isom_c2,GDP_Man_Dehyd,Hexose_dehydrat
BGC0001073	MG1524_M0073_M0590	631	3.673	12.961	AS-t2clf_c28,AS-t2clf_c39
BGC0001073	MG450_M0751_M2593_M2610	813	7.728	13.019	AS-MGT_c0,GDP_Man_Dehyd,NTP_transferase
BGC0001074	M0437	179	8.37	8.37	AS-DegT_DnrJ_EryC1_c15,NTP_transferase
BGC0001074	M0560	43	7.733	7.733	AS-MGT_c0,GDP_Man_Dehyd
BGC0001074	M0562	75	11.047	11.047	AS-PKS_AT_c24,AS-ksIII_c2
BGC0001074	M1090	59	10.581	10.581	AS-DegT_DnrJ_EryC1_c15,GDP_Man_Dehyd
BGC0001074	M1091	81	15.217	21.756	AS-DegT_DnrJ_EryC1_c15,AS-dTDP_sugar_isom_c2,FAD_binding_3_c19,Hexose_dehydrat
BGC0001074	M1182	117	7.646	14.024	AS-dTDP_sugar_isom_c2,GDP_Man_Dehyd,NTP_transferase
BGC0001074	MG1423_M1723_M1852	74	-6.585	0.404	AS-DegT_DnrJ_EryC1_c47,Hexose_dehydrat
BGC0001074	MG1484_M0032_M2806_M2894	31	-93.284	-22.228	ABM_c1,AS-PF00561,AS-PKS_AT_c24,AS-PP-binding_c28,AS-ksIII_c2,AS-t2ks_c40,Aldo_ket_red,Cyclase,KR_c29,Methyltransf_11_c7,SnoaL_4
BGC0001074	MG1488_M0840_M1121	326	18.423	31.155	AS-MGT_c0,AS-dTDP_sugar_isom_c2,GDP_Man_Dehyd,Hexose_dehydrat,Methyltransf_11_c7
BGC0001074	MG1489_M1416_M1417	369	29.466	53.301	AS-DegT_DnrJ_EryC1_c15,AS-DegT_DnrJ_EryC1_c47,AS-MGT_c0,AS-dTDP_sugar_isom_c2,AS-ksIII_c2,GDP_Man_Dehyd,GFO_IDH_MocA_c21,Hexose_dehydrat,NTP_transferase
BGC0001074	MG1490_M0790_M1414	198	24.625	40.778	AS-DegT_DnrJ_EryC1_c47,AS-MGT_c0,AS-dTDP_sugar_isom_c2,AS-t2clf_c28,GFO_IDH_MocA_c21,Hexose_dehydrat
BGC0001074	MG1508_M0255_M0793	71	65.688	76.827	ABM_c1,AS-DegT_DnrJ_EryC1_c47,AS-MGT_c0,AS-dTDP_sugar_isom_c2,AS-ksIII_c2,AS-t2clf_c28,AS-t2ks_c40,Aldo_ket_red,Cyclase,GDP_Man_Dehyd,GFO_IDH_MocA_c21,Hexose_dehydrat,NTP_transferase,SnoaL_4
BGC0001074	MG1887_M0366_M0416	424	-1.537	2.905	AS-PF00561,Aldo_ket_red
BGC0001074	MG1888_M0195_M0251	288	-9.164	7.056	AS-PF00561,Aldo_ket_red
BGC0001074	MG450_M0751_M2593_M2610	813	7.728	13.019	AS-MGT_c0,GDP_Man_Dehyd,NTP_transferase
BGC0001074	MG475_M1088_M1089	204	4.345	4.345	AS-DegT_DnrJ_EryC1_c15,GDP_Man_Dehyd
BGC0001078	M0295	198	5.836	24.457	AS-DegT_DnrJ_EryC1_c1,AS-MannoseP_isomer_c2,Methyltransf_2,PTase_Orf2
BGC0001078	M0343	128	1.822	5.276	AS-fabH_c2,NAD_binding_9
BGC0001078	MG1069_M1051_M1791	411	7.936	11.877	AS-fabH_c3,HMG-CoA_red
BGC0001078	MG1071_M1270_M1743_M1789	672	-6.161	33.359	AS-fabH_c3,FMN_dh,GHMP_kinases_N;GHMP_kinases_C,GHMP_kinases_N;MDD_C,HMG-CoA_red
BGC0001079	M0144	100	1.604	2.758	AS-AMP-binding_c13,AS-MannoseP_isomer_c2,Sugar_tr
BGC0001079	M0295	198	5.836	20.111	AS-AMP-binding_c13,AS-MannoseP_isomer_c2,Methyltransf_2,PTase_Orf2
BGC0001079	M0599	418	5.307	5.307	AS-MannoseP_isomer_c2,Sugar_tr
BGC0001079	MG1069_M1051_M1791	411	7.936	11.877	AS-fabH_c3,HMG-CoA_red
BGC0001079	MG1071_M1270_M1743_M1789	672	-6.161	33.359	AS-fabH_c3,FMN_dh,GHMP_kinases_N;GHMP_kinases_C,GHMP_kinases_N;MDD_C,HMG-CoA_red
BGC0001080	MG1069_M1051_M1791	411	7.936	11.877	AS-fabH_c3,HMG-CoA_red
BGC0001080	MG1071_M1270_M1743_M1789	672	-6.161	33.359	AS-fabH_c3,FMN_dh,GHMP_kinases_N;GHMP_kinases_C,GHMP_kinases_N;MDD_C,HMG-CoA_red
BGC0001080	MG830_M1441_M1444_M1450_M1451_M1455	446	3.872	46.847	AS-phzB_c0,Chorismate_bind_c1;GATase_c1,DAHP_synth_2_c8;DAHP_synth_2_c2,Isochorismatase_c21,Methyltransf_2,PhzC-PhzF_c4,Putative_PNPOx_c5;PNP_phzG_C_c0
BGC0001083	M0144	100	1.604	2.758	AS-AMP-binding_c13,AS-MannoseP_isomer_c2,Sugar_tr
BGC0001083	M0295	198	5.836	28.629	AS-AMP-binding_c13,AS-DegT_DnrJ_EryC1_c1,AS-MannoseP_isomer_c2,Methyltransf_2,PTase_Orf2
BGC0001083	M0343	128	1.822	5.276	AS-fabH_c2,NAD_binding_9
BGC0001083	M0589	100	6.334	6.334	Lyase_1;ADSL_C,Sugar_tr
BGC0001083	M0599	418	5.307	5.307	AS-MannoseP_isomer_c2,Sugar_tr
BGC0001083	MG1069_M1051_M1791	411	7.936	11.877	AS-fabH_c3,HMG-CoA_red
BGC0001083	MG1071_M1270_M1743_M1789	672	-6.161	33.359	AS-fabH_c3,FMN_dh,GHMP_kinases_N;GHMP_kinases_C,GHMP_kinases_N;MDD_C,HMG-CoA_red
BGC0001088	MG403_M1476_M1496_M2005	63	-41.918	-24.642	AS-Abhydrolase_6,AS-Carbam_trans_N_c0
BGC0001090	M2708	197	-8.933	10.195	AS-Condensation_c28;AS-AMP-binding_c38;AS-PP-binding_c47;AS-Condensation_c30;AMP-binding_C_c41;Thioesterase_c0,AS-Condensation_c28;AS-AMP-binding_c43;AS-PP-binding_c12;AS-Condensation_c30;AMP-binding_C_c29,AS-TIGR03651_c1
BGC0001090	MG558_M2415_M2634_M2635_M2678_M2679_M2728_M2729	204	-83.395	-42.349	AS-Condensation_c28;AS-AMP-binding_c38;AS-PP-binding_c47;AS-Condensation_c30;AMP-binding_C_c41;Thioesterase_c0,AS-Condensation_c28;AS-AMP-binding_c43;AS-PP-binding_c12;AS-Condensation_c30;AMP-binding_C_c29,AS-PKS_AT_c1,AS-TIGR03651_c1,CoA_trans,Glyco_hydro_43;CBM_6,KR_c12
BGC0001091	MG1980_M1827_M1969_M1973_M1974_M1976_M1977	193	-44.001	-35.347	Acyl_transf_1_c7;NMO,ECH_1_c42
BGC0001093	M0650	95	-4.622	-3.869	Gal_mutarotas_2;Glyco_hydro_31,Glyco_hydro_3;Glyco_hydro_3_C;CBM_6,Sugar_tr
BGC0001094	M0283	102	8.911	8.911	AP_endonuc_2,AS-Polysacc_synt_c7
BGC0001095	M1690	495	8.715	8.715	AS-HMGL-like_c8,Carboxyl_trans
BGC0001095	M2595	340	-3.341	-1.321	AS-Condensation_c40;AS-AMP-binding_c38;AS-PP-binding_c23,ECH_1_c22
BGC0001095	M2708	197	-8.933	15.122	AS-Acyl-CoA_dh_N_c32;AS-Acyl-CoA_dh_M_c34;AS-Acyl-CoA_dh_1_c16,AS-Condensation_c37;AS-AMP-binding_c38;AS-PP-binding_c31;Transferase_c15;AMP-binding_C_c28,AS-Condensation_c37;AS-AMP-binding_c38;AS-PP-binding_c41;Thioesterase_c46
BGC0001095	MG558_M2415_M2634_M2635_M2678_M2679_M2728_M2729	204	-83.395	-10.087	AS-AMP-binding_c11,AS-Acyl-CoA_dh_N_c32;AS-Acyl-CoA_dh_M_c34;AS-Acyl-CoA_dh_1_c16,AS-Condensation_c37;AS-AMP-binding_c38;AS-PP-binding_c31;Transferase_c15;AMP-binding_C_c28,AS-Condensation_c37;AS-AMP-binding_c38;AS-PP-binding_c41;Thioesterase_c46,AS-Condensation_c40;AS-AMP-binding_c38;AS-PP-binding_c23,AS-HMGL-like_c8,Biotin_carb_N;CPSase_L_D2;Biotin_carb_C,Biotin_lipoyl,Carboxyl_trans,ECH_1_c22,Peptidase_S13
BGC0001095	MG560_M2387_M2388_M2493_M2494_M2499_M2511_M2512_M2631_M2647_M2648	337	-10.648	11.272	AS-Condensation_c40;AS-AMP-binding_c38;AS-PP-binding_c23,AS-HMGL-like_c8,Biotin_carb_N;CPSase_L_D2;Biotin_carb_C,Biotin_lipoyl,Carboxyl_trans,ECH_1_c22,Peptidase_S13
BGC0001095	MG562_M2294_M2380	1678	0.005	11.774	Biotin_carb_N;CPSase_L_D2;Biotin_carb_C,Biotin_lipoyl
BGC0001095	MG563_M2382_M2480_M2481	876	-5.25	28.849	AS-HMGL-like_c8,Biotin_carb_N;CPSase_L_D2;Biotin_carb_C,Biotin_lipoyl,Carboxyl_trans,ECH_1_c22
BGC0001098	MG558_M2415_M2634_M2635_M2678_M2679_M2728_M2729	204	-83.395	-65.658	AS-Condensation_c28;AS-AMP-binding_c43;AS-PP-binding_c47;AS-Condensation_c30;AMP-binding_C_c43;Thioesterase_c0,AS-PKS_AT_c1,AS-TIGR03651_c1,CoA_trans,KR_c12
BGC0001099	M1885	174	19.601	44.988	AS-Chal_sti_synt_N_c36;HMG_CoA_synt_C,AS-PKS_AT_c20,AS-t2pks2_c2,Acyl_transf_1_c7,ECH_1_c18,ECH_1_c29
BGC0001099	MG1357_M1293_M1551_M1552	336	-9.109	-2.204	FA_desaturase,LPG_synthase_C
BGC0001099	MG1983_M1848_M1890	214	8.91	15.519	AS-t2pks2_c2,Acyl_transf_1_c7,ECH_1_c18
BGC0001101	M0099	50	9.754	9.754	FAD_binding_4;BBE,Thioesterase_c39
BGC0001101	M0267	159	6.713	6.713	Aminotran_1_2,FA_desaturase
BGC0001101	M0314	28	5.158	5.158	Aminotran_1_2,Sugar_tr
BGC0001101	M0320	121	6.9	6.9	AS-PF00561,NAD_binding_10
BGC0001101	M0448	314	7.189	7.189	AS-AMP-binding_c21,AS-PF00561
BGC0001101	M0504	198	-4.454	6.176	AS-PIG-L_c0,AdoHcyase,MTHFR
BGC0001101	M0566	35	5.103	5.103	2OG-Fe_Oxy_2,SHMT
BGC0001101	M0684	176	8.722	8.722	AS-AMP-binding_c21,FA_desaturase
BGC0001101	M1177	121	6.652	6.652	AS-AMP-binding_c38;AS-PP-binding_c9,KR_c26
BGC0001101	M1212	73	10.355	10.355	AS-AMP-binding_c21,AS-PP-binding_c38
BGC0001101	MG1484_M0032_M2806_M2894	31	-93.284	-92.887	AS-PF00561,AS-p450_c26,NAD_binding_10
BGC0001101	MG149_M2827_M2837_M2838	23	-25.855	-22.145	AS-AMP-binding_c38;AS-PP-binding_c9,AS-p450_c26
BGC0001101	MG1887_M0366_M0416	424	-1.537	5.269	AS-PF00561,Sugar_tr
BGC0001103	MG562_M2294_M2380	1678	0.005	11.774	Biotin_carb_N;CPSase_L_D2;Biotin_carb_C,Biotin_lipoyl
BGC0001106	MG1314_M1251_M1842	399	11.441	11.441	3HCDH_N;3HCDH,AS-PP-binding_c23
BGC0001110	M0787	24	21.909	30.781	AS-Chal_sti_synt_N_c36;HMG_CoA_synt_C,AS-PP-binding_c16,AS-t2pks2_c0,Acyl_transf_1_c7,ECH_1_c18
BGC0001113	M1885	174	19.601	37.968	AS-Chal_sti_synt_N_c36;HMG_CoA_synt_C,AS-PKS_AT_c20,AS-t2pks2_c2,Acyl_transf_1_c7,ECH_1_c18
BGC0001113	MG1983_M1848_M1890	214	8.91	15.519	AS-t2pks2_c2,Acyl_transf_1_c7,ECH_1_c18
BGC0001114	M1885	174	19.601	37.968	AS-Chal_sti_synt_N_c36;HMG_CoA_synt_C,AS-PKS_AT_c20,AS-t2pks2_c2,Acyl_transf_1_c7,ECH_1_c18
BGC0001114	MG1983_M1848_M1890	214	8.91	15.519	AS-t2pks2_c2,Acyl_transf_1_c7,ECH_1_c18
BGC0001114	MG797_M2791_M2868_M2869	756	-6.088	-0.592	AhpC-TSA;1-cysPrx_C,Thioredoxin_3;Pyr_redox_2_c36
BGC0001115	M0465	184	8.162	8.162	Bac_luciferase,Thioesterase_c35
BGC0001115	M1885	174	19.601	19.601	AS-Chal_sti_synt_N_c36;HMG_CoA_synt_C,AS-t2pks2_c2,ECH_1_c18
BGC0001115	MG1484_M0032_M2806_M2894	31	-93.284	-92.543	AS-PF00561,Bac_luciferase,KR_c21
BGC0001119	M0414	109	6.263	6.263	Bac_luciferase,ROK
BGC0001119	M1003	294	10.288	18.226	3HCDH_N;3HCDH,AS-ADH_N_c16;AS-ADH_zinc_N_c17,AS-fabH_c2
BGC0001119	M1193	49	7.159	39.538	3HCDH_N;3HCDH,AS-ADH_N_c16;AS-ADH_zinc_N_c17,AS-DegT_DnrJ_EryC1_c15,AS-p450_c17;AS-p450_c16,DHquinase_II,FAD_binding_3_c37
BGC0001119	MG1850_M0505_M0626	1246	4.101	4.101	Bac_luciferase,Sugar_tr
BGC0001119	MG494_M1556_M1899_M1903_M1908_M1909_M1911_M1914_M1916_M1917	269	-1.697	45.312	AS-DHQ_synthase_c2,AS-DegT_DnrJ_EryC1_c15,Acetyltransf_2,DHquinase_II,FAD_binding_3_c37,GFO_IDH_MocA_c32;GFO_IDH_MocA_C,ROK
BGC0001122	M0514	217	7.062	7.062	KR_c12,Sugar_tr
BGC0001123	M0314	28	5.158	5.158	Aminotran_1_2,Sugar_tr
BGC0001126	M1471	280	14.285	14.285	Glycos_trans_3N;Glycos_transf_3,IGPS
BGC0001126	MG1484_M0032_M2806_M2894	31	-93.284	-92.572	Glycos_trans_3N;Glycos_transf_3,Rieske
BGC0001126	MG928_M0849_M0851_M2436	458	2.038	5.797	GcpE,polyprenyl_synt_c16
BGC0001126	MG942_M0905_M0975_M2463	1559	-1.823	10.071	AS-DXP_synthase_N_c0;Transket_pyr;Transketolase_C,polyprenyl_synt_c16
BGC0001137	MG721_M2099_M2670	66	12.433	28.021	Fer4_11;Nitr_red_bet_C,Molybdopterin;Molydop_binding,Nitrate_red_del,Nitrate_red_gam
BGC0001138	M1090	59	10.581	10.581	AS-DegT_DnrJ_EryC1_c15,GDP_Man_Dehyd
BGC0001138	M1413	198	1.683	16.503	CCG,Fer4_8
BGC0001138	M2519	84	9.748	9.748	Inositol_P,NUDIX
BGC0001138	MG475_M1088_M1089	204	4.345	4.345	AS-DegT_DnrJ_EryC1_c15,GDP_Man_Dehyd
BGC0001138	MG510_M0258_M0281	52	-26.516	-26.091	AS-PP-binding_c30,NUDIX
BGC0001140	M0128	87	8.881	8.881	Amidohydro_2,MaoC_dehydratas
BGC0001140	M0483	246	10.706	10.706	CoA_transf_3,MaoC_dehydratas
BGC0001140	M0802	135	9.458	9.458	CoA_transf_3,SnoaL_4
BGC0001140	M2050	351	9.368	9.368	CoA_transf_3,Thiolase_N;Thiolase_C
BGC0001140	M2059	420	9.689	16.606	KR_c5,MaoC_dehydratas,Thiolase_N;Thiolase_C
BGC0001140	M2402	110	10.246	23.74	AS-DXP_synthase_N_c0;Transket_pyr;Transketolase_C,GcpE,LYTB,polyprenyl_synt_c19
BGC0001140	MG1069_M1051_M1791	411	7.936	7.936	AS-fabH_c3,Thiolase_N;Thiolase_C
BGC0001140	MG1484_M0032_M2806_M2894	31	-93.284	-93.092	CoA_transf_3,SnoaL_4
BGC0001147	M0437	179	8.37	14.766	AS-DegT_DnrJ_EryC1_c15,NTP_transferase,UDPG_MGDP_dh_N;UDPG_MGDP_dh;UDPG_MGDP_dh_C
BGC0001147	MG306_M0894_M1259	132	6.856	6.856	NTP_transferase,UDPG_MGDP_dh_N;UDPG_MGDP_dh;UDPG_MGDP_dh_C
BGC0001148	M0207	80	8.519	8.519	AS-PP-binding_c23,Aminotran_1_2
BGC0001148	M0329	87	7.501	16.856	AS-p450_c29,AS-pgm_amidino_c0,Aminotran_1_2
BGC0001148	M0600	207	7.983	7.983	AS-AMP-binding_c38,Aminotran_1_2
BGC0001148	MG1317_M0639_M1230	141	8.353	8.353	AS-AMP-binding_c38,AS-PP-binding_c23
BGC0001148	MG403_M1476_M1496_M2005	63	-41.918	-29.858	AS-AMP-binding_c38,Aminotran_1_2
BGC0001149	M0898	41	0.381	9.095	AS-Glyco_transf_28_c5;AS-MGT_c14,FAD_binding_3_c39
BGC0001150	MG1357_M1293_M1551_M1552	336	-9.109	-5.81	AS-PP-binding_c16,AS-fabH_c2,Sugar_tr
BGC0001150	MG1484_M0032_M2806_M2894	31	-93.284	-91.932	AS-t2ks_c40,KR_c23
BGC0001151	MG1887_M0366_M0416	424	-1.537	-1.537	Aldo_ket_red,Sugar_tr
BGC0001152	MG1774_M0385_M0855	653	3.388	11.447	AS-adh_short_C2,Aldedh,TPP_enzyme_N;TPP_enzyme_M;TPP_enzyme_C
BGC0001155	M1784	56	25.165	43.879	AS-Lant_dehydr_C_c0,AS-Lant_dehydr_C_c2,AS-Lant_dehydr_N_c1,AS-TIGR03604_c0,AS-Thiopeptide_F_RRE_c0;AS-YcaO_c41,AS-thio_amide_c2
BGC0001156	M0128	87	8.881	8.881	Amidohydro_2,MaoC_dehydratas
BGC0001156	M0483	246	10.706	10.706	CoA_transf_3,MaoC_dehydratas
BGC0001156	M0802	135	9.458	9.458	CoA_transf_3,SnoaL_4
BGC0001156	M2050	351	9.368	9.368	CoA_transf_3,Thiolase_N;Thiolase_C
BGC0001156	M2059	420	9.689	22.561	KR_c11,KR_c5,MaoC_dehydratas,Thiolase_N;Thiolase_C
BGC0001156	M2402	110	10.246	23.74	AS-DXP_synthase_N_c0;Transket_pyr;Transketolase_C,GcpE,LYTB,polyprenyl_synt_c19
BGC0001156	MG1069_M1051_M1791	411	7.936	7.936	AS-fabH_c3,Thiolase_N;Thiolase_C
BGC0001156	MG1484_M0032_M2806_M2894	31	-93.284	-93.092	CoA_transf_3,SnoaL_4
BGC0001156	MG958_M0885_M1016_M2051	150	1.978	7.115	KR_c11,MaoC_dehydratas,Thiolase_N;Thiolase_C
BGC0001159	M0347	57	6.333	6.333	Flavin_Reduct,Thioesterase_c37
BGC0001159	MG1484_M0032_M2806_M2894	31	-93.284	-93.245	AS-PP-binding_c19,Aldo_ket_red
BGC0001165	M1885	174	19.601	19.601	AS-Chal_sti_synt_N_c36;HMG_CoA_synt_C,AS-t2pks2_c2,ECH_1_c18
BGC0001172	M0099	50	9.754	9.754	FAD_binding_4;BBE,Thioesterase_c39
BGC0001172	M0204	88	10.236	10.236	AS-AMP-binding_c21,AS-PP-binding_c7
BGC0001172	M0296	192	6.02	6.02	FMN_red,Sugar_tr
BGC0001176	M0954	1108	-1.999	21.283	AS-Asn_synthase_c14,AS-PF13471_c2,AS-Stand_Alone_Lasso_RRE_c0
BGC0001177	M0140	162	6.564	6.724	Lactamase_B,Polyketide_cyc2
BGC0001177	M0152	196	7.036	7.036	Bac_luciferase,Polyketide_cyc2
BGC0001177	M0320	121	6.9	6.9	AS-PF00561,NAD_binding_10
BGC0001177	M0504	198	-4.454	0.791	AdoHcyase,MTHFR
BGC0001177	M0549	76	5.678	5.678	AS-PF00561,Lactamase_B
BGC0001177	M0779	70	0.03	5.955	Bac_luciferase,MTHFR
BGC0001177	M1024	425	7.571	7.571	Bac_luciferase,Flavin_Reduct
BGC0001177	MG1484_M0032_M2806_M2894	31	-93.284	-65.221	ABM_c1,AS-PF00561,AS-PP-binding_c28,AS-t2ks_c40,Bac_luciferase,NAD_binding_10
BGC0001178	M0329	87	7.501	7.501	AS-p450_c29,Aminotran_1_2
BGC0001178	M0437	179	8.37	8.37	AS-DegT_DnrJ_EryC1_c15,NTP_transferase
BGC0001178	M0680	56	10.538	10.538	Methyltransf_13;Methyltransf_23;Methyltransf_14,NTP_transferase
BGC0001178	M0884	36	21.168	24.188	AS-Trp_halogenase_c8,AS-p450_c9,FMN_dh,PDH_N;PDH_C
BGC0001178	M1091	81	15.217	23.486	AS-DegT_DnrJ_EryC1_c15,AS-Glyco_transf_28_c10;AS-MGT_c8,AS-dTDP_sugar_isom_c2,Hexose_dehydrat
BGC0001178	M2114	79	13.672	22.914	AS-Trp_halogenase_c8,DAHP_snth_FXD;DAHP_synth_1,PDH_N;PDH_C
BGC0001178	M2116	130	11.27	27.254	AS-Trp_halogenase_c8,DAHP_snth_FXD;DAHP_synth_1,FMN_dh,PDH_N;PDH_C
BGC0001178	MG190_M0591_M0606	63	1.814	1.814	FAD_binding_9;SIP,FMN_dh
BGC0001178	MG389_M1921_M1922	411	5.228	21.923	AS-Trp_halogenase_c8,Aminotran_1_2,FMN_dh,PDH_N;PDH_C
BGC0001179	M0140	162	6.564	12.508	AS-ksIII_c2,Lactamase_B,Polyketide_cyc2
BGC0001179	M0152	196	7.036	7.036	Bac_luciferase,Polyketide_cyc2
BGC0001179	M0163	280	6.233	6.233	Flavin_Reduct,Sugar_tr
BGC0001179	M0496	269	3.814	8.699	Flavin_Reduct,SnoaL_4
BGC0001179	M0562	75	11.047	11.047	AS-PKS_AT_c24,AS-ksIII_c2
BGC0001179	M1024	425	7.571	7.571	Bac_luciferase,Flavin_Reduct
BGC0001179	MG1484_M0032_M2806_M2894	31	-93.284	-51.097	ABM_c1,AS-PKS_AT_c24,AS-ksIII_c2,AS-t2ks_c40,Bac_luciferase,KR_c29,SnoaL_4
BGC0001179	MG1850_M0505_M0626	1246	4.101	4.101	Bac_luciferase,Sugar_tr
BGC0001183	M0099	50	9.754	9.754	FAD_binding_4;BBE,Thioesterase_c39
BGC0001183	M0314	28	5.158	5.158	Aminotran_1_2,Sugar_tr
BGC0001183	M0437	179	8.37	8.37	AS-DegT_DnrJ_EryC1_c15,NTP_transferase
BGC0001183	M0560	43	7.733	7.733	AS-MGT_c0,GDP_Man_Dehyd
BGC0001183	M0680	56	10.538	16.653	Methyltransf_13;Methyltransf_23;Methyltransf_14,Methyltransf_21,NTP_transferase
BGC0001183	M1090	59	10.581	10.581	AS-DegT_DnrJ_EryC1_c15,GDP_Man_Dehyd
BGC0001183	M1091	81	15.217	15.217	AS-DegT_DnrJ_EryC1_c15,AS-dTDP_sugar_isom_c2,Hexose_dehydrat
BGC0001183	M1182	117	7.646	14.024	AS-dTDP_sugar_isom_c2,GDP_Man_Dehyd,NTP_transferase
BGC0001183	MG1278_M1350_M2101	263	8.45	12.742	GHMP_kinases_N,Lyase_1
BGC0001183	MG1423_M1723_M1852	74	-6.585	-0.397	AS-MGT_c4;AS-MGT_c11,Hexose_dehydrat
BGC0001183	MG1488_M0840_M1121	326	18.423	23.636	AS-MGT_c0,AS-dTDP_sugar_isom_c2,GDP_Man_Dehyd,Hexose_dehydrat
BGC0001183	MG1489_M1416_M1417	369	29.466	44.702	AS-DegT_DnrJ_EryC1_c15,AS-MGT_c0,AS-dTDP_sugar_isom_c2,GDP_Man_Dehyd,GFO_IDH_MocA_c21,Hexose_dehydrat,Methyltransf_13;Methyltransf_23;Methyltransf_14,NTP_transferase
BGC0001183	MG1887_M0366_M0416	424	-1.537	-1.537	Aldo_ket_red,Sugar_tr
BGC0001183	MG276_M2671_M2745_M2836	43	-20.984	-12.387	AS-MGT_c0,TauD_c21
BGC0001183	MG450_M0751_M2593_M2610	813	7.728	13.019	AS-MGT_c0,GDP_Man_Dehyd,NTP_transferase
BGC0001183	MG475_M1088_M1089	204	4.345	4.345	AS-DegT_DnrJ_EryC1_c15,GDP_Man_Dehyd
BGC0001184	M0314	28	5.158	5.158	Aminotran_1_2,Sugar_tr
BGC0001184	M0599	418	5.307	14.307	AS-MannoseP_isomer_c2,AS-bacilysin_c1,Sugar_tr
BGC0001185	M1647	463	2.65	23.013	AS-EntA_c1,AS-EntC_c1,Isochorismatase_c21;AS-PP-binding_c40
BGC0001185	MG777_M1635_M1641_M1642_M1646_M1648	171	-1.959	5.362	AS-AMP-binding_c48,AS-EntA_c1,AS-EntC_c1,Isochorismatase_c21;AS-PP-binding_c40
BGC0001185	MG779_M1630_M1637_M1676	190	-2.735	16.368	AS-EntA_c1,AS-EntC_c1,Isochorismatase_c21;AS-PP-binding_c40
BGC0001185	MG781_M2561_M2736	532	6.041	27.451	AS-AMP-binding_c48,AS-EntA_c1,AS-EntC_c1,Isochorismatase_c21;AS-PP-binding_c40
BGC0001189	M1201	124	-2.166	10.906	AS-Orn_monoox_c0,Acetyltransf_8
BGC0001189	MG589_M2306_M2393	718	-4.028	-2.46	AS-Orn_monoox_c0,Abhydrolase_3
BGC0001190	M0549	76	5.678	5.678	AS-PF00561,Lactamase_B
BGC0001193	M0130	110	8.238	8.238	AS-MannoseP_isomer_c2,KR_c12
BGC0001193	M0301	49	8.346	8.346	AS-p450_c16,Thioesterase_c35
BGC0001193	M0514	217	7.062	7.062	KR_c12,Sugar_tr
BGC0001193	M0599	418	5.307	5.307	AS-MannoseP_isomer_c2,Sugar_tr
BGC0001193	M1322	377	7.581	7.581	AS-MannoseP_isomer_c2,DAO
BGC0001194	M0153	118	1.762	1.762	AS-p450_c7,Sugar_tr
BGC0001194	M0241	147	6.609	6.609	AS-PF00561,KR_c25
BGC0001194	M0454	321	7.756	7.756	AP_endonuc_2,Sugar_tr
BGC0001194	MG1887_M0366_M0416	424	-1.537	5.269	AS-PF00561,Sugar_tr
BGC0001194	MG1980_M1827_M1969_M1973_M1974_M1976_M1977	193	-44.001	-40.19	AS-PF00561,AS-p450_c7,KR_c25
BGC0001197	M2505	231	8.949	11.125	ABM_c6,AS-MannoseP_isomer_c2,AS-t2ks_c40,Cyclase_polyket
BGC0001197	MG1357_M1293_M1551_M1552	336	-9.109	-7.016	AS-PP-binding_c16,Polyketide_cyc
BGC0001197	MG1484_M0032_M2806_M2894	31	-93.284	-91.09	AS-t2ks_c40,Polyketide_cyc
BGC0001199	M1003	294	10.288	10.288	3HCDH_N;3HCDH,AS-fabH_c2
BGC0001199	MG1556_M2658_M2733_M2764	714	-14.074	7.769	GATase_3,Mur_ligase_M
BGC0001204	M0278	101	7.793	7.793	Aldo_ket_red,Polyketide_cyc2
BGC0001204	M0343	128	1.822	6.193	AS-fabH_c2,Thioesterase_c35
BGC0001204	M0560	43	7.733	17.461	AS-MGT_c0,GDP_Man_Dehyd,MycE_N
BGC0001204	M0627	29	3.086	3.086	AS-p450_c9,Thioesterase_c35
BGC0001204	M0870	293	8.943	8.943	AS-fabH_c2,Thioesterase_c35
BGC0001204	M1003	294	10.288	10.288	3HCDH_N;3HCDH,AS-fabH_c2
BGC0001204	M1156	30	17.062	17.062	2-oxoacid_dh,AS-fabH_c18,FrsA-like,Polyketide_cyc2
BGC0001204	M1182	117	7.646	24.325	AS-RmlD_sub_bind_c5,AS-dTDP_sugar_isom_c2,GDP_Man_Dehyd,NTP_transferase
BGC0001204	M1331	254	7.108	7.108	AS-fabH_c2,Aldo_ket_red
BGC0001204	MG1260_M1163_M1166	83	9.227	14.004	2-oxoacid_dh,AS-fabH_c18,FrsA-like
BGC0001204	MG1262_M1172_M1173	244	13.038	33.021	2-oxoacid_dh,AOC_like,AS-fabH_c18,FrsA-like
BGC0001204	MG1357_M1293_M1551_M1552	336	-9.109	-8.814	AS-fabH_c2,Thioesterase_c35
BGC0001204	MG1488_M0840_M1121	326	18.423	23.636	AS-MGT_c0,AS-dTDP_sugar_isom_c2,GDP_Man_Dehyd,Hexose_dehydrat
BGC0001204	MG450_M0751_M2593_M2610	813	7.728	20.301	AS-MGT_c0,AS-RmlD_sub_bind_c29,GDP_Man_Dehyd,NTP_transferase
BGC0001211	MG749_M2539_M2662	1042	11.385	11.385	AS-Orn_monoox_c2,Formyl_trans_N;Formyl_trans_C
BGC0001213	M1002	179	3.713	3.713	AS-AMP-binding_c48,AS-EntA_c6
BGC0001213	MG1484_M0032_M2806_M2894	31	-93.284	-90.366	AS-ksIII_c2,Polyketide_cyc
BGC0001213	MG840_M1570_M1573_M1574_M1576_M2008	796	8.263	18.655	AS-AMP-binding_c48,AS-EntA_c6,AS-PP-binding_c7,Isochorismatase_c21
BGC0001213	MG841_M1858_M1936	347	9.606	10.402	AS-EntA_c6,Isochorismatase_c21
BGC0001214	M1272	330	7.271	7.271	AS-AMP-binding_c21,AS-Abhydrolase_6
BGC0001216	M2058	342	1.093	11.412	FAD_binding_6;NAD_binding_1;Fer2,PaaA_PaaC
BGC0001216	MG885_M2035_M2036_M2040_M2053	250	2.826	46.788	AS-ADH_N_c0;AS-ADH_zinc_N_c44;AS-ADH_zinc_N_c49,AS-AMP-binding_c21,AS-Condensation_c32;AS-AMP-binding_c38;AS-PP-binding_c28;AS-adh_short,AS-PP-binding_c40,FAD_binding_6;NAD_binding_1;Fer2,PaaA_PaaC,Trp_dioxygenase
BGC0001217	M2814	338	3.089	13.614	PTPS,QueC
BGC0001217	MG1649_M2840_M2857_M2858	655	0.394	9.907	PTPS,QueC
BGC0001221	M0104	127	7.758	7.758	Methyltransf_19,Sugar_tr
BGC0001221	MG830_M1441_M1444_M1450_M1451_M1455	446	3.872	47.872	AS-phzB_c0,Chorismate_bind_c1;GATase_c1,DAHP_synth_2_c8;DAHP_synth_2_c2,Isochorismatase_c21,Methyltransf_2,PhzC-PhzF_c4,Putative_PNPOx_c5;PNP_phzG_C_c0,Sugar_tr
BGC0001225	M0756	228	7.533	7.533	Aminotran_1_2,UDPG_MGDP_dh_N;UDPG_MGDP_dh;UDPG_MGDP_dh_C
BGC0001227	MG1588_M1883_M2569_M2714	278	2.638	24.739	Amino_oxidase_c17,Amino_oxidase_c25,Rieske,SQS_PSY_c46,polyprenyl_synt_c15
BGC0001227	MG1590_M2030_M2031_M2032_M2233_M2504_M2627_M2637_M2755_M2773_M2774	1112	-25.995	43.124	AS-Lycopene_cycl_c9,Amino_oxidase_c17,Amino_oxidase_c25,Methyltransf_12_c23,Rieske,SQS_PSY_c46,polyprenyl_synt_c15
BGC0001230	M2296	191	8.784	8.784	AS-PP-binding_c38,AS-fabH_c2
BGC0001230	MG389_M1921_M1922	411	5.228	5.228	Aminotran_1_2,FMN_dh
BGC0001233	M2116	130	11.27	18.984	DAHP_snth_FXD;DAHP_synth_1,FMN_dh,PDH_N;PDH_C
BGC0001281	M0782	991	5.902	5.902	Aldedh,Sugar_tr
BGC0001281	MG1980_M1827_M1969_M1973_M1974_M1976_M1977	193	-44.001	-36.339	Hydrolase_4,PRK
BGC0001285	MG1980_M1827_M1969_M1973_M1974_M1976_M1977	193	-44.001	-37.187	G6PD_N;G6PD_C,NAD_binding_2;6PGD
BGC0001286	M0589	100	6.334	6.334	Lyase_1;ADSL_C,Sugar_tr
BGC0001287	M0098	170	7.497	7.497	Bac_luciferase,Methyltransf_2
BGC0001287	M0414	109	6.263	6.263	Bac_luciferase,ROK
BGC0001287	MG494_M1556_M1899_M1903_M1908_M1909_M1911_M1914_M1916_M1917	269	-1.697	53.429	AS-DHQ_synthase_c2,AS-DegT_DnrJ_EryC1_c15,Acetyltransf_2,DHquinase_II,FAD_binding_3_c37,GFO_IDH_MocA_c32;GFO_IDH_MocA_C,HAD_2_c30,ROK
BGC0001288	M0560	43	7.733	7.733	AS-MGT_c0,GDP_Man_Dehyd
BGC0001288	M0889	152	6.563	6.563	AS-AMP-binding_c21,Carboxyl_trans
BGC0001288	MG1260_M1163_M1166	83	9.227	22.796	2-oxoacid_dh,AS-AMP-binding_c21,AS-fabH_c18,FrsA-like
BGC0001288	MG1262_M1172_M1173	244	13.038	33.021	2-oxoacid_dh,AOC_like,AS-fabH_c18,FrsA-like
BGC0001288	MG1980_M1827_M1969_M1973_M1974_M1976_M1977	193	-44.001	-42.252	AS-AMP-binding_c21,AS-p450_c7,Carboxyl_trans
BGC0001288	MG276_M2671_M2745_M2836	43	-20.984	-12.824	AS-MGT_c0,AS-p450_c35
BGC0001288	MG450_M0751_M2593_M2610	813	7.728	13.019	AS-MGT_c0,GDP_Man_Dehyd,NTP_transferase
BGC0001292	M0689	391	6.955	6.955	Amidohydro_1,DAO
BGC0001292	M1024	425	7.571	7.571	Bac_luciferase,Flavin_Reduct
BGC0001292	MG1484_M0032_M2806_M2894	31	-93.284	-92.744	AS-ksIII_c2,Bac_luciferase
BGC0001292	MG841_M1858_M1936	347	9.606	10.402	AS-EntA_c6,Isochorismatase_c21
BGC0001296	M0732	272	7.738	22.192	Amino_oxidase_c2,Flavin_Reduct,SnoaL_2_c0,Thioesterase_c35
BGC0001296	MG1375_M0731_M0733	74	9.795	34.056	AS-Acyl-CoA_dh_N_c46;Acyl-CoA_dh_2,Amino_oxidase_c2,Flavin_Reduct,NAD_binding_2,SnoaL_2_c0,Thioesterase_c35
BGC0001297	M0056	42	9.919	12.649	AS-PP-binding_c29,AS-PP-binding_c30,Thioesterase_c19
BGC0001297	M1177	121	6.652	12.755	KR_c26,Thioesterase_c21
BGC0001297	M1538	296	-2.272	23.11	AS-PP-binding_c29,AS-ladderane_c25,FabA_c17
BGC0001297	MG1126_M1540_M1548	90	40.129	57.121	AS-PP-binding_c29,AS-PP-binding_c30,AS-ladderane_c23,AS-ladderane_c25,AS-t2fas_c2,DSBA,FabA_c17,FabA_c2,FabA_c6;FabA_c17
BGC0001297	MG1127_M1539_M1553_M1584	345	12.868	45.593	AS-PP-binding_c29,AS-ladderane_c23,AS-ladderane_c25,AS-t2fas_c2,DSBA,FabA_c17,FabA_c2
BGC0001298	M0892	181	6.366	6.366	Aminotran_1_2,His_Phos_1
BGC0001302	M0987	305	7.531	7.531	Aldedh,Flavin_Reduct
BGC0001302	MG830_M1441_M1444_M1450_M1451_M1455	446	3.872	43.548	AS-phzB_c0,Chorismate_bind_c1;GATase_c1,DAHP_synth_2_c8;DAHP_synth_2_c2,Isochorismatase_c21,PhzC-PhzF_c4,Putative_PNPOx_c5;PNP_phzG_C_c0
BGC0001303	M0206	150	8.073	8.073	Aminotran_1_2,Thioesterase_c35
BGC0001303	M0278	101	7.793	7.793	Aldo_ket_red,Polyketide_cyc2
BGC0001303	M0301	49	8.346	8.346	AS-p450_c16,Thioesterase_c35
BGC0001303	M0314	28	5.158	5.158	Aminotran_1_2,Sugar_tr
BGC0001303	M0448	314	7.189	13.822	AS-AMP-binding_c21,AS-PF00561,POR;POR_N
BGC0001303	M0470	98	5.362	5.362	AS-PF00561,AS-p450_c16
BGC0001303	M0674	165	7.524	13.283	AS-MGT_c2,AS-PF00561,Metallophos
BGC0001303	MG1336_M0511_M0964	411	6.665	8.531	AS-AMP-binding_c21,Thioesterase_c35
BGC0001303	MG1357_M1293_M1551_M1552	336	-9.109	-6.193	AS-PP-binding_c16,Sugar_tr,Thioesterase_c35
BGC0001303	MG1484_M0032_M2806_M2894	31	-93.284	-87.936	AS-PF00561,AS-PKS_AT_c24,Aldo_ket_red
BGC0001303	MG1887_M0366_M0416	424	-1.537	8.325	AS-PF00561,Aldo_ket_red,Sugar_tr
BGC0001303	MG1888_M0195_M0251	288	-9.164	7.056	AS-PF00561,Aldo_ket_red
BGC0001303	MG1980_M1827_M1969_M1973_M1974_M1976_M1977	193	-44.001	-32.804	AS-AMP-binding_c21,AS-Chal_sti_synt_N_c36,AS-PF00561,Aldo_ket_red
BGC0001303	MG276_M2671_M2745_M2836	43	-20.984	-4.122	ACP_syn_III_C_c4,AS-AMP-binding_c20,AS-MGT_c2
BGC0001307	M0954	1108	-1.999	21.283	AS-Asn_synthase_c14,AS-PF13471_c2,AS-Stand_Alone_Lasso_RRE_c0
BGC0001312	M1164	778	7.934	7.934	DAO,SBP_bac_1
BGC0001312	MG582_M2324_M2378	96	22.892	23.554	AS-PvdO_c0,AS-PvdP_c0,Aminotran_5,Cys_Met_Meta_PP_c14,Peptidase_M19
BGC0001312	MG589_M2306_M2393	718	-4.028	15.826	AS-PvdO_c0,AS-PvdP_c0,Peptidase_M19
BGC0001312	MG590_M2318_M2367_M2369_M2370_M2371_M2377	366	3.821	3.821	AS-PvdO_c0,AS-PvdP_c0,Aminotran_5,Peptidase_M19
BGC0001313	M0153	118	1.762	10.236	AS-p450_c16,AS-p450_c7
BGC0001338	M0379	47	1.015	3.035	His_Phos_1,Pro_CA
BGC0001338	M0642	141	7.735	7.735	AS-AMP-binding_c5,Aldedh
BGC0001338	M0782	991	5.902	5.902	Aldedh,Sugar_tr
BGC0001339	M0233	100	8.296	8.296	Abhydrolase_3,Beta-lactamase
BGC0001339	M0247	460	6.231	6.231	AS-Abhydrolase_6,Sugar_tr
BGC0001339	M0322	106	7.482	7.482	AS-Abhydrolase_6,Beta-lactamase
BGC0001343	M1272	330	7.271	7.271	AS-AMP-binding_c21,AS-Abhydrolase_6
BGC0001345	M0383	227	7.058	7.058	FAD_binding_9;SIP,Sugar_tr
BGC0001345	M1218	388	1.535	17.801	AS-AMP-binding_c48,AS-EntA_c1,AS-EntC_c1,Sugar_tr
BGC0001345	M1647	463	2.65	23.013	AS-EntA_c1,AS-EntC_c1,Isochorismatase_c21;AS-PP-binding_c40
BGC0001345	MG1887_M0366_M0416	424	-1.537	-1.537	Aldo_ket_red,Sugar_tr
BGC0001345	MG777_M1635_M1641_M1642_M1646_M1648	171	-1.959	5.362	AS-AMP-binding_c48,AS-EntA_c1,AS-EntC_c1,Isochorismatase_c21;AS-PP-binding_c40
BGC0001345	MG779_M1630_M1637_M1676	190	-2.735	16.368	AS-EntA_c1,AS-EntC_c1,Isochorismatase_c21;AS-PP-binding_c40
BGC0001345	MG781_M2561_M2736	532	6.041	27.451	AS-AMP-binding_c48,AS-EntA_c1,AS-EntC_c1,Isochorismatase_c21;AS-PP-binding_c40
BGC0001345	MG835_M1313_M1329	584	8.476	8.476	AS-AMP-binding_c48,FAD_binding_9;SIP
BGC0001348	MG1314_M1251_M1842	399	11.441	11.441	3HCDH_N;3HCDH,AS-PP-binding_c23
BGC0001348	MG1318_M0707_M1134_M1253_M1254_M2037	648	2.128	25.797	3HCDH_N;3HCDH,AS-Methyltransf_3_c0,AS-PP-binding_c23,HAD_2_c20
BGC0001349	M0411	69	9.654	9.654	AS-AMP-binding_c21,AS-AMP-binding_c38
BGC0001349	M0448	314	7.189	7.189	AS-AMP-binding_c21,AS-PF00561
BGC0001349	MG1887_M0366_M0416	424	-1.537	5.269	AS-PF00561,Sugar_tr
BGC0001351	MG746_M0744_M1700	111	10.305	27.049	AS-AMP-binding_c48,AS-Orn_monoox_c2,AS-SalSyn_c0,Asp_decarbox,Formyl_trans_N;Formyl_trans_C
BGC0001351	MG749_M2539_M2662	1042	11.385	11.385	AS-Orn_monoox_c2,Formyl_trans_N;Formyl_trans_C
BGC0001365	M0314	28	5.158	5.158	Aminotran_1_2,Sugar_tr
BGC0001366	M0295	198	5.836	5.836	AS-MannoseP_isomer_c2,Methyltransf_2
BGC0001366	MG1523_M1029_M1031	539	14.904	14.904	AS-t2clf_c28,AS-t2clf_c39,Cyclase_polyket
BGC0001366	MG1524_M0073_M0590	631	3.673	12.961	AS-t2clf_c28,AS-t2clf_c39
BGC0001368	M0347	57	6.333	6.333	Flavin_Reduct,Thioesterase_c37
BGC0001368	M0987	305	7.531	14.538	AS-Trp_halogenase_c6,Aldedh,Flavin_Reduct
BGC0001369	M0860	144	8.533	8.533	Aminotran_5,DJ-1_PfpI
BGC0001370	M0057	57	16.762	23.994	CBS,Flavodoxin_5,Pyridox_ox_2,Usp
BGC0001370	M0343	128	1.822	10.99	AS-Abhydrolase_6,AS-fabH_c2,AS-ladderane_c23
BGC0001370	M0665	35	3.276	68.955	AS-APH_c10,AS-Acyl-CoA_dh_M_c31;AS-Acyl-CoA_dh_1_c42,AS-Condensation_c25;AS-AMP-binding_c38;AS-PP-binding_c9,AS-PP-binding_c39,Glyoxalase_c24;Glyoxalase_c17,PAF-AH_p_II,PDH_N;PDH_C,TauD_c20
BGC0001370	M0804	147	9.893	36.599	AS-PP-binding_c39,AS-fabH_c2,AS-ladderane_c23,FMN_dh,Glyoxalase_c24;Glyoxalase_c17,TauD_c20
BGC0001370	M2116	130	11.27	21.254	FMN_dh,Glyoxalase_c24;Glyoxalase_c17,PDH_N;PDH_C
BGC0001370	MG389_M1921_M1922	411	5.228	15.17	Aminotran_1_2,FMN_dh,PDH_N;PDH_C
BGC0001370	MG403_M1476_M1496_M2005	63	-41.918	-34.122	AS-Abhydrolase_6,Aminotran_1_2
BGC0001370	MG968_M2556_M2726_M2752	384	0.073	12.279	ADI,OTCace_N;OTCace
BGC0001373	M0123	133	3.209	3.209	Amidase,Sugar_tr
BGC0001373	M0233	100	8.296	8.296	Abhydrolase_3,Beta-lactamase
BGC0001373	M0412	117	9.229	9.229	Amidase,Beta-lactamase
BGC0001376	M0098	170	7.497	7.497	Bac_luciferase,Methyltransf_2
BGC0001376	M0152	196	7.036	7.036	Bac_luciferase,Polyketide_cyc2
BGC0001376	M0176	123	6.674	6.674	AS-MannoseP_isomer_c2,Polyketide_cyc2
BGC0001376	M0295	198	5.836	5.836	AS-MannoseP_isomer_c2,Methyltransf_2
BGC0001376	M0762	104	10.679	39.225	AS-tabtoxin_c0,Anthrone_oxy,FAD_binding_3_c21,FAD_binding_3_c40,KR_c6,TENA_THI-4
BGC0001376	M1400	134	33.006	57.143	ABM_c6,AS-MannoseP_isomer_c2,AS-t2clf_c39,AS-tabtoxin_c0,Anthrone_oxy,Cyclase_polyket,FAD_binding_3_c21,FAD_binding_3_c40,KR_c6,Methyltransf_2,NAD_binding_2;NAD_binding_11
BGC0001376	MG1484_M0032_M2806_M2894	31	-93.284	-85.06	Bac_luciferase,KR_c21,KR_c28,NAD_binding_10
BGC0001377	M0241	147	6.609	6.609	AS-PF00561,KR_c25
BGC0001377	MG1378_M2130_M2134_M2150_M2172_M2175_M2176	657	-4.649	7.531	4HBT_c40,DUF1702
BGC0001377	MG1381_M2142_M2159	294	18.367	26.522	4HBT_c40,AS-APH_c44,DUF1702,SCP2
BGC0001377	MG1484_M0032_M2806_M2894	31	-93.284	-92.28	AS-PF00561,Methyltransf_23,Rieske
BGC0001377	MG1887_M0366_M0416	424	-1.537	5.269	AS-PF00561,Sugar_tr
BGC0001377	MG1980_M1827_M1969_M1973_M1974_M1976_M1977	193	-44.001	-43.72	AS-PF00561,KR_c25
BGC0001379	M1321	209	9.541	25.488	AS-APH_c48,AS-Carbam_trans_N_c0,Aminotran_1_2,TauD_c9
BGC0001379	M2863	86	10.036	10.036	AS-Carbam_trans_N_c0,Aminotran_1_2
BGC0001379	MG069_M1320_M2345	187	2.383	16.493	GCV_T;GCV_T_C,SDH_beta;SDH_alpha,SHMT
BGC0001379	MG403_M1476_M1496_M2005	63	-41.918	53.417	AS-AMP-binding_c38;AS-PP-binding_c43,AS-APH_c48,AS-ATP-grasp_3_c20;LAL_C2,AS-Abhydrolase_6,AS-Carbam_trans_N_c0,AS-PIG-L_c4,Aminotran_1_2,Peptidase_S15;PepX_C,TauD_c9
BGC0001380	M0761	67	17.727	17.727	AS-Glycos_transf_2_c49,AS-Glycos_transf_2_c7,Glyco_hydro_16
BGC0001380	M1590	51	5.285	7.997	AS-Polysacc_synt_c5,Acyl_transf_3
BGC0001380	MG321_M2993_M3000	346	4.026	9.969	AS-Glycos_transf_2_c49,AS-Polysacc_synt_c5
BGC0001381	M0089	65	7.348	7.348	AS-Abhydrolase_6,Aldo_ket_red
BGC0001381	M0172	130	8.463	8.463	AS-Abhydrolase_6,Hydrolase_4
BGC0001381	M0248	61	7.072	7.072	AS-Abhydrolase_6,CoA_transf_3
BGC0001381	M0304	159	6.874	6.874	AS-Abhydrolase_6,FMN_red
BGC0001381	M0689	391	6.955	6.955	Amidohydro_1,DAO
BGC0001381	M0910	107	6.201	6.201	Aldo_ket_red,FMN_red
BGC0001381	M1057	188	7.04	7.04	Aldedh,Bac_luciferase
BGC0001381	M1068	405	6.422	6.422	Aldo_ket_red,Bac_luciferase
BGC0001381	MG1357_M1293_M1551_M1552	336	-9.109	-6.293	Aldedh,Bac_luciferase,MmgE_PrpD
BGC0001381	MG1397_M1657_M1658_M1659_M2313	151	-3.723	2.191	AS-MannoseP_isomer_c2;AS-MetRS-like_c0,DAO
BGC0001381	MG1423_M1723_M1852	74	-6.585	0.731	AS-MGT_c4,Hexose_dehydrat
BGC0001381	MG1484_M0032_M2806_M2894	31	-93.284	-66.938	Aldo_ket_red,Bac_luciferase,CoA_transf_3,Cyclase,FMN_red,Rieske
BGC0001381	MG1488_M0840_M1121	326	18.423	24.877	AS-MGT_c0,AS-MGT_c4,AS-dTDP_sugar_isom_c2,Hexose_dehydrat
BGC0001381	MG1850_M0505_M0626	1246	4.101	7.24	Aldo_ket_red,Bac_luciferase,FMN_red
BGC0001381	MG1980_M1827_M1969_M1973_M1974_M1976_M1977	193	-44.001	-39.697	AS-p450_c7,Aldo_ket_red,Hydrolase_4
BGC0001384	M0296	192	6.02	6.02	FMN_red,Sugar_tr
BGC0001384	M0560	43	7.733	7.733	AS-MGT_c0,GDP_Man_Dehyd
BGC0001384	M0932	359	6.485	6.485	Carboxyl_trans,Sugar_tr
BGC0001384	M1182	117	7.646	14.024	AS-dTDP_sugar_isom_c2,GDP_Man_Dehyd,NTP_transferase
BGC0001384	MG1423_M1723_M1852	74	-6.585	0.404	AS-DegT_DnrJ_EryC1_c47,Hexose_dehydrat
BGC0001384	MG1488_M0840_M1121	326	18.423	23.636	AS-MGT_c0,AS-dTDP_sugar_isom_c2,GDP_Man_Dehyd,Hexose_dehydrat
BGC0001384	MG1489_M1416_M1417	369	29.466	42.76	AS-DegT_DnrJ_EryC1_c47,AS-MGT_c0,AS-dTDP_sugar_isom_c2,GDP_Man_Dehyd,GFO_IDH_MocA_c21,Hexose_dehydrat,NTP_transferase
BGC0001384	MG1490_M0790_M1414	198	24.625	47.271	AS-DegT_DnrJ_EryC1_c47,AS-MGT_c0,AS-dTDP_sugar_isom_c2,AS-t2clf_c28,AS-t2clf_c39,GFO_IDH_MocA_c21,Hexose_dehydrat
BGC0001384	MG1523_M1029_M1031	539	14.904	27.643	AS-t2clf_c28,AS-t2clf_c39,Cyclase_polyket,FAD_binding_3_c18,Polyketide_cyc2
BGC0001384	MG1524_M0073_M0590	631	3.673	12.961	AS-t2clf_c28,AS-t2clf_c39
BGC0001384	MG1980_M1827_M1969_M1973_M1974_M1976_M1977	193	-44.001	-43.393	Carboxyl_trans,KR_c28
BGC0001384	MG450_M0751_M2593_M2610	813	7.728	20.301	AS-MGT_c0,AS-RmlD_sub_bind_c29,GDP_Man_Dehyd,NTP_transferase
BGC0001386	M0130	110	8.238	8.238	AS-MannoseP_isomer_c2,KR_c12
BGC0001386	M0166	163	5.232	5.232	AS-MannoseP_isomer_c2,FMN_red
BGC0001386	M0295	198	5.836	5.836	AS-MannoseP_isomer_c2,Methyltransf_2
BGC0001386	M0496	269	3.814	6.979	AS-Acyl-CoA_dh_N_c7;Acyl-CoA_dh_2,Flavin_Reduct
BGC0001386	MG1357_M1293_M1551_M1552	336	-9.109	-2.996	AS-PP-binding_c16,Flavin_Reduct,Polyketide_cyc
BGC0001386	MG1484_M0032_M2806_M2894	31	-93.284	-83.795	Cyclase,FMN_red,Polyketide_cyc
BGC0001386	MG1524_M0073_M0590	631	3.673	12.961	AS-t2clf_c28,AS-t2clf_c39
BGC0001394	M0333	41	6.56	9.841	E1_dh,Transket_pyr;Transketolase_C
BGC0001394	MG1410_M0344_M0429_M2012_M2015	1046	-3.047	8.703	E1_dh,Transket_pyr;Transketolase_C
BGC0001394	MG1412_M0921_M2016_M2017	621	3.807	11.038	E1_dh,Transket_pyr;Transketolase_C
BGC0001396	M0333	41	6.56	16.108	E1_dh,Thioesterase_c35,Transket_pyr;Transketolase_C
BGC0001396	M0560	43	7.733	25.128	AS-MGT_c0,GDP_Man_Dehyd,MycE_N,Radical_SAM_c33
BGC0001396	M0866	151	6.772	6.772	Aldo_ket_red,NUDIX
BGC0001396	M1182	117	7.646	14.024	AS-dTDP_sugar_isom_c2,GDP_Man_Dehyd,NTP_transferase
BGC0001396	MG1410_M0344_M0429_M2012_M2015	1046	-3.047	8.703	E1_dh,Transket_pyr;Transketolase_C
BGC0001396	MG1412_M0921_M2016_M2017	621	3.807	11.038	E1_dh,Transket_pyr;Transketolase_C
BGC0001396	MG1980_M1827_M1969_M1973_M1974_M1976_M1977	193	-44.001	-34.803	AS-p450_c7,Aldo_ket_red,KR_c25,NUDIX
BGC0001396	MG450_M0751_M2593_M2610	813	7.728	13.019	AS-MGT_c0,GDP_Man_Dehyd,NTP_transferase
BGC0001396	MG510_M0258_M0281	52	-26.516	-26.04	KR_c21,NUDIX
BGC0001397	M0153	118	1.762	1.762	AS-p450_c7,Sugar_tr
BGC0001397	M0163	280	6.233	6.233	Flavin_Reduct,Sugar_tr
BGC0001397	M0247	460	6.231	6.231	AS-Abhydrolase_6,Sugar_tr
BGC0001397	M0296	192	6.02	6.02	FMN_red,Sugar_tr
BGC0001397	M0304	159	6.874	6.874	AS-Abhydrolase_6,FMN_red
BGC0001397	M0349	91	6.875	6.875	Flavin_Reduct,SBP_bac_1
BGC0001397	M0437	179	8.37	8.37	AS-DegT_DnrJ_EryC1_c15,NTP_transferase
BGC0001397	M0450	148	9.458	9.458	Acyl_transf_3,Flavin_Reduct
BGC0001397	M0680	56	10.538	10.538	Methyltransf_13;Methyltransf_23;Methyltransf_14,NTP_transferase
BGC0001397	M0714	132	7.375	7.375	AS-Abhydrolase_6,Flavin_Reduct
BGC0001397	M1090	59	10.581	10.581	AS-DegT_DnrJ_EryC1_c15,GDP_Man_Dehyd
BGC0001397	M1182	117	7.646	14.024	AS-dTDP_sugar_isom_c2,GDP_Man_Dehyd,NTP_transferase
BGC0001397	MG1378_M2130_M2134_M2150_M2172_M2175_M2176	657	-4.649	53.109	4HBT_c40,AS-ene_KS_c40;AS-PKS_AT_c24;KR_c35;PS-DH_c5,CMD,DUF1702,FG-GAP_3;UnbV_ASPIC,Flavin_Reduct,MDMPI_N;Wyosine_form,SnoaL_2_c29
BGC0001397	MG1379_M2127_M2129	136	19.237	74.616	4HBT_c40,AS-Acyl-CoA_dh_N_c48;Acyl-CoA_dh_2,AS-ene_KS_c40;AS-PKS_AT_c24;KR_c35;PS-DH_c5,AS-p450_c10,CMD,DUF1702,FG-GAP_3;UnbV_ASPIC,Flavin_Reduct,HpaB_N;HpaB,MDMPI_N;Wyosine_form,SnoaL_2_c29
BGC0001397	MG1381_M2142_M2159	294	18.367	20.024	4HBT_c40,DUF1702,FG-GAP_3;UnbV_ASPIC
BGC0001397	MG1484_M0032_M2806_M2894	31	-93.284	-86.935	EHN,FMN_red,KR_c43
BGC0001397	MG450_M0751_M2593_M2610	813	7.728	7.728	GDP_Man_Dehyd,NTP_transferase
BGC0001397	MG475_M1088_M1089	204	4.345	4.345	AS-DegT_DnrJ_EryC1_c15,GDP_Man_Dehyd
BGC0001406	M1137	91	8.46	8.46	AS-AMP-binding_c21,AS-PP-binding_c30
BGC0001406	M1272	330	7.271	7.271	AS-AMP-binding_c21,AS-Abhydrolase_6
BGC0001406	MG403_M1476_M1496_M2005	63	-41.918	-34.122	AS-Abhydrolase_6,Aminotran_1_2
BGC0001408	MG704_M2882_M2883	725	2.19	20.026	AS-ATP-grasp_3_c22,AS-IucA_IucC_c13,AS-Orn_Arg_deC_N_c0;AS-Orn_DAP_Arg_deC_c10
BGC0001409	M0200	215	4.644	4.644	Methyltransf_2,PfkB
BGC0001409	M0377	118	6.266	6.266	NTP_transferase,PfkB
BGC0001409	M0496	269	3.814	8.699	Flavin_Reduct,SnoaL_4
BGC0001409	M0680	56	10.538	20.292	Epimerase_c18,Methyltransf_13;Methyltransf_23;Methyltransf_14,NTP_transferase
BGC0001409	M0714	132	7.375	7.375	AS-Abhydrolase_6,Flavin_Reduct
BGC0001409	M1854	31	-4.028	2.646	AS-DegT_DnrJ_EryC1_c47,Epimerase_c47
BGC0001409	MG1357_M1293_M1551_M1552	336	-9.109	-7.299	AS-adh_short_C2,Carboxyl_trans,Flavin_Reduct
BGC0001409	MG1423_M1723_M1852	74	-6.585	9.18	AS-DegT_DnrJ_EryC1_c47,Epimerase_c47,Hexose_dehydrat
BGC0001409	MG1484_M0032_M2806_M2894	31	-93.284	-47.965	ABM_c1,AS-PP-binding_c28,AS-ksIII_c2,AS-t2ks_c40,Cyclase,PfkB,SnoaL_4
BGC0001409	MG1488_M0840_M1121	326	18.423	18.423	AS-MGT_c0,AS-dTDP_sugar_isom_c2,Hexose_dehydrat
BGC0001409	MG1489_M1416_M1417	369	29.466	50.089	AS-DegT_DnrJ_EryC1_c47,AS-MGT_c0,AS-dTDP_sugar_isom_c2,AS-ksIII_c2,Epimerase_c16,Epimerase_c47,Hexose_dehydrat,Methyltransf_13;Methyltransf_23;Methyltransf_14,NTP_transferase
BGC0001409	MG1490_M0790_M1414	198	24.625	35.379	AS-DegT_DnrJ_EryC1_c47,AS-MGT_c0,AS-dTDP_sugar_isom_c2,AS-t2clf_c28,Epimerase_c47,Hexose_dehydrat
BGC0001409	MG1508_M0255_M0793	71	65.688	68.292	ABM_c1,AS-DegT_DnrJ_EryC1_c47,AS-MGT_c0,AS-dTDP_sugar_isom_c2,AS-ksIII_c2,AS-t2clf_c28,AS-t2ks_c40,Cyclase,FAD_binding_3_c33,Hexose_dehydrat,KR_c19,NTP_transferase,SnoaL_4
BGC0001409	MG562_M2294_M2380	1678	0.005	11.774	Biotin_carb_N;CPSase_L_D2;Biotin_carb_C,Biotin_lipoyl
BGC0001411	M0845	62	13.839	17.094	Epimerase_c12,GDP_Man_Dehyd,UDPG_MGDP_dh_N;UDPG_MGDP_dh;UDPG_MGDP_dh_C
BGC0001412	M1999	60	10.136	10.136	Polysacc_deac_1,UDPG_MGDP_dh_N;UDPG_MGDP_dh;UDPG_MGDP_dh_C
BGC0001412	MG306_M0894_M1259	132	6.856	6.856	NTP_transferase,UDPG_MGDP_dh_N;UDPG_MGDP_dh;UDPG_MGDP_dh_C
BGC0001414	M2792	190	4.259	4.259	AS-PhyH_c1,Amidohydro_1
BGC0001414	MG1403_M0477_M0478	246	-1.6	-0.439	AS-PhyH_c1,Amidohydro_1
BGC0001416	M0898	41	0.381	7.829	AS-AMP-binding_c38;AS-PP-binding_c4,AS-PhyH_c4
BGC0001420	MG276_M2671_M2745_M2836	43	-20.984	-17.297	AS-AMP-binding_c20,AS-PP-binding_c10
BGC0001433	M0343	128	1.822	6.193	AS-fabH_c2,Thioesterase_c35
BGC0001433	M0732	272	7.738	22.192	Amino_oxidase_c2,Flavin_Reduct,SnoaL_2_c0,Thioesterase_c35
BGC0001433	M0870	293	8.943	8.943	AS-fabH_c2,Thioesterase_c35
BGC0001433	MG1357_M1293_M1551_M1552	336	-9.109	-4.794	AS-fabH_c2,Flavin_Reduct,Thioesterase_c35
BGC0001433	MG1375_M0731_M0733	74	9.795	34.056	AS-Acyl-CoA_dh_N_c46;Acyl-CoA_dh_2,Amino_oxidase_c2,Flavin_Reduct,NAD_binding_2,SnoaL_2_c0,Thioesterase_c35
BGC0001435	M0954	1108	-1.999	11.076	AS-Asn_synthase_c14,AS-PF13471_c2
BGC0001438	M0104	127	7.758	7.758	Methyltransf_19,Sugar_tr
BGC0001438	M0278	101	7.793	7.793	Aldo_ket_red,Polyketide_cyc2
BGC0001438	M0296	192	6.02	6.02	FMN_red,Sugar_tr
BGC0001438	M0560	43	7.733	7.733	AS-MGT_c0,GDP_Man_Dehyd
BGC0001438	M0680	56	10.538	10.538	Methyltransf_13;Methyltransf_23;Methyltransf_14,NTP_transferase
BGC0001438	M0910	107	6.201	6.201	Aldo_ket_red,FMN_red
BGC0001438	M1182	117	7.646	14.024	AS-dTDP_sugar_isom_c2,GDP_Man_Dehyd,NTP_transferase
BGC0001438	MG1423_M1723_M1852	74	-6.585	0.404	AS-DegT_DnrJ_EryC1_c47,Hexose_dehydrat
BGC0001438	MG1484_M0032_M2806_M2894	31	-93.284	-79.18	AS-PP-binding_c28,AS-p450_c29,Aldo_ket_red,FMN_red
BGC0001438	MG1488_M0840_M1121	326	18.423	23.636	AS-MGT_c0,AS-dTDP_sugar_isom_c2,GDP_Man_Dehyd,Hexose_dehydrat
BGC0001438	MG1489_M1416_M1417	369	29.466	55.662	AS-DegT_DnrJ_EryC1_c47,AS-MGT_c0,AS-dTDP_sugar_isom_c2,Epimerase_c16,GDP_Man_Dehyd,GFO_IDH_MocA_c21,Hexose_dehydrat,Methyltransf_13;Methyltransf_23;Methyltransf_14,NTP_transferase
BGC0001438	MG1490_M0790_M1414	198	24.625	38.927	AS-DegT_DnrJ_EryC1_c47,AS-MGT_c0,AS-dTDP_sugar_isom_c2,AS-t2clf_c39,GFO_IDH_MocA_c21,Hexose_dehydrat
BGC0001438	MG1503_M0341_M0922	29	33.525	127.951	AS-Carbam_trans_N_c0,AS-DegT_DnrJ_EryC1_c47,AS-MGT_c0,AS-PP-binding_c28,AS-RmlD_sub_bind_c36,AS-dTDP_sugar_isom_c2,AS-p450_c29,AS-t2clf_c24,AS-t2clf_c39,Acyl_transf_3,Aldo_ket_red,Cyclase_polyket,Epimerase_c16,FAD_binding_3_c15,FAD_binding_3_c46,FMN_red,GDP_Man_Dehyd,GFO_IDH_MocA_c21,Hexose_dehydrat,Methyltransf_13;Methyltransf_23;Methyltransf_14,Methyltransf_19,NTP_transferase,Polyketide_cyc2,Sugar_tr,TylF
BGC0001438	MG1887_M0366_M0416	424	-1.537	-1.537	Aldo_ket_red,Sugar_tr
BGC0001438	MG450_M0751_M2593_M2610	813	7.728	13.019	AS-MGT_c0,GDP_Man_Dehyd,NTP_transferase
BGC0001439	M0140	162	6.564	6.564	AS-ksIII_c2,Polyketide_cyc2
BGC0001439	M0562	75	11.047	11.047	AS-PKS_AT_c24,AS-ksIII_c2
BGC0001439	M0932	359	6.485	6.485	Carboxyl_trans,Sugar_tr
BGC0001439	M1854	31	-4.028	2.646	AS-DegT_DnrJ_EryC1_c47,Epimerase_c47
BGC0001439	MG1357_M1293_M1551_M1552	336	-9.109	-7.694	AS-AMP-binding_c14,Carboxyl_trans,Sugar_tr
BGC0001439	MG1423_M1723_M1852	74	-6.585	9.18	AS-DegT_DnrJ_EryC1_c47,Epimerase_c47,Hexose_dehydrat
BGC0001439	MG1484_M0032_M2806_M2894	31	-93.284	-54.686	ABM_c1,AS-PKS_AT_c24,AS-ksIII_c2,AS-t2ks_c40,Cyclase,SnoaL_4
BGC0001439	MG1488_M0840_M1121	326	18.423	18.423	AS-MGT_c0,AS-dTDP_sugar_isom_c2,Hexose_dehydrat
BGC0001439	MG1489_M1416_M1417	369	29.466	46.728	AS-DegT_DnrJ_EryC1_c47,AS-MGT_c0,AS-dTDP_sugar_isom_c2,AS-ksIII_c2,Epimerase_c47,GFO_IDH_MocA_c21,Hexose_dehydrat,NTP_transferase
BGC0001439	MG1490_M0790_M1414	198	24.625	49.681	AS-DegT_DnrJ_EryC1_c47,AS-MGT_c0,AS-dTDP_sugar_isom_c2,AS-t2clf_c28,Epimerase_c47,GFO_IDH_MocA_c21,Hexose_dehydrat
BGC0001439	MG1508_M0255_M0793	71	65.688	82.279	ABM_c1,AS-DegT_DnrJ_EryC1_c47,AS-MGT_c0,AS-dTDP_sugar_isom_c2,AS-ksIII_c2,AS-t2clf_c28,AS-t2ks_c40,Cyclase,FAD_binding_3_c33,GFO_IDH_MocA_c21,Hexose_dehydrat,NTP_transferase,Polyketide_cyc2,SnoaL_4,Sugar_tr
BGC0001440	M0343	128	1.822	1.822	AS-Abhydrolase_6,AS-fabH_c2
BGC0001440	M0448	314	7.189	7.189	AS-AMP-binding_c21,AS-PF00561
BGC0001440	M1272	330	7.271	7.271	AS-AMP-binding_c21,AS-Abhydrolase_6
BGC0001441	M0448	314	7.189	7.189	AS-AMP-binding_c21,AS-PF00561
BGC0001441	M1738	121	9.375	16.172	AS-Peptidase_S9,Peptidase_M20,Peptidase_S66
BGC0001441	MG1980_M1827_M1969_M1973_M1974_M1976_M1977	193	-44.001	-41.17	AS-AMP-binding_c21,AS-PF00561,Peptidase_M20
BGC0001441	MG894_M2064_M2772_M2793	71	-12.631	-11.778	Aconitase,Aconitase_C
BGC0001442	M0123	133	3.209	3.209	Amidase,Sugar_tr
BGC0001442	MG1980_M1827_M1969_M1973_M1974_M1976_M1977	193	-44.001	-42.624	AS-AMP-binding_c21,Glyoxalase_4
BGC0001443	MG1336_M0511_M0964	411	6.665	6.665	AS-AMP-binding_c21,Thioesterase_c37
BGC0001444	M1493	123	27.133	27.133	AS-EntA_c6,AS-ksIII_c2,Chorismate_bind_c1;GATase_c1,Isochorismatase_c21
BGC0001444	MG830_M1441_M1444_M1450_M1451_M1455	446	3.872	12.848	Chorismate_bind_c1;GATase_c1,DAHP_synth_2_c8;DAHP_synth_2_c2,Isochorismatase_c21
BGC0001444	MG841_M1858_M1936	347	9.606	10.402	AS-EntA_c6,Isochorismatase_c21
BGC0001444	MG844_M1492_M1494_M1495	51	21.384	21.384	AS-EntA_c6,AS-ksIII_c2,Amidohydro_1,Chorismate_bind_c1;GATase_c1,Isochorismatase_c21
BGC0001448	M0056	42	9.919	9.919	AS-PP-binding_c30,TauD_c5
BGC0001448	M0112	39	8.466	8.466	Bac_luciferase,TauD_c5
BGC0001448	M2519	84	9.748	9.748	Inositol_P,NUDIX
BGC0001448	MG1200_M1237_M2686_M2732	609	2.048	12.859	B12-binding_c2,Met_asp_mut_E
BGC0001448	MG1202_M1269_M2160_M2622_M2735	451	8.544	8.544	B12-binding_c2,Met_asp_mut_E,TauD_c5
BGC0001448	MG1278_M1350_M2101	263	8.45	22.416	GHMP_kinases_N,Lyase_1,PALP;AS-ATP-grasp_3_c23;LAL_C2
BGC0001448	MG510_M0258_M0281	52	-26.516	-26.091	AS-PP-binding_c30,NUDIX
BGC0001449	M0247	460	6.231	6.231	AS-Abhydrolase_6,Sugar_tr
BGC0001452	M0437	179	8.37	14.766	AS-DegT_DnrJ_EryC1_c15,NTP_transferase,UDPG_MGDP_dh_N;UDPG_MGDP_dh;UDPG_MGDP_dh_C
BGC0001452	M0448	314	7.189	7.189	AS-AMP-binding_c21,AS-PF00561
BGC0001452	M0560	43	7.733	7.733	AS-MGT_c0,GDP_Man_Dehyd
BGC0001452	M0680	56	10.538	10.538	Methyltransf_13;Methyltransf_23;Methyltransf_14,NTP_transferase
BGC0001452	M0756	228	7.533	7.533	Aminotran_1_2,UDPG_MGDP_dh_N;UDPG_MGDP_dh;UDPG_MGDP_dh_C
BGC0001452	M1003	294	10.288	18.226	3HCDH_N;3HCDH,AS-ADH_N_c16;AS-ADH_zinc_N_c17,AS-fabH_c2
BGC0001452	M1090	59	10.581	10.581	AS-DegT_DnrJ_EryC1_c15,GDP_Man_Dehyd
BGC0001452	M1098	188	13.076	13.076	AS-PKS_AT_c24,Thioesterase_c3
BGC0001452	M1193	49	7.159	14.63	3HCDH_N;3HCDH,AS-ADH_N_c16;AS-ADH_zinc_N_c17,AS-DegT_DnrJ_EryC1_c15
BGC0001452	MG306_M0894_M1259	132	6.856	10.394	Aminotran_1_2,NTP_transferase,UDPG_MGDP_dh_N;UDPG_MGDP_dh;UDPG_MGDP_dh_C
BGC0001452	MG403_M1476_M1496_M2005	63	-41.918	-17.656	AS-AMP-binding_c26,AS-PIG-L_c4,Aminotran_1_2
BGC0001452	MG450_M0751_M2593_M2610	813	7.728	13.019	AS-MGT_c0,GDP_Man_Dehyd,NTP_transferase
BGC0001452	MG475_M1088_M1089	204	4.345	10.559	AS-DegT_DnrJ_EryC1_c15,AS-p450_c48,GDP_Man_Dehyd
BGC0001453	MG545_M2523_M2524_M2544_M2563_M2565_M2566	728	-2.771	22.553	AS-IucA_IucC_c41,Acetyltransf_8,FAD_binding_9;SIP,Lys_Orn_oxgnase_c8,Pyridoxal_deC
BGC0001453	MG547_M1280_M2554_M2621	1285	-3.467	15.466	Acetyltransf_8,Lys_Orn_oxgnase_c8,Pyridoxal_deC
BGC0001455	M2058	342	1.093	11.412	FAD_binding_6;NAD_binding_1;Fer2,PaaA_PaaC
BGC0001455	MG885_M2035_M2036_M2040_M2053	250	2.826	44.8	AS-Abhydrolase_6,AS-Condensation_c16,AS-Condensation_c32;AS-AMP-binding_c38;AS-PP-binding_c28;AS-adh_short,AS-PP-binding_c40,Aminotran_5,FAD_binding_6;NAD_binding_1;Fer2,PaaA_PaaC,Trp_dioxygenase
BGC0001456	MG1588_M1883_M2569_M2714	278	2.638	24.739	Amino_oxidase_c17,Amino_oxidase_c25,Rieske,SQS_PSY_c46,polyprenyl_synt_c15
BGC0001456	MG1590_M2030_M2031_M2032_M2233_M2504_M2627_M2637_M2755_M2773_M2774	1112	-25.995	43.124	AS-Lycopene_cycl_c9,Amino_oxidase_c17,Amino_oxidase_c25,Methyltransf_12_c23,Rieske,SQS_PSY_c46,polyprenyl_synt_c15
BGC0001459	M0652	59	9.275	9.275	AS-DegT_DnrJ_EryC1_c15,Epimerase_c16
BGC0001459	M1091	81	15.217	37.284	AS-DegT_DnrJ_EryC1_c15,AS-Glyco_transf_28_c10;AS-MGT_c8,AS-PIG-L_c2,AS-dTDP_sugar_isom_c2,Epimerase_c16,Hexose_dehydrat
BGC0001459	M2114	79	13.672	13.672	AS-Trp_halogenase_c8,PDH_N;PDH_C
BGC0001459	M2116	130	11.27	19.54	AS-Trp_halogenase_c8,FMN_dh,PDH_N;PDH_C
BGC0001459	MG389_M1921_M1922	411	5.228	21.923	AS-Trp_halogenase_c8,Aminotran_1_2,FMN_dh,PDH_N;PDH_C
BGC0001459	MG403_M1476_M1496_M2005	63	-41.918	-25.323	AS-AMP-binding_c38;AS-PP-binding_c43,AS-Abhydrolase_6,Aminotran_1_2
BGC0001460	M0652	59	9.275	9.275	AS-DegT_DnrJ_EryC1_c15,Epimerase_c16
BGC0001460	M1091	81	15.217	37.284	AS-DegT_DnrJ_EryC1_c15,AS-Glyco_transf_28_c10;AS-MGT_c8,AS-PIG-L_c2,AS-dTDP_sugar_isom_c2,Epimerase_c16,Hexose_dehydrat
BGC0001460	M2114	79	13.672	13.672	AS-Trp_halogenase_c8,PDH_N;PDH_C
BGC0001460	M2116	130	11.27	19.54	AS-Trp_halogenase_c8,FMN_dh,PDH_N;PDH_C
BGC0001460	MG389_M1921_M1922	411	5.228	21.923	AS-Trp_halogenase_c8,Aminotran_1_2,FMN_dh,PDH_N;PDH_C
BGC0001460	MG403_M1476_M1496_M2005	63	-41.918	-25.323	AS-AMP-binding_c38;AS-PP-binding_c43,AS-Abhydrolase_6,Aminotran_1_2
BGC0001461	M0652	59	9.275	9.275	AS-DegT_DnrJ_EryC1_c15,Epimerase_c16
BGC0001461	M1091	81	15.217	37.284	AS-DegT_DnrJ_EryC1_c15,AS-Glyco_transf_28_c10;AS-MGT_c8,AS-PIG-L_c2,AS-dTDP_sugar_isom_c2,Epimerase_c16,Hexose_dehydrat
BGC0001461	M2114	79	13.672	13.672	AS-Trp_halogenase_c8,PDH_N;PDH_C
BGC0001461	M2116	130	11.27	19.54	AS-Trp_halogenase_c8,FMN_dh,PDH_N;PDH_C
BGC0001461	MG389_M1921_M1922	411	5.228	21.923	AS-Trp_halogenase_c8,Aminotran_1_2,FMN_dh,PDH_N;PDH_C
BGC0001461	MG403_M1476_M1496_M2005	63	-41.918	-25.323	AS-AMP-binding_c38;AS-PP-binding_c43,AS-Abhydrolase_6,Aminotran_1_2
BGC0001462	M0329	87	7.501	7.501	AS-p450_c29,Aminotran_1_2
BGC0001462	M0652	59	9.275	9.275	AS-DegT_DnrJ_EryC1_c15,Epimerase_c16
BGC0001462	M1091	81	15.217	37.284	AS-DegT_DnrJ_EryC1_c15,AS-Glyco_transf_28_c10;AS-MGT_c8,AS-PIG-L_c2,AS-dTDP_sugar_isom_c2,Epimerase_c16,Hexose_dehydrat
BGC0001462	M2114	79	13.672	22.914	AS-Trp_halogenase_c8,DAHP_snth_FXD;DAHP_synth_1,PDH_N;PDH_C
BGC0001462	M2116	130	11.27	27.254	AS-Trp_halogenase_c8,DAHP_snth_FXD;DAHP_synth_1,FMN_dh,PDH_N;PDH_C
BGC0001462	MG1488_M0840_M1121	326	18.423	18.423	AS-MGT_c0,AS-dTDP_sugar_isom_c2,Hexose_dehydrat
BGC0001462	MG276_M2671_M2745_M2836	43	-20.984	-16.234	AS-MGT_c0,AS-p450_c27
BGC0001462	MG389_M1921_M1922	411	5.228	21.923	AS-Trp_halogenase_c8,Aminotran_1_2,FMN_dh,PDH_N;PDH_C
BGC0001462	MG403_M1476_M1496_M2005	63	-41.918	-34.122	AS-Abhydrolase_6,Aminotran_1_2
BGC0001465	MG1484_M0032_M2806_M2894	31	-93.284	-92.677	AS-p450_c29,Fer2
BGC0001470	M1885	174	19.601	19.601	AS-Chal_sti_synt_N_c36;HMG_CoA_synt_C,AS-t2pks2_c2,ECH_1_c18
BGC0001470	MG1983_M1848_M1890	214	8.91	13.088	AS-t2pks2_c2,ECH_1_c18,ECH_1_c42
BGC0001471	MG403_M1476_M1496_M2005	63	-41.918	-34.122	AS-Abhydrolase_6,Aminotran_1_2
BGC0001473	MG1980_M1827_M1969_M1973_M1974_M1976_M1977	193	-44.001	-42.962	Hydrolase_4,KR_c28
BGC0001474	MG403_M1476_M1496_M2005	63	-41.918	-34.122	AS-Abhydrolase_6,Aminotran_1_2
BGC0001477	M1098	188	13.076	19.715	AS-PKS_AT_c24,Amino_oxidase_c40,Thioesterase_c3
BGC0001478	MG545_M2523_M2524_M2544_M2563_M2565_M2566	728	-2.771	12.816	AS-IucA_IucC_c3,Acetyltransf_8,Lys_Orn_oxgnase_c8,Pyridoxal_deC
BGC0001478	MG547_M1280_M2554_M2621	1285	-3.467	22.264	AS-IucA_IucC_c3,Acetyltransf_8,Lys_Orn_oxgnase_c8,Pyridoxal_deC
BGC0001480	M0089	65	7.348	7.348	AS-Abhydrolase_6,Aldo_ket_red
BGC0001484	M0104	127	7.758	7.758	Methyltransf_19,Sugar_tr
BGC0001484	M0247	460	6.231	6.231	AS-Abhydrolase_6,Sugar_tr
BGC0001484	M0455	329	6.559	6.559	PfkB,Sugar_tr
BGC0001485	M0314	28	5.158	5.158	Aminotran_1_2,Sugar_tr
BGC0001488	M2863	86	10.036	10.036	AS-Carbam_trans_N_c0,Aminotran_1_2
BGC0001488	MG403_M1476_M1496_M2005	63	-41.918	-25.136	AS-Carbam_trans_N_c0,Aminotran_1_2
BGC0001491	M1090	59	10.581	10.581	AS-DegT_DnrJ_EryC1_c15,GDP_Man_Dehyd
BGC0001491	MG475_M1088_M1089	204	4.345	20.31	AS-DegT_DnrJ_EryC1_c15,GDP_Man_Dehyd,UDPGT_c29
BGC0001492	M0116	54	8.613	8.613	Hydrolase_4,KR_c25
BGC0001492	M0163	280	6.233	6.233	Flavin_Reduct,Sugar_tr
BGC0001492	M0209	84	5.579	5.579	Bac_luciferase,KR_c25
BGC0001492	M0450	148	9.458	9.458	Acyl_transf_3,Flavin_Reduct
BGC0001492	M1008	152	6.641	6.641	Aldo_ket_red,His_Phos_1
BGC0001492	M1024	425	7.571	7.571	Bac_luciferase,Flavin_Reduct
BGC0001492	M1068	405	6.422	6.422	Aldo_ket_red,Bac_luciferase
BGC0001492	MG1260_M1163_M1166	83	9.227	14.004	2-oxoacid_dh,AS-fabH_c18,FrsA-like
BGC0001492	MG1262_M1172_M1173	244	13.038	33.021	2-oxoacid_dh,AOC_like,AS-fabH_c18,FrsA-like
BGC0001492	MG1484_M0032_M2806_M2894	31	-93.284	-89.408	AS-p450_c29,Aldo_ket_red,Bac_luciferase
BGC0001492	MG1850_M0505_M0626	1246	4.101	8.888	Aldo_ket_red,Bac_luciferase,Sugar_tr
BGC0001492	MG1887_M0366_M0416	424	-1.537	-1.537	Aldo_ket_red,Sugar_tr
BGC0001492	MG1980_M1827_M1969_M1973_M1974_M1976_M1977	193	-44.001	-37.057	Aldo_ket_red,Hydrolase_4,KR_c25
BGC0001493	M0954	1108	-1.999	21.283	AS-Asn_synthase_c14,AS-PF13471_c2,AS-Stand_Alone_Lasso_RRE_c0
BGC0001496	M0954	1108	-1.999	11.897	AS-PF13471_c2,AS-Stand_Alone_Lasso_RRE_c0
BGC0001498	MG545_M2523_M2524_M2544_M2563_M2565_M2566	728	-2.771	-2.771	Acetyltransf_8,FAD_binding_9;SIP
BGC0001500	M0055	27	38.235	53.158	ABM_c6,AS-MannoseP_isomer_c2,AS-Trp_halogenase_c14,AS-adh_short_C2,AS-t2clf_c28,Anthrone_oxy,Carboxyl_trans,Cyclase_polyket,Flavin_Reduct,Methyltransf_2,Polyketide_cyc2,Sugar_tr
BGC0001500	M0163	280	6.233	6.233	Flavin_Reduct,Sugar_tr
BGC0001500	M0176	123	6.674	6.674	AS-MannoseP_isomer_c2,Polyketide_cyc2
BGC0001500	M0252	68	6.733	6.733	AS-MannoseP_isomer_c2,AS-PF00561
BGC0001500	M0295	198	5.836	5.836	AS-MannoseP_isomer_c2,Methyltransf_2
BGC0001500	M0599	418	5.307	5.307	AS-MannoseP_isomer_c2,Sugar_tr
BGC0001500	M0932	359	6.485	6.485	Carboxyl_trans,Sugar_tr
BGC0001500	M1279	59	2.264	2.264	Biotin_carb_N;CPSase_L_D2;Biotin_carb_C;Biotin_lipoyl,Carboxyl_trans,Sugar_tr
BGC0001500	M2301	903	7.681	7.681	Biotin_carb_N;CPSase_L_D2;Biotin_carb_C;Biotin_lipoyl,Carboxyl_trans
BGC0001500	M2505	231	8.949	11.125	ABM_c6,AS-MannoseP_isomer_c2,AS-t2ks_c40,Cyclase_polyket
BGC0001500	MG1357_M1293_M1551_M1552	336	-9.109	-5.821	AS-adh_short_C2,Carboxyl_trans,Flavin_Reduct,Sugar_tr
BGC0001500	MG1887_M0366_M0416	424	-1.537	5.269	AS-PF00561,Sugar_tr
BGC0001500	MG534_M1402_M2238_M2261_M2265	1355	2.86	2.86	Biotin_carb_N;CPSase_L_D2;Biotin_carb_C;Biotin_lipoyl,Carboxyl_trans
BGC0001500	MG535_M1110_M1238_M2262_M2266	950	4.177	4.177	Biotin_carb_N;CPSase_L_D2;Biotin_carb_C;Biotin_lipoyl,Carboxyl_trans
BGC0001501	M1471	280	14.285	14.285	Glycos_trans_3N;Glycos_transf_3,IGPS
BGC0001501	MG1484_M0032_M2806_M2894	31	-93.284	-92.572	Glycos_trans_3N;Glycos_transf_3,Rieske
BGC0001501	MG928_M0849_M0851_M2436	458	2.038	5.797	GcpE,polyprenyl_synt_c16
BGC0001501	MG942_M0905_M0975_M2463	1559	-1.823	10.071	AS-DXP_synthase_N_c0;Transket_pyr;Transketolase_C,polyprenyl_synt_c16
BGC0001503	M0153	118	1.762	1.762	AS-p450_c7,Sugar_tr
BGC0001503	M0163	280	6.233	6.233	Flavin_Reduct,Sugar_tr
BGC0001503	M0247	460	6.231	6.231	AS-Abhydrolase_6,Sugar_tr
BGC0001503	M0323	142	-2.542	-1.181	MDMPI_N,NUDIX,Sugar_tr
BGC0001503	M0358	99	5.933	5.933	KR_c0,Sugar_tr
BGC0001503	M0423	66	8.602	8.602	AS-AMP-binding_c21,Flavin_Reduct
BGC0001503	M0652	59	9.275	9.275	AS-DegT_DnrJ_EryC1_c15,Epimerase_c16
BGC0001503	M0714	132	7.375	13.652	AS-Abhydrolase_6,Flavin_Reduct,GMC_oxred_N;GMC_oxred_C_c12
BGC0001503	M0889	152	6.563	6.563	AS-AMP-binding_c21,Carboxyl_trans
BGC0001503	M0932	359	6.485	6.485	Carboxyl_trans,Sugar_tr
BGC0001503	M1272	330	7.271	7.271	AS-AMP-binding_c21,AS-Abhydrolase_6
BGC0001503	M2124	51	39.872	72.894	4HBT_c40,AS-MGT_c0,AS-ene_KS_c40;AS-PKS_AT_c24;KR_c35;PS-DH_c5,AS-p450_c10,DUF1702,FG-GAP_3;UnbV_ASPIC,Flavin_Reduct,GMC_oxred_N;GMC_oxred_C_c12,SnoaL_2_c0,SnoaL_2_c29
BGC0001503	M2128	104	36.63	70.988	4HBT_c40,AS-Acyl-CoA_dh_N_c48;Acyl-CoA_dh_2,AS-NAD_binding_4_c17,AS-p450_c10,CMD,DUF1702,FG-GAP_3;UnbV_ASPIC,Flavin_Reduct,GMC_oxred_N;GMC_oxred_C_c12,MDMPI_N,SnoaL_2_c29
BGC0001503	MG1375_M0731_M0733	74	9.795	13.695	AS-Acyl-CoA_dh_N_c48;Acyl-CoA_dh_2,Flavin_Reduct,MDMPI_N,SnoaL_2_c0
BGC0001503	MG1378_M2130_M2134_M2150_M2172_M2175_M2176	657	-4.649	60.307	4HBT_c40,AS-NAD_binding_4_c17,AS-ene_KS_c40;AS-PKS_AT_c24;KR_c35;PS-DH_c5,CMD,DUF1702,FG-GAP_3;UnbV_ASPIC,Flavin_Reduct,GMC_oxred_N;GMC_oxred_C_c12,SnoaL_2_c29
BGC0001503	MG1379_M2127_M2129	136	19.237	83.244	4HBT_c40,AS-Acyl-CoA_dh_N_c48;Acyl-CoA_dh_2,AS-NAD_binding_4_c17,AS-ene_KS_c40;AS-PKS_AT_c24;KR_c35;PS-DH_c5,AS-p450_c10,CMD,DUF1702,FG-GAP_3;UnbV_ASPIC,Flavin_Reduct,GMC_oxred_N;GMC_oxred_C_c12,HpaB_N;HpaB,SnoaL_2_c29
BGC0001503	MG1381_M2142_M2159	294	18.367	20.024	4HBT_c40,DUF1702,FG-GAP_3;UnbV_ASPIC
BGC0001503	MG1980_M1827_M1969_M1973_M1974_M1976_M1977	193	-44.001	-37.445	AS-AMP-binding_c21,AS-p450_c7,Carboxyl_trans,NUDIX
BGC0001503	MG403_M1476_M1496_M2005	63	-41.918	-28.974	AS-AMP-binding_c38;AS-PP-binding_c43,AS-Abhydrolase_6
BGC0001503	MG510_M0258_M0281	52	-26.516	-25.552	KR_c0,NUDIX
BGC0001506	M0954	1108	-1.999	11.897	AS-PF13471_c2,AS-Stand_Alone_Lasso_RRE_c0
BGC0001507	M0954	1108	-1.999	21.283	AS-Asn_synthase_c14,AS-PF13471_c2,AS-Stand_Alone_Lasso_RRE_c0
BGC0001511	M1193	49	7.159	12.874	3HCDH_N;3HCDH,AS-DegT_DnrJ_EryC1_c15,DHquinase_II
BGC0001511	MG1314_M1251_M1842	399	11.441	11.441	3HCDH_N;3HCDH,AS-PP-binding_c23
BGC0001511	MG1318_M0707_M1134_M1253_M1254_M2037	648	2.128	25.797	3HCDH_N;3HCDH,AS-Methyltransf_3_c0,AS-PP-binding_c23,HAD_2_c20
BGC0001511	MG494_M1556_M1899_M1903_M1908_M1909_M1911_M1914_M1916_M1917	269	-1.697	5.558	AS-DegT_DnrJ_EryC1_c15,Acetyltransf_2,DHquinase_II
BGC0001512	M0295	198	5.836	5.836	AS-MannoseP_isomer_c2,Methyltransf_2
BGC0001513	M0176	123	6.674	6.674	AS-MannoseP_isomer_c2,Polyketide_cyc2
BGC0001513	M0295	198	5.836	5.836	AS-MannoseP_isomer_c2,Methyltransf_2
BGC0001514	M0138	178	7.072	7.072	AS-PF00561,DJ-1_PfpI
BGC0001514	M0209	84	5.579	5.579	Bac_luciferase,KR_c25
BGC0001514	M0241	147	6.609	6.609	AS-PF00561,KR_c25
BGC0001514	MG1484_M0032_M2806_M2894	31	-93.284	-90.908	AS-PF00561,Bac_luciferase,PfkB
BGC0001514	MG1980_M1827_M1969_M1973_M1974_M1976_M1977	193	-44.001	-43.72	AS-PF00561,KR_c25
BGC0001515	MG1484_M0032_M2806_M2894	31	-93.284	-92.855	Aminotran_4,KR_c28
BGC0001519	M0163	280	6.233	6.233	Flavin_Reduct,Sugar_tr
BGC0001519	M0333	41	6.56	13.953	E1_dh,Flavin_Reduct,Transket_pyr;Transketolase_C
BGC0001519	M0347	57	6.333	6.333	Flavin_Reduct,Thioesterase_c37
BGC0001519	M0423	66	8.602	8.602	AS-AMP-binding_c21,Flavin_Reduct
BGC0001519	MG1336_M0511_M0964	411	6.665	6.665	AS-AMP-binding_c21,Thioesterase_c37
BGC0001519	MG1340_M2418_M2497	139	4.835	24.33	AS-LmbU_c0,AS-PP-binding_c23,AS-PP-binding_c32,FAD_binding_3_c36,Thioesterase_c21,Thioesterase_c37
BGC0001519	MG1410_M0344_M0429_M2012_M2015	1046	-3.047	8.703	E1_dh,Transket_pyr;Transketolase_C
BGC0001519	MG1412_M0921_M2016_M2017	621	3.807	13.76	AS-AMP-binding_c21,E1_dh,Transket_pyr;Transketolase_C
BGC0001520	M0283	102	8.911	8.911	AP_endonuc_2,AS-Polysacc_synt_c7
BGC0001520	M0431	90	5.045	5.045	AS-Polysacc_synt_c7,Lactamase_B
BGC0001520	M0453	154	3.265	3.265	Hydrolase_4,Lactamase_B
BGC0001520	M1885	174	19.601	26.492	AS-Chal_sti_synt_N_c36;HMG_CoA_synt_C,AS-PKS_AT_c20,AS-t2pks2_c2,ECH_1_c18
BGC0001520	MG1980_M1827_M1969_M1973_M1974_M1976_M1977	193	-44.001	-33.056	Acyl_transf_1_c7;NMO,Hydrolase_4,Lactamase_B
BGC0001520	MG1983_M1848_M1890	214	8.91	16.922	AS-t2pks2_c2,ECH_1_c18,ECH_1_c37,Lactamase_B
BGC0001522	M0216	58	10.947	10.947	AS-p450_c29,Thioesterase_c3
BGC0001522	M0329	87	7.501	7.501	AS-p450_c29,Aminotran_1_2
BGC0001522	M0411	69	9.654	9.654	AS-AMP-binding_c21,AS-AMP-binding_c38
BGC0001522	M0437	179	8.37	14.766	AS-DegT_DnrJ_EryC1_c15,NTP_transferase,UDPG_MGDP_dh_N;UDPG_MGDP_dh;UDPG_MGDP_dh_C
BGC0001522	M0448	314	7.189	7.189	AS-AMP-binding_c21,AS-PF00561
BGC0001522	M0560	43	7.733	7.733	AS-MGT_c0,GDP_Man_Dehyd
BGC0001522	M0600	207	7.983	7.983	AS-AMP-binding_c38,Aminotran_1_2
BGC0001522	M0646	85	-5.207	1.452	AS-AMP-binding_c38,AS-fabH_c2,dUTPase
BGC0001522	M0680	56	10.538	10.538	Methyltransf_13;Methyltransf_23;Methyltransf_14,NTP_transferase
BGC0001522	M0713	227	8.749	8.749	NTP_transferase,Peptidase_M23
BGC0001522	M0756	228	7.533	7.533	Aminotran_1_2,UDPG_MGDP_dh_N;UDPG_MGDP_dh;UDPG_MGDP_dh_C
BGC0001522	M0888	114	9.654	9.654	3HCDH_N;3HCDH,AS-AMP-binding_c38
BGC0001522	M1003	294	10.288	18.226	3HCDH_N;3HCDH,AS-ADH_N_c16;AS-ADH_zinc_N_c17,AS-fabH_c2
BGC0001522	M1090	59	10.581	10.581	AS-DegT_DnrJ_EryC1_c15,GDP_Man_Dehyd
BGC0001522	M1098	188	13.076	13.076	AS-PKS_AT_c24,Thioesterase_c3
BGC0001522	M1193	49	7.159	14.63	3HCDH_N;3HCDH,AS-ADH_N_c16;AS-ADH_zinc_N_c17,AS-DegT_DnrJ_EryC1_c15
BGC0001522	MG1484_M0032_M2806_M2894	31	-93.284	-87.8	AS-PF00561,AS-PKS_AT_c24,AS-p450_c29
BGC0001522	MG306_M0894_M1259	132	6.856	10.394	Aminotran_1_2,NTP_transferase,UDPG_MGDP_dh_N;UDPG_MGDP_dh;UDPG_MGDP_dh_C
BGC0001522	MG403_M1476_M1496_M2005	63	-41.918	-15.576	AS-AMP-binding_c38,AS-PIG-L_c4,Aminotran_1_2
BGC0001522	MG450_M0751_M2593_M2610	813	7.728	13.019	AS-MGT_c0,GDP_Man_Dehyd,NTP_transferase
BGC0001522	MG475_M1088_M1089	204	4.345	10.559	AS-DegT_DnrJ_EryC1_c15,AS-p450_c48,GDP_Man_Dehyd
BGC0001523	MG1484_M0032_M2806_M2894	31	-93.284	-87.8	AS-PF00561,AS-PKS_AT_c24,AS-p450_c29
BGC0001529	M1376	47	18.626	34.878	Acetyltransf_2,GATase_c6;Anth_synt_I_N;Chorismate_bind_c2,Methyltransf_11_c47,Methyltransf_25_c28,UbiA,polyprenyl_synt_c19
BGC0001529	M1378	30	9.89	24.838	Acetyltransf_2,Aminotran_4,GATase_c6;Anth_synt_I_N;Chorismate_bind_c2,Methyltransf_11_c47,Methyltransf_25_c28
BGC0001529	MG1484_M0032_M2806_M2894	31	-93.284	-92.795	AS-p450_c29,Aminotran_4
BGC0001531	MG545_M2523_M2524_M2544_M2563_M2565_M2566	728	-2.771	12.816	AS-IucA_IucC_c3,Acetyltransf_8,Lys_Orn_oxgnase_c8,Pyridoxal_deC
BGC0001531	MG547_M1280_M2554_M2621	1285	-3.467	22.264	AS-IucA_IucC_c3,Acetyltransf_8,Lys_Orn_oxgnase_c8,Pyridoxal_deC
BGC0001532	M1038	227	6.824	6.824	Aldo_ket_red,Beta-lactamase
BGC0001533	M0065	57	8.887	8.887	CMD,DJ-1_PfpI
BGC0001533	M0138	178	7.072	7.072	AS-PF00561,DJ-1_PfpI
BGC0001533	M0171	91	5.734	8.4	Bac_luciferase,CMD,CoA_transf_3
BGC0001533	M0231	106	6.641	6.641	CoA_transf_3,TPP_enzyme_N;TPP_enzyme_M;TPP_enzyme_C
BGC0001533	M0376	97	7.177	7.177	AS-PF00561,CMD
BGC0001533	M1185	200	9.252	9.252	DJ-1_PfpI,HD
BGC0001533	MG1484_M0032_M2806_M2894	31	-93.284	-83.922	AS-PF00561,Bac_luciferase,CoA_transf_3,TPP_enzyme_N;TPP_enzyme_M;TPP_enzyme_C
BGC0001533	MG1980_M1827_M1969_M1973_M1974_M1976_M1977	193	-44.001	-43.807	AS-PF00561,Hydrolase_4
BGC0001533	MG994_M1983_M2521_M2525_M2526	1036	-2.706	-2.706	AS-PF00561,FAA_hydrolase
BGC0001534	M0333	41	6.56	9.841	E1_dh,Transket_pyr;Transketolase_C
BGC0001534	MG1410_M0344_M0429_M2012_M2015	1046	-3.047	18.786	Biotin_lipoyl;E3_binding;2-oxoacid_dh,E1_dh,Transket_pyr;Transketolase_C
BGC0001534	MG1412_M0921_M2016_M2017	621	3.807	11.038	E1_dh,Transket_pyr;Transketolase_C
BGC0001535	M0333	41	6.56	9.841	E1_dh,Transket_pyr;Transketolase_C
BGC0001535	MG1410_M0344_M0429_M2012_M2015	1046	-3.047	18.786	Biotin_lipoyl;E3_binding;2-oxoacid_dh,E1_dh,Transket_pyr;Transketolase_C
BGC0001535	MG1412_M0921_M2016_M2017	621	3.807	11.038	E1_dh,Transket_pyr;Transketolase_C
BGC0001537	M0523	97	11.052	11.052	AS-PP-binding_c23,Thioesterase_c35
BGC0001537	MG1314_M1251_M1842	399	11.441	16.74	3HCDH_N;3HCDH,AS-PP-binding_c23,Thioesterase_c35
BGC0001539	M0954	1108	-1.999	21.283	AS-Asn_synthase_c14,AS-PF13471_c2,AS-Stand_Alone_Lasso_RRE_c0
BGC0001548	M0954	1108	-1.999	21.283	AS-Asn_synthase_c14,AS-PF13471_c2,AS-Stand_Alone_Lasso_RRE_c0
BGC0001549	M0954	1108	-1.999	21.283	AS-Asn_synthase_c14,AS-PF13471_c2,AS-Stand_Alone_Lasso_RRE_c0
BGC0001550	M0954	1108	-1.999	21.283	AS-Asn_synthase_c14,AS-PF13471_c2,AS-Stand_Alone_Lasso_RRE_c0
BGC0001551	M0954	1108	-1.999	21.283	AS-Asn_synthase_c14,AS-PF13471_c2,AS-Stand_Alone_Lasso_RRE_c0
BGC0001552	M0954	1108	-1.999	21.283	AS-Asn_synthase_c14,AS-PF13471_c2,AS-Stand_Alone_Lasso_RRE_c0
BGC0001553	MG149_M2827_M2837_M2838	23	-25.855	-23.556	Amino_oxidase_c27,FA_hydroxylase
BGC0001553	MG151_M2785_M2800_M2805_M2846	355	7.023	7.023	Amino_oxidase_c27,FA_hydroxylase
BGC0001554	MG273_M1344_M1345_M1602_M1725_M1728_M2954	368	-2.651	1.186	CbiA,Oxidored_nitro
BGC0001556	MG149_M2827_M2837_M2838	23	-25.855	-23.556	Amino_oxidase_c27,FA_hydroxylase
BGC0001556	MG151_M2785_M2800_M2805_M2846	355	7.023	7.023	Amino_oxidase_c27,FA_hydroxylase
BGC0001558	M0437	179	8.37	13.41	AS-DegT_DnrJ_EryC1_c15,Epimerase_c16,NTP_transferase
BGC0001558	M0560	43	7.733	7.733	AS-MGT_c0,GDP_Man_Dehyd
BGC0001558	M0652	59	9.275	9.275	AS-DegT_DnrJ_EryC1_c15,Epimerase_c16
BGC0001558	M1090	59	10.581	10.581	AS-DegT_DnrJ_EryC1_c15,GDP_Man_Dehyd
BGC0001558	M1091	81	15.217	28.943	AS-DegT_DnrJ_EryC1_c15,AS-dTDP_sugar_isom_c2,Epimerase_c16,FAD_binding_3_c19,Hexose_dehydrat
BGC0001558	M1093	154	6.096	6.096	AS-PF00561,SpoIIE
BGC0001558	M1182	117	7.646	14.024	AS-dTDP_sugar_isom_c2,GDP_Man_Dehyd,NTP_transferase
BGC0001558	MG1423_M1723_M1852	74	-6.585	0.404	AS-DegT_DnrJ_EryC1_c47,Hexose_dehydrat
BGC0001558	MG1484_M0032_M2806_M2894	31	-93.284	-47.307	ABM_c1,AS-PF00561,AS-ksIII_c2,AS-t2ks_c40,Cyclase,KR_c29,Methyltransf_11_c7,SnoaL_4
BGC0001558	MG1488_M0840_M1121	326	18.423	31.155	AS-MGT_c0,AS-dTDP_sugar_isom_c2,GDP_Man_Dehyd,Hexose_dehydrat,Methyltransf_11_c7
BGC0001558	MG1489_M1416_M1417	369	29.466	59.52	AS-DegT_DnrJ_EryC1_c15,AS-DegT_DnrJ_EryC1_c47,AS-MGT_c0,AS-dTDP_sugar_isom_c2,AS-ksIII_c2,Epimerase_c16,GDP_Man_Dehyd,GFO_IDH_MocA_c21,Hexose_dehydrat,NTP_transferase
BGC0001558	MG1490_M0790_M1414	198	24.625	32.434	AS-DegT_DnrJ_EryC1_c47,AS-MGT_c0,AS-dTDP_sugar_isom_c2,GFO_IDH_MocA_c21,Hexose_dehydrat
BGC0001558	MG1508_M0255_M0793	71	65.688	66.74	ABM_c1,AS-DegT_DnrJ_EryC1_c47,AS-MGT_c0,AS-dTDP_sugar_isom_c2,AS-ksIII_c2,AS-t2ks_c40,Cyclase,GDP_Man_Dehyd,GFO_IDH_MocA_c21,Hexose_dehydrat,NTP_transferase,SnoaL_4,SpoIIE
BGC0001558	MG450_M0751_M2593_M2610	813	7.728	13.019	AS-MGT_c0,GDP_Man_Dehyd,NTP_transferase
BGC0001558	MG475_M1088_M1089	204	4.345	4.345	AS-DegT_DnrJ_EryC1_c15,GDP_Man_Dehyd
BGC0001564	M1885	174	19.601	31.077	AS-Chal_sti_synt_N_c36;HMG_CoA_synt_C,AS-t2pks2_c2,Acyl_transf_1_c7,ECH_1_c18
BGC0001564	MG1983_M1848_M1890	214	8.91	15.519	AS-t2pks2_c2,Acyl_transf_1_c7,ECH_1_c18
BGC0001566	M1854	31	-4.028	2.722	AS-MGT_c4,Transferase_c5
BGC0001566	M1885	174	19.601	19.601	AS-Chal_sti_synt_N_c36;HMG_CoA_synt_C,AS-t2pks2_c2,ECH_1_c18
BGC0001568	M0437	179	8.37	13.41	AS-DegT_DnrJ_EryC1_c15,Epimerase_c16,NTP_transferase
BGC0001568	M0560	43	7.733	7.733	AS-MGT_c0,GDP_Man_Dehyd
BGC0001568	M0652	59	9.275	9.275	AS-DegT_DnrJ_EryC1_c15,Epimerase_c16
BGC0001568	M1090	59	10.581	10.581	AS-DegT_DnrJ_EryC1_c15,GDP_Man_Dehyd
BGC0001568	M1091	81	15.217	28.943	AS-DegT_DnrJ_EryC1_c15,AS-dTDP_sugar_isom_c2,Epimerase_c16,FAD_binding_3_c19,Hexose_dehydrat
BGC0001568	M1182	117	7.646	14.024	AS-dTDP_sugar_isom_c2,GDP_Man_Dehyd,NTP_transferase
BGC0001568	MG1423_M1723_M1852	74	-6.585	0.404	AS-DegT_DnrJ_EryC1_c47,Hexose_dehydrat
BGC0001568	MG1484_M0032_M2806_M2894	31	-93.284	-41.165	ABM_c1,AS-PF00561,AS-ksIII_c2,AS-t2ks_c40,Aldo_ket_red,Cyclase,KR_c29,Methyltransf_11_c7,SnoaL_4
BGC0001568	MG1488_M0840_M1121	326	18.423	31.155	AS-MGT_c0,AS-dTDP_sugar_isom_c2,GDP_Man_Dehyd,Hexose_dehydrat,Methyltransf_11_c7
BGC0001568	MG1489_M1416_M1417	369	29.466	59.52	AS-DegT_DnrJ_EryC1_c15,AS-DegT_DnrJ_EryC1_c47,AS-MGT_c0,AS-dTDP_sugar_isom_c2,AS-ksIII_c2,Epimerase_c16,GDP_Man_Dehyd,GFO_IDH_MocA_c21,Hexose_dehydrat,NTP_transferase
BGC0001568	MG1490_M0790_M1414	198	24.625	32.434	AS-DegT_DnrJ_EryC1_c47,AS-MGT_c0,AS-dTDP_sugar_isom_c2,GFO_IDH_MocA_c21,Hexose_dehydrat
BGC0001568	MG1504_M0541_M0794	63	76.389	154.259	ABM_c1,AS-DegT_DnrJ_EryC1_c15,AS-DegT_DnrJ_EryC1_c47,AS-MGT_c0,AS-MGT_c11,AS-PF00561,AS-PF07366_c9,AS-dTDP_sugar_isom_c2,AS-ksIII_c2,AS-p450_c44,AS-t2clf_c1,AS-t2ks_c40,Aldo_ket_red,Cyclase,Epimerase_c16,FAD_binding_3_c19,FAD_binding_4;BBE,GDP_Man_Dehyd,GFO_IDH_MocA_c21,Hexose_dehydrat,KR_c22,Methyltransf_11_c7,Methyltransf_2,NTP_transferase,Polyketide_cyc2;SnoaL_4,SnoaL_4
BGC0001568	MG1508_M0255_M0793	71	65.688	66.287	ABM_c1,AS-DegT_DnrJ_EryC1_c47,AS-MGT_c0,AS-dTDP_sugar_isom_c2,AS-ksIII_c2,AS-t2ks_c40,Aldo_ket_red,Cyclase,GDP_Man_Dehyd,GFO_IDH_MocA_c21,Hexose_dehydrat,NTP_transferase,SnoaL_4
BGC0001568	MG1887_M0366_M0416	424	-1.537	2.905	AS-PF00561,Aldo_ket_red
BGC0001568	MG1888_M0195_M0251	288	-9.164	7.056	AS-PF00561,Aldo_ket_red
BGC0001568	MG450_M0751_M2593_M2610	813	7.728	13.019	AS-MGT_c0,GDP_Man_Dehyd,NTP_transferase
BGC0001568	MG475_M1088_M1089	204	4.345	4.345	AS-DegT_DnrJ_EryC1_c15,GDP_Man_Dehyd
BGC0001571	M0148	80	8.378	8.378	Abhydrolase_3,Aldo_ket_red
BGC0001571	M0278	101	7.793	7.793	Aldo_ket_red,Polyketide_cyc2
BGC0001571	MG1887_M0366_M0416	424	-1.537	-1.537	Aldo_ket_red,Sugar_tr
BGC0001572	MG547_M1280_M2554_M2621	1285	-3.467	4.432	Lys_Orn_oxgnase_c8,Pyridoxal_deC
BGC0001574	MG1110_M0738_M1772_M2281	156	12.522	40.724	AS-AMP-binding_c15,AS-PP-binding_c0,AS-PP-binding_c28,AS-fabH_c2,Asp_Arg_Hydrox,TauD_c24,Zeta_toxin
BGC0001575	M0283	102	8.911	8.911	AP_endonuc_2,AS-Polysacc_synt_c7
BGC0001575	MG510_M0258_M0281	52	-26.516	-22.65	AS-Polysacc_synt_c7,KR_c0
BGC0001578	M0201	135	7.691	7.691	AS-MannoseP_isomer_c2,Aldo_ket_red
BGC0001578	M0295	198	5.836	5.836	AS-MannoseP_isomer_c2,Methyltransf_2
BGC0001580	M0233	100	8.296	8.296	Abhydrolase_3,Beta-lactamase
BGC0001582	M0530	86	9.718	17.531	AS-LmbU_c0,Methyltransf_2,Trp_dioxygenase
BGC0001584	M0153	118	1.762	1.762	AS-p450_c7,Sugar_tr
BGC0001584	M0163	280	6.233	6.233	Flavin_Reduct,Sugar_tr
BGC0001584	M0247	460	6.231	6.231	AS-Abhydrolase_6,Sugar_tr
BGC0001584	M0296	192	6.02	6.02	FMN_red,Sugar_tr
BGC0001584	M0304	159	6.874	6.874	AS-Abhydrolase_6,FMN_red
BGC0001584	M0349	91	6.875	6.875	Flavin_Reduct,SBP_bac_1
BGC0001584	M0437	179	8.37	8.37	AS-DegT_DnrJ_EryC1_c15,NTP_transferase
BGC0001584	M0450	148	9.458	9.458	Acyl_transf_3,Flavin_Reduct
BGC0001584	M0680	56	10.538	10.538	Methyltransf_13;Methyltransf_23;Methyltransf_14,NTP_transferase
BGC0001584	M0714	132	7.375	7.375	AS-Abhydrolase_6,Flavin_Reduct
BGC0001584	M1090	59	10.581	10.581	AS-DegT_DnrJ_EryC1_c15,GDP_Man_Dehyd
BGC0001584	M1182	117	7.646	14.024	AS-dTDP_sugar_isom_c2,GDP_Man_Dehyd,NTP_transferase
BGC0001584	MG1378_M2130_M2134_M2150_M2172_M2175_M2176	657	-4.649	53.109	4HBT_c40,AS-ene_KS_c40;AS-PKS_AT_c24;KR_c35;PS-DH_c5,CMD,DUF1702,FG-GAP_3;UnbV_ASPIC,Flavin_Reduct,MDMPI_N;Wyosine_form,SnoaL_2_c29
BGC0001584	MG1379_M2127_M2129	136	19.237	67.598	4HBT_c40,AS-Acyl-CoA_dh_N_c48;Acyl-CoA_dh_2,AS-ene_KS_c40;AS-PKS_AT_c24;KR_c35;PS-DH_c5,CMD,DUF1702,FG-GAP_3;UnbV_ASPIC,Flavin_Reduct,HpaB_N;HpaB,MDMPI_N;Wyosine_form,SnoaL_2_c29
BGC0001584	MG1381_M2142_M2159	294	18.367	20.024	4HBT_c40,DUF1702,FG-GAP_3;UnbV_ASPIC
BGC0001584	MG1484_M0032_M2806_M2894	31	-93.284	-85.416	EHN,FMN_red,Methyltransf_11_c7
BGC0001584	MG450_M0751_M2593_M2610	813	7.728	7.728	GDP_Man_Dehyd,NTP_transferase
BGC0001584	MG475_M1088_M1089	204	4.345	4.345	AS-DegT_DnrJ_EryC1_c15,GDP_Man_Dehyd
BGC0001586	M1096	154	8.398	8.398	Acyl_transf_3,CbiA
BGC0001587	MG1162_M0489_M0995	227	2.859	23.331	AS-Orn_Arg_deC_N_c11;AS-Orn_DAP_Arg_deC_c12,OCD_Mu_crystall,PALP,TauD_c9
BGC0001587	MG1176_M0837_M0950_M0951_M0997_M1000_M1001	2290	8.092	8.092	OCD_Mu_crystall,PALP
BGC0001590	M0098	170	7.497	7.497	Bac_luciferase,Methyltransf_2
BGC0001590	M0295	198	5.836	5.836	AS-MannoseP_isomer_c2,Methyltransf_2
BGC0001590	M0599	418	5.307	5.307	AS-MannoseP_isomer_c2,Sugar_tr
BGC0001590	M0650	95	-4.622	-1.832	AS-MannoseP_isomer_c2,Lipase_GDSL,Sugar_tr
BGC0001590	M0828	35	4.996	13.397	AS-PF00561;CMD,Glu_synthase,Lactamase_B_3
BGC0001590	M0932	359	6.485	6.485	Carboxyl_trans,Sugar_tr
BGC0001590	M2505	231	8.949	25.26	ABM_c6,AS-MannoseP_isomer_c2,AS-t2ks_c40,Biotin_carb_N;CPSase_L_D2;Biotin_carb_C,Biotin_lipoyl,Cyclase_polyket
BGC0001590	MG1357_M1293_M1551_M1552	336	-9.109	-6.082	Bac_luciferase,Carboxyl_trans,Polyketide_cyc,Sugar_tr
BGC0001590	MG1484_M0032_M2806_M2894	31	-93.284	-85.367	AS-t2ks_c40,Bac_luciferase,Polyketide_cyc
BGC0001590	MG1850_M0505_M0626	1246	4.101	4.101	Bac_luciferase,Sugar_tr
BGC0001590	MG562_M2294_M2380	1678	0.005	11.774	Biotin_carb_N;CPSase_L_D2;Biotin_carb_C,Biotin_lipoyl
BGC0001592	M1879	386	3.385	14.906	AS-Flavoprotein_c4,UbiD
BGC0001593	M2215	689	12.52	12.52	APS_kinase,PAPS_reduct
BGC0001593	MG1148_M1200_M2213	243	-0.919	5.648	APS_kinase,PAPS_reduct
BGC0001593	MG1294_M2171_M2178_M2179_M2183_M2184_M2194	211	11.36	71.307	AA_kinase_c13,APS_kinase,AS-ATP-grasp_c11,AS-DegT_DnrJ_EryC1_c15,BtrH_N,PAPS_reduct,Peptidase_M20,Semialdhyde_dh,Sulfotransfer_5,Transket_pyr;Transketolase_C,Transketolase_N
BGC0001594	M1471	280	14.285	14.285	Glycos_trans_3N;Glycos_transf_3,IGPS
BGC0001594	MG1484_M0032_M2806_M2894	31	-93.284	-92.572	Glycos_trans_3N;Glycos_transf_3,Rieske
BGC0001594	MG928_M0849_M0851_M2436	458	2.038	5.797	GcpE,polyprenyl_synt_c16
BGC0001594	MG942_M0905_M0975_M2463	1559	-1.823	10.071	AS-DXP_synthase_N_c0;Transket_pyr;Transketolase_C,polyprenyl_synt_c16
BGC0001595	M1471	280	14.285	14.285	Glycos_trans_3N;Glycos_transf_3,IGPS
BGC0001595	MG928_M0849_M0851_M2436	458	2.038	5.797	GcpE,polyprenyl_synt_c16
BGC0001595	MG942_M0905_M0975_M2463	1559	-1.823	10.071	AS-DXP_synthase_N_c0;Transket_pyr;Transketolase_C,polyprenyl_synt_c16
BGC0001596	M0123	133	3.209	3.209	Amidase,Sugar_tr
BGC0001596	M0176	123	6.674	6.674	AS-MannoseP_isomer_c2,Polyketide_cyc2
BGC0001596	M0186	141	7.038	7.038	AS-Abhydrolase_6,Polyketide_cyc2
BGC0001596	M0247	460	6.231	6.231	AS-Abhydrolase_6,Sugar_tr
BGC0001596	M0295	198	5.836	5.836	AS-MannoseP_isomer_c2,Methyltransf_2
BGC0001596	M0454	321	7.756	7.756	AP_endonuc_2,Sugar_tr
BGC0001596	M0599	418	5.307	5.307	AS-MannoseP_isomer_c2,Sugar_tr
BGC0001596	M0932	359	6.485	6.485	Carboxyl_trans,Sugar_tr
BGC0001596	M2093	64	26.388	57.869	ABM_c0,Acetyltransf_10,Amidase,FAD_binding_3_c42,FAD_binding_3_c46,Gln-synt_C,Inos-1-P_synth,Lyase_1,Putative_PNPOx_c14
BGC0001596	MG1523_M1029_M1031	539	14.904	40.114	ABM_c0,AS-t2clf_c28,AS-t2clf_c39,Cyclase_polyket,FAD_binding_3_c46,Polyketide_cyc2,SnoaL_4
BGC0001596	MG1524_M0073_M0590	631	3.673	19.777	ABM_c0,AS-t2clf_c28,AS-t2clf_c39
BGC0001596	MG1936_M0754_M1458	385	7.371	15.793	AP_endonuc_2,Phosphodiest,UbiA
BGC0001596	MG1980_M1827_M1969_M1973_M1974_M1976_M1977	193	-44.001	-43.393	Carboxyl_trans,KR_c28
BGC0001597	M0064	93	10.429	10.429	Metallophos,Thioesterase_c39
BGC0001597	M0099	50	9.754	14.968	AS-fabH_c2,FAD_binding_4;BBE,Thioesterase_c39
BGC0001597	M0106	72	8.543	8.543	AS-AMP-binding_c38,AS-Abhydrolase_6
BGC0001597	M0343	128	1.822	1.822	AS-Abhydrolase_6,AS-fabH_c2
BGC0001597	M0437	179	8.37	8.37	AS-DegT_DnrJ_EryC1_c15,NTP_transferase
BGC0001597	M0560	43	7.733	7.733	AS-MGT_c0,GDP_Man_Dehyd
BGC0001597	M0624	37	5.841	5.841	3HCDH_N;3HCDH,AS-Orn_Arg_deC_N_c0;AS-Orn_DAP_Arg_deC_c3
BGC0001597	M0646	85	-5.207	-5.207	AS-AMP-binding_c38,AS-fabH_c2
BGC0001597	M0712	147	10.472	10.472	AS-AMP-binding_c38,AS-Orn_Arg_deC_N_c0;AS-Orn_DAP_Arg_deC_c3
BGC0001597	M0888	114	9.654	9.654	3HCDH_N;3HCDH,AS-AMP-binding_c38
BGC0001597	M1003	294	10.288	18.226	3HCDH_N;3HCDH,AS-ADH_N_c16;AS-ADH_zinc_N_c17,AS-fabH_c2
BGC0001597	M1090	59	10.581	10.581	AS-DegT_DnrJ_EryC1_c15,GDP_Man_Dehyd
BGC0001597	M1182	117	7.646	14.024	AS-dTDP_sugar_isom_c2,GDP_Man_Dehyd,NTP_transferase
BGC0001597	M1193	49	7.159	14.63	3HCDH_N;3HCDH,AS-ADH_N_c16;AS-ADH_zinc_N_c17,AS-DegT_DnrJ_EryC1_c15
BGC0001597	MG1096_M0401_M0710	192	8.886	16.281	3HCDH_N;3HCDH,AS-fabH_c2,Thioesterase_c39
BGC0001597	MG1484_M0032_M2806_M2894	31	-93.284	-92.413	AS-PKS_AT_c24,KR_c21
BGC0001597	MG403_M1476_M1496_M2005	63	-41.918	-29.364	AS-AMP-binding_c38,AS-Abhydrolase_6
BGC0001597	MG450_M0751_M2593_M2610	813	7.728	13.019	AS-MGT_c0,GDP_Man_Dehyd,NTP_transferase
BGC0001597	MG475_M1088_M1089	204	4.345	4.345	AS-DegT_DnrJ_EryC1_c15,GDP_Man_Dehyd
BGC0001603	M2814	338	3.089	22.445	PTPS,QueC,QueF
BGC0001603	MG1649_M2840_M2857_M2858	655	0.394	9.907	PTPS,QueC
BGC0001607	M0423	66	8.602	8.602	AS-AMP-binding_c21,Flavin_Reduct
BGC0001607	MG1174_M0816_M0940	339	5.01	5.268	AS-AMP-binding_c21,PALP
BGC0001611	M0314	28	5.158	5.158	Aminotran_1_2,Sugar_tr
BGC0001611	MG1887_M0366_M0416	424	-1.537	5.269	AS-PF00561,Sugar_tr
BGC0001612	M1471	280	14.285	14.285	Glycos_trans_3N;Glycos_transf_3,IGPS
BGC0001612	MG1484_M0032_M2806_M2894	31	-93.284	-92.572	Glycos_trans_3N;Glycos_transf_3,Rieske
BGC0001612	MG928_M0849_M0851_M2436	458	2.038	5.797	GcpE,polyprenyl_synt_c16
BGC0001612	MG942_M0905_M0975_M2463	1559	-1.823	10.071	AS-DXP_synthase_N_c0;Transket_pyr;Transketolase_C,polyprenyl_synt_c16
BGC0001619	M0560	43	7.733	7.733	AS-MGT_c0,GDP_Man_Dehyd
BGC0001619	MG1423_M1723_M1852	74	-6.585	15.478	AS-DegT_DnrJ_EryC1_c47,AS-MGT_c4;AS-MGT_c11,Glyco_hydro_20b;Glyco_hydro_20,Hexose_dehydrat
BGC0001619	MG450_M0751_M2593_M2610	813	7.728	13.019	AS-MGT_c0,GDP_Man_Dehyd,NTP_transferase
BGC0001620	M0329	87	7.501	7.501	AS-p450_c29,Aminotran_1_2
BGC0001620	MG389_M1921_M1922	411	5.228	5.228	Aminotran_1_2,FMN_dh
BGC0001622	MG1357_M1293_M1551_M1552	336	-9.109	-8.159	AS-fabH_c2,Polyketide_cyc
BGC0001622	MG1484_M0032_M2806_M2894	31	-93.284	-85.397	Cyclase,NAD_binding_10,Polyketide_cyc
BGC0001622	MG1524_M0073_M0590	631	3.673	12.961	AS-t2clf_c28,AS-t2clf_c39
BGC0001623	M0348	97	7.969	7.969	MaoC_dehydratas,OCD_Mu_crystall
BGC0001623	MG1176_M0837_M0950_M0951_M0997_M1000_M1001	2290	8.092	8.092	OCD_Mu_crystall,PALP
BGC0001625	M0496	269	3.814	6.979	AS-Acyl-CoA_dh_N_c7;Acyl-CoA_dh_2,Flavin_Reduct
BGC0001625	MG1357_M1293_M1551_M1552	336	-9.109	-8.835	Flavin_Reduct,Polyketide_cyc
BGC0001625	MG1484_M0032_M2806_M2894	31	-93.284	-83.795	Cyclase,FMN_red,Polyketide_cyc
BGC0001626	MG1936_M0754_M1458	385	7.371	7.371	AP_endonuc_2,UbiA
BGC0001633	M0160	129	8.117	14.092	Aminotran_1_2,HpcH_HpaI_c1,MaoC_dehydratas
BGC0001633	M1229	126	-1.572	21.97	AS-pgm1_c2,HpcH_HpaI_c1,MaoC_dehydratas
BGC0001634	M0954	1108	-1.999	11.897	AS-PF13471_c2,AS-Stand_Alone_Lasso_RRE_c0
BGC0001635	M0329	87	7.501	7.501	AS-p450_c29,Aminotran_1_2
BGC0001635	M0884	36	21.168	24.188	AS-Trp_halogenase_c8,AS-p450_c9,FMN_dh,PDH_N;PDH_C
BGC0001635	M2114	79	13.672	13.672	AS-Trp_halogenase_c8,PDH_N;PDH_C
BGC0001635	M2116	130	11.27	19.54	AS-Trp_halogenase_c8,FMN_dh,PDH_N;PDH_C
BGC0001635	MG389_M1921_M1922	411	5.228	21.923	AS-Trp_halogenase_c8,Aminotran_1_2,FMN_dh,PDH_N;PDH_C
BGC0001640	M1784	56	25.165	41.149	AS-Lant_dehydr_C_c0,AS-Lant_dehydr_C_c2,AS-Lant_dehydr_N_c1,AS-TIGR03604_c0,AS-Thiopeptide_F_RRE_c1,AS-thio_amide_c2
BGC0001640	M1788	65	27.477	39.8	AS-Lant_dehydr_C_c0,AS-Lant_dehydr_C_c2,AS-Lant_dehydr_N_c1,AS-PF00881_c32,AS-TIGR03604_c0
BGC0001645	M0954	1108	-1.999	21.283	AS-Asn_synthase_c14,AS-PF13471_c2,AS-Stand_Alone_Lasso_RRE_c0
BGC0001648	M1003	294	10.288	18.226	3HCDH_N;3HCDH,AS-ADH_N_c16;AS-ADH_zinc_N_c17,AS-fabH_c2
BGC0001651	MG417_M2244_M2277	354	-0.968	18.924	CTP_transf_3,NTP_transferase,NeuB
BGC0001652	M1024	425	7.571	7.571	Bac_luciferase,Flavin_Reduct
BGC0001652	M1335	256	7.006	23.207	Bac_luciferase,G_glu_transpept,Glyoxalase_c39,PhzC-PhzF_c2
BGC0001652	MG841_M1858_M1936	347	9.606	10.402	AS-EntA_c6,Isochorismatase_c21
BGC0001655	M0954	1108	-1.999	11.076	AS-Asn_synthase_c14,AS-PF13471_c2
BGC0001658	M0448	314	7.189	7.189	AS-AMP-binding_c21,AS-PF00561
BGC0001658	M1198	73	35.408	44.871	AS-AMP-binding_c13,AS-MGT_c0,AS-Orn_Arg_deC_N_c0;AS-Orn_DAP_Arg_deC_c3,AS-PKS_AT_c24,AS-PP-binding_c16,AS-Stand_Alone_Lasso_RRE_c4,B12-binding_c2,Met_asp_mut_E
BGC0001658	M1199	295	4.574	28.505	AS-Orn_Arg_deC_N_c0;AS-Orn_DAP_Arg_deC_c3,AS-Stand_Alone_Lasso_RRE_c4,B12-binding_c2,Met_asp_mut_E
BGC0001658	M1292	67	9.353	9.353	AS-AMP-binding_c13,AS-Orn_Arg_deC_N_c0;AS-Orn_DAP_Arg_deC_c3
BGC0001658	M1297	117	9.269	9.269	AS-AMP-binding_c21,AS-Orn_Arg_deC_N_c0;AS-Orn_DAP_Arg_deC_c3
BGC0001658	MG1200_M1237_M2686_M2732	609	2.048	17.677	B12-binding_c2,Met_asp_mut_E,Thioesterase_c39
BGC0001658	MG1484_M0032_M2806_M2894	31	-93.284	-88.299	AS-PF00561,AS-PKS_AT_c24,AS-p450_c26
BGC0001659	MG1484_M0032_M2806_M2894	31	-93.284	-92.339	Aldo_ket_red,EHN
BGC0001661	M0186	141	7.038	7.038	AS-Abhydrolase_6,Polyketide_cyc2
BGC0001661	M0247	460	6.231	6.231	AS-Abhydrolase_6,Sugar_tr
BGC0001661	M0437	179	8.37	8.37	AS-DegT_DnrJ_EryC1_c15,NTP_transferase
BGC0001661	M0560	43	7.733	7.733	AS-MGT_c0,GDP_Man_Dehyd
BGC0001661	M1090	59	10.581	10.581	AS-DegT_DnrJ_EryC1_c15,GDP_Man_Dehyd
BGC0001661	MG1484_M0032_M2806_M2894	31	-93.284	-85.367	AS-PP-binding_c28,KR_c28,SnoaL_4
BGC0001661	MG450_M0751_M2593_M2610	813	7.728	13.019	AS-MGT_c0,GDP_Man_Dehyd,NTP_transferase
BGC0001661	MG475_M1088_M1089	204	4.345	4.345	AS-DegT_DnrJ_EryC1_c15,GDP_Man_Dehyd
BGC0001666	M0414	109	6.263	6.263	Bac_luciferase,ROK
BGC0001666	MG1592_M2862_M2876	470	-4.369	2.206	Acyltransferase,DAHP_synth_2_c4,ROK
BGC0001666	MG494_M1556_M1899_M1903_M1908_M1909_M1911_M1914_M1916_M1917	269	-1.697	45.312	AS-DHQ_synthase_c2,AS-DegT_DnrJ_EryC1_c15,Acetyltransf_2,DHquinase_II,FAD_binding_3_c37,GFO_IDH_MocA_c32;GFO_IDH_MocA_C,ROK
BGC0001670	M0153	118	1.762	1.762	AS-p450_c7,Sugar_tr
BGC0001670	MG1887_M0366_M0416	424	-1.537	5.269	AS-PF00561,Sugar_tr
BGC0001671	M0293	70	8.12	8.12	Beta-lactamase,OCD_Mu_crystall
BGC0001671	M0396	182	7.368	7.368	Beta-lactamase,PALP
BGC0001671	MG1176_M0837_M0950_M0951_M0997_M1000_M1001	2290	8.092	8.092	OCD_Mu_crystall,PALP
BGC0001674	M0954	1108	-1.999	21.283	AS-Asn_synthase_c14,AS-PF13471_c2,AS-Stand_Alone_Lasso_RRE_c0
BGC0001675	M0140	162	6.564	6.724	Lactamase_B,Polyketide_cyc2
BGC0001675	M0152	196	7.036	7.036	Bac_luciferase,Polyketide_cyc2
BGC0001675	M0356	116	7.632	7.632	AS-fabH_c2,Lactamase_B
BGC0001675	M0496	269	3.814	8.699	Flavin_Reduct,SnoaL_4
BGC0001675	M0560	43	7.733	7.733	AS-MGT_c0,GDP_Man_Dehyd
BGC0001675	M0680	56	10.538	10.538	Methyltransf_13;Methyltransf_23;Methyltransf_14,NTP_transferase
BGC0001675	M1024	425	7.571	7.571	Bac_luciferase,Flavin_Reduct
BGC0001675	M1182	117	7.646	14.024	AS-dTDP_sugar_isom_c2,GDP_Man_Dehyd,NTP_transferase
BGC0001675	MG1357_M1293_M1551_M1552	336	-9.109	-6.611	AS-fabH_c2,Bac_luciferase,Flavin_Reduct
BGC0001675	MG1484_M0032_M2806_M2894	31	-93.284	-79.973	ABM_c1,Bac_luciferase,NAD_binding_10,SnoaL_4
BGC0001675	MG450_M0751_M2593_M2610	813	7.728	20.301	AS-MGT_c0,AS-RmlD_sub_bind_c29,GDP_Man_Dehyd,NTP_transferase
BGC0001675	MG830_M1441_M1444_M1450_M1451_M1455	446	3.872	12.848	Chorismate_bind_c1;GATase_c1,DAHP_synth_2_c8;DAHP_synth_2_c2,Isochorismatase_c21
BGC0001675	MG841_M1858_M1936	347	9.606	10.402	AS-EntA_c6,Isochorismatase_c21
BGC0001687	M0378	172	0.954	1.802	Amidohydro_2,NAD_binding_2;NAD_binding_11
BGC0001687	M2632	333	2.642	15.382	Cpn10,Cpn60_TCP1
BGC0001690	M1090	59	10.581	10.581	AS-DegT_DnrJ_EryC1_c15,GDP_Man_Dehyd
BGC0001690	MG475_M1088_M1089	204	4.345	26.524	AS-DegT_DnrJ_EryC1_c15,AS-p450_c48,GDP_Man_Dehyd,UDPGT_c29
BGC0001690	MG476_M0463_M1027	192	9.949	19.105	AS-DegT_DnrJ_EryC1_c15,Thioesterase_c35,UDPGT_c29
BGC0001693	M0186	141	7.038	7.038	AS-Abhydrolase_6,Polyketide_cyc2
BGC0001693	M0437	179	8.37	13.41	AS-DegT_DnrJ_EryC1_c15,Epimerase_c16,NTP_transferase
BGC0001693	M0560	43	7.733	7.733	AS-MGT_c0,GDP_Man_Dehyd
BGC0001693	M0652	59	9.275	9.275	AS-DegT_DnrJ_EryC1_c15,Epimerase_c16
BGC0001693	M1090	59	10.581	10.581	AS-DegT_DnrJ_EryC1_c15,GDP_Man_Dehyd
BGC0001693	M1091	81	15.217	22.404	AS-DegT_DnrJ_EryC1_c15,AS-dTDP_sugar_isom_c2,Epimerase_c16,Hexose_dehydrat
BGC0001693	M1182	117	7.646	14.024	AS-dTDP_sugar_isom_c2,GDP_Man_Dehyd,NTP_transferase
BGC0001693	M2093	64	26.388	57.519	ABM_c0,Acetyltransf_10,Amidase,FAD_binding_3_c15,FAD_binding_3_c42,FAD_binding_3_c46,Gln-synt_C,Lyase_1,Peptidase_C26
BGC0001693	MG1484_M0032_M2806_M2894	31	-93.284	-74.174	AS-PF00561,AS-PKS_AT_c24,AS-t2ks_c40,KR_c28,Rieske
BGC0001693	MG1488_M0840_M1121	326	18.423	23.636	AS-MGT_c0,AS-dTDP_sugar_isom_c2,GDP_Man_Dehyd,Hexose_dehydrat
BGC0001693	MG1489_M1416_M1417	369	29.466	34.697	AS-DegT_DnrJ_EryC1_c15,AS-MGT_c0,AS-dTDP_sugar_isom_c2,Epimerase_c16,GDP_Man_Dehyd,Hexose_dehydrat,NTP_transferase
BGC0001693	MG1980_M1827_M1969_M1973_M1974_M1976_M1977	193	-44.001	-38.955	AS-PF00561,Carboxyl_trans,KR_c28
BGC0001693	MG450_M0751_M2593_M2610	813	7.728	13.019	AS-MGT_c0,GDP_Man_Dehyd,NTP_transferase
BGC0001693	MG475_M1088_M1089	204	4.345	4.345	AS-DegT_DnrJ_EryC1_c15,GDP_Man_Dehyd
BGC0001694	M0163	280	6.233	6.233	Flavin_Reduct,Sugar_tr
BGC0001694	M1024	425	7.571	7.571	Bac_luciferase,Flavin_Reduct
BGC0001694	M1068	405	6.422	6.422	Aldo_ket_red,Bac_luciferase
BGC0001694	MG1260_M1163_M1166	83	9.227	21.829	2-oxoacid_dh,AS-PP-binding_c33,AS-fabH_c18,FrsA-like
BGC0001694	MG1262_M1172_M1173	244	13.038	40.188	2-oxoacid_dh,AOC_like,AS-PP-binding_c33,AS-fabH_c18,FrsA-like
BGC0001694	MG1484_M0032_M2806_M2894	31	-93.284	-89.408	AS-p450_c29,Aldo_ket_red,Bac_luciferase
BGC0001694	MG1850_M0505_M0626	1246	4.101	8.888	Aldo_ket_red,Bac_luciferase,Sugar_tr
BGC0001694	MG1887_M0366_M0416	424	-1.537	-1.537	Aldo_ket_red,Sugar_tr
BGC0001695	M1272	330	7.271	7.271	AS-AMP-binding_c21,AS-Abhydrolase_6
BGC0001695	M2058	342	1.093	11.412	FAD_binding_6;NAD_binding_1;Fer2,PaaA_PaaC
BGC0001695	MG1336_M0511_M0964	411	6.665	8.531	AS-AMP-binding_c21,Thioesterase_c35
BGC0001695	MG885_M2035_M2036_M2040_M2053	250	2.826	18.767	AS-AMP-binding_c21,AS-Abhydrolase_6,FAD_binding_6;NAD_binding_1;Fer2,PaaA_PaaC,Trp_dioxygenase
BGC0001700	M0252	68	6.733	6.733	AS-MannoseP_isomer_c2,AS-PF00561
BGC0001700	MG1484_M0032_M2806_M2894	31	-93.284	-80.033	AS-PF00561,AS-PKS_AT_c24,AS-p450_c29,CoA_transf_3
BGC0001702	MG1484_M0032_M2806_M2894	31	-93.284	-82.626	AS-p450_c29,KR_c21,OsmC,Rieske
BGC0001707	M1784	56	25.165	56.067	AS-Lant_dehydr_C_c0,AS-Lant_dehydr_N_c3,AS-PF00881_c12;AS-PF00881_c11,AS-TIGR03604_c0,AS-thio_amide_c2,AS-thiostrepton_c0,BATS
BGC0001709	M1090	59	10.581	10.581	AS-DegT_DnrJ_EryC1_c15,GDP_Man_Dehyd
BGC0001709	MG475_M1088_M1089	204	4.345	26.524	AS-DegT_DnrJ_EryC1_c15,AS-p450_c48,GDP_Man_Dehyd,UDPGT_c29
BGC0001709	MG476_M0463_M1027	192	9.949	19.105	AS-DegT_DnrJ_EryC1_c15,Thioesterase_c35,UDPGT_c29
BGC0001719	M0414	109	6.263	6.263	Bac_luciferase,ROK
BGC0001719	M1003	294	10.288	18.226	3HCDH_N;3HCDH,AS-ADH_N_c16;AS-ADH_zinc_N_c17,AS-fabH_c2
BGC0001719	M1193	49	7.159	55.014	3HCDH_N;3HCDH,AS-ADH_N_c16;AS-ADH_zinc_N_c17,AS-DegT_DnrJ_EryC1_c15,AS-p450_c17;AS-p450_c16,DHquinase_II,FAD_binding_3_c37,GFO_IDH_MocA_c13;GFO_IDH_MocA_C,HAD_2_c30
BGC0001719	MG494_M1556_M1899_M1903_M1908_M1909_M1911_M1914_M1916_M1917	269	-1.697	41.777	AS-DHQ_synthase_c2,AS-DegT_DnrJ_EryC1_c15,Acetyltransf_2,DHquinase_II,FAD_binding_3_c37,HAD_2_c30,ROK
BGC0001721	M1201	124	-2.166	31.754	AS-Condensation_c34;AS-AMP-binding_c38;AS-PP-binding_c43,AS-Orn_monoox_c0,AS-TBH_Asp_c2,Acetyltransf_8
BGC0001723	MG1484_M0032_M2806_M2894	31	-93.284	-92.059	AS-PP-binding_c28,KR_c28
BGC0001723	MG1523_M1029_M1031	539	14.904	28.083	AS-t2clf_c28,AS-t2clf_c39,Cyclase_polyket,FAD_binding_3_c46,Polyketide_cyc2
BGC0001723	MG1524_M0073_M0590	631	3.673	12.961	AS-t2clf_c28,AS-t2clf_c39
BGC0001724	MG1484_M0032_M2806_M2894	31	-93.284	-88.219	AS-p450_c26,Aminotran_4,NAD_binding_10
BGC0001728	M0599	418	5.307	5.307	AS-MannoseP_isomer_c2,Sugar_tr
BGC0001731	M0333	41	6.56	9.841	E1_dh,Transket_pyr;Transketolase_C
BGC0001731	M0560	43	7.733	7.733	AS-MGT_c0,GDP_Man_Dehyd
BGC0001731	M0713	227	8.749	8.749	NTP_transferase,Peptidase_M23
BGC0001731	M1182	117	7.646	14.024	AS-dTDP_sugar_isom_c2,GDP_Man_Dehyd,NTP_transferase
BGC0001731	M1493	123	27.133	27.133	AS-EntA_c6,AS-ksIII_c2,Chorismate_bind_c1;GATase_c1,Isochorismatase_c21
BGC0001731	M2090	246	12.839	12.839	Ald_Xan_dh_C;MoCoBD_1,FAD_binding_5;CO_deh_flav_C
BGC0001731	M2964	452	4.186	6.629	HipA_2,Malate_synthase
BGC0001731	MG1410_M0344_M0429_M2012_M2015	1046	-3.047	8.703	E1_dh,Transket_pyr;Transketolase_C
BGC0001731	MG1412_M0921_M2016_M2017	621	3.807	13.76	AS-AMP-binding_c21,E1_dh,Transket_pyr;Transketolase_C
BGC0001731	MG1484_M0032_M2806_M2894	31	-93.284	-92.325	AS-ksIII_c2,Aldo_ket_red
BGC0001731	MG1488_M0840_M1121	326	18.423	23.636	AS-MGT_c0,AS-dTDP_sugar_isom_c2,GDP_Man_Dehyd,Hexose_dehydrat
BGC0001731	MG1489_M1416_M1417	369	29.466	29.487	AS-MGT_c0,AS-dTDP_sugar_isom_c2,AS-ksIII_c2,GDP_Man_Dehyd,Hexose_dehydrat,NTP_transferase
BGC0001731	MG1695_M0822_M0868_M0886_M1041_M2096_M2097	1035	-2.539	18.455	Ald_Xan_dh_C;MoCoBD_1,FAD_binding_5;CO_deh_flav_C,Fer2;Fer2_2
BGC0001731	MG1980_M1827_M1969_M1973_M1974_M1976_M1977	193	-44.001	-37.606	AS-AMP-binding_c21,Aldo_ket_red,Glyoxalase_4
BGC0001731	MG276_M2671_M2745_M2836	43	-20.984	-14.028	AS-MGT_c0,FAD_binding_3_c1
BGC0001731	MG372_M2885_M2886_M2890_M2891_M2900	605	2.165	12.364	Amidohydro_1,HipA_2,Malate_synthase,NTP_transf_3
BGC0001731	MG450_M0751_M2593_M2610	813	7.728	13.019	AS-MGT_c0,GDP_Man_Dehyd,NTP_transferase
BGC0001731	MG830_M1441_M1444_M1450_M1451_M1455	446	3.872	12.848	Chorismate_bind_c1;GATase_c1,DAHP_synth_2_c8;DAHP_synth_2_c2,Isochorismatase_c21
BGC0001731	MG841_M1858_M1936	347	9.606	10.402	AS-EntA_c6,Isochorismatase_c21
BGC0001731	MG844_M1492_M1494_M1495	51	21.384	21.384	AS-EntA_c6,AS-ksIII_c2,Amidohydro_1,Chorismate_bind_c1;GATase_c1,Isochorismatase_c21
BGC0001732	M0333	41	6.56	9.841	E1_dh,Transket_pyr;Transketolase_C
BGC0001732	M0560	43	7.733	7.733	AS-MGT_c0,GDP_Man_Dehyd
BGC0001732	M0713	227	8.749	8.749	NTP_transferase,Peptidase_M23
BGC0001732	M1182	117	7.646	14.024	AS-dTDP_sugar_isom_c2,GDP_Man_Dehyd,NTP_transferase
BGC0001732	M1493	123	27.133	27.133	AS-EntA_c6,AS-ksIII_c2,Chorismate_bind_c1;GATase_c1,Isochorismatase_c21
BGC0001732	M2090	246	12.839	12.839	Ald_Xan_dh_C;MoCoBD_1,FAD_binding_5;CO_deh_flav_C
BGC0001732	M2964	452	4.186	6.629	HipA_2,Malate_synthase
BGC0001732	MG1410_M0344_M0429_M2012_M2015	1046	-3.047	8.703	E1_dh,Transket_pyr;Transketolase_C
BGC0001732	MG1412_M0921_M2016_M2017	621	3.807	13.76	AS-AMP-binding_c21,E1_dh,Transket_pyr;Transketolase_C
BGC0001732	MG1484_M0032_M2806_M2894	31	-93.284	-92.325	AS-ksIII_c2,Aldo_ket_red
BGC0001732	MG1488_M0840_M1121	326	18.423	23.636	AS-MGT_c0,AS-dTDP_sugar_isom_c2,GDP_Man_Dehyd,Hexose_dehydrat
BGC0001732	MG1489_M1416_M1417	369	29.466	29.487	AS-MGT_c0,AS-dTDP_sugar_isom_c2,AS-ksIII_c2,GDP_Man_Dehyd,Hexose_dehydrat,NTP_transferase
BGC0001732	MG1695_M0822_M0868_M0886_M1041_M2096_M2097	1035	-2.539	18.455	Ald_Xan_dh_C;MoCoBD_1,FAD_binding_5;CO_deh_flav_C,Fer2;Fer2_2
BGC0001732	MG1980_M1827_M1969_M1973_M1974_M1976_M1977	193	-44.001	-37.606	AS-AMP-binding_c21,Aldo_ket_red,Glyoxalase_4
BGC0001732	MG276_M2671_M2745_M2836	43	-20.984	-14.028	AS-MGT_c0,FAD_binding_3_c1
BGC0001732	MG372_M2885_M2886_M2890_M2891_M2900	605	2.165	12.364	Amidohydro_1,HipA_2,Malate_synthase,NTP_transf_3
BGC0001732	MG450_M0751_M2593_M2610	813	7.728	13.019	AS-MGT_c0,GDP_Man_Dehyd,NTP_transferase
BGC0001732	MG830_M1441_M1444_M1450_M1451_M1455	446	3.872	12.848	Chorismate_bind_c1;GATase_c1,DAHP_synth_2_c8;DAHP_synth_2_c2,Isochorismatase_c21
BGC0001732	MG841_M1858_M1936	347	9.606	10.402	AS-EntA_c6,Isochorismatase_c21
BGC0001732	MG844_M1492_M1494_M1495	51	21.384	21.384	AS-EntA_c6,AS-ksIII_c2,Amidohydro_1,Chorismate_bind_c1;GATase_c1,Isochorismatase_c21
BGC0001736	MG1649_M2840_M2857_M2858	655	0.394	10.022	GTP_cyclohydroI,PTPS
BGC0001737	M0333	41	6.56	9.841	E1_dh,Transket_pyr;Transketolase_C
BGC0001737	MG1410_M0344_M0429_M2012_M2015	1046	-3.047	8.703	E1_dh,Transket_pyr;Transketolase_C
BGC0001737	MG1412_M0921_M2016_M2017	621	3.807	11.038	E1_dh,Transket_pyr;Transketolase_C
BGC0001740	M0213	76	7.053	7.053	SpoIIE,Sugar_tr
BGC0001740	M0314	28	5.158	5.158	Aminotran_1_2,Sugar_tr
BGC0001740	M0364	170	10.073	10.073	GAF;SpoIIE,SpoIIE
BGC0001747	MG1980_M1827_M1969_M1973_M1974_M1976_M1977	193	-44.001	-40.5	Aldo_ket_red,Glyoxalase_4
BGC0001747	MG417_M2244_M2277	354	-0.968	13.985	CTP_transf_3,NeuB
BGC0001749	MG1980_M1827_M1969_M1973_M1974_M1976_M1977	193	-44.001	-43.14	Aldo_ket_red,KR_c25
BGC0001752	M0491	78	7.506	7.506	AS-PP-binding_c7,FAD_binding_9;SIP
BGC0001752	MG751_M2538_M2776	548	8.385	20.448	AA_kinase_c14,AS-Orn_monoox_c2,ArgJ,Semialdhyde_dh;Semialdhyde_dhC
BGC0001753	M1784	56	25.165	82.063	AS-Lant_dehydr_C_c0,AS-Lant_dehydr_N_c3,AS-PF00881_c1,AS-TIGR03604_c0,AS-TIGR03604_c6,AS-TIGR03975_c1,AS-Thiopeptide_F_RRE_c1,AS-Thiopeptide_F_RRE_c3;AS-PF00881_c12,AS-thio_amide_c2,AS-thiostrepton_c1
BGC0001755	M0104	127	7.758	7.758	Methyltransf_19,Sugar_tr
BGC0001759	M0153	118	1.762	1.762	AS-p450_c7,Sugar_tr
BGC0001759	M0414	109	6.263	6.263	Bac_luciferase,ROK
BGC0001759	M0465	184	8.162	8.162	Bac_luciferase,Thioesterase_c35
BGC0001759	M1091	81	15.217	15.217	AS-DegT_DnrJ_EryC1_c15,AS-dTDP_sugar_isom_c2,Hexose_dehydrat
BGC0001759	MG1423_M1723_M1852	74	-6.585	0.404	AS-DegT_DnrJ_EryC1_c47,Hexose_dehydrat
BGC0001759	MG1488_M0840_M1121	326	18.423	18.423	AS-MGT_c0,AS-dTDP_sugar_isom_c2,Hexose_dehydrat
BGC0001759	MG1490_M0790_M1414	198	24.625	32.434	AS-DegT_DnrJ_EryC1_c47,AS-MGT_c0,AS-dTDP_sugar_isom_c2,GFO_IDH_MocA_c21,Hexose_dehydrat
BGC0001759	MG1850_M0505_M0626	1246	4.101	4.101	Bac_luciferase,Sugar_tr
BGC0001759	MG476_M0463_M1027	192	9.949	9.949	AS-DegT_DnrJ_EryC1_c15,Thioesterase_c35
BGC0001759	MG494_M1556_M1899_M1903_M1908_M1909_M1911_M1914_M1916_M1917	269	-1.697	53.429	AS-DHQ_synthase_c2,AS-DegT_DnrJ_EryC1_c15,Acetyltransf_2,DHquinase_II,FAD_binding_3_c37,GFO_IDH_MocA_c32;GFO_IDH_MocA_C,HAD_2_c30,ROK
BGC0001761	M0333	41	6.56	9.841	E1_dh,Transket_pyr;Transketolase_C
BGC0001761	MG1410_M0344_M0429_M2012_M2015	1046	-3.047	8.703	E1_dh,Transket_pyr;Transketolase_C
BGC0001761	MG1412_M0921_M2016_M2017	621	3.807	11.038	E1_dh,Transket_pyr;Transketolase_C
BGC0001762	M0560	43	7.733	7.733	AS-MGT_c0,GDP_Man_Dehyd
BGC0001762	M1182	117	7.646	14.024	AS-dTDP_sugar_isom_c2,GDP_Man_Dehyd,NTP_transferase
BGC0001762	MG1357_M1293_M1551_M1552	336	-9.109	-2.864	AS-fabH_c2,Bac_luciferase,Carboxyl_trans,Polyketide_cyc
BGC0001762	MG1484_M0032_M2806_M2894	31	-93.284	-79.674	Bac_luciferase,Cyclase,NAD_binding_10,Polyketide_cyc
BGC0001762	MG1524_M0073_M0590	631	3.673	12.961	AS-t2clf_c28,AS-t2clf_c39
BGC0001762	MG450_M0751_M2593_M2610	813	7.728	13.019	AS-MGT_c0,GDP_Man_Dehyd,NTP_transferase
BGC0001763	M0329	87	7.501	7.501	AS-p450_c29,Aminotran_1_2
BGC0001764	M0333	41	6.56	6.56	Thioesterase_c35,Transket_pyr;Transketolase_C
BGC0001764	M0434	93	9.813	19.253	APS_kinase,NAD_binding_9,PAPS_reduct
BGC0001764	M0479	95	2.544	2.544	AS-PF00561,Abhydrolase_3
BGC0001764	M0627	29	3.086	18.1	AS-ATP-grasp_3_c23,Acetyltransf_3_c13,Lys_Orn_oxgnase_c16,Thioesterase_c35
BGC0001764	M2215	689	12.52	12.52	APS_kinase,PAPS_reduct
BGC0001764	MG1148_M1200_M2213	243	-0.919	5.648	APS_kinase,PAPS_reduct
BGC0001764	MG1294_M2171_M2178_M2179_M2183_M2184_M2194	211	11.36	68.959	AA_kinase_c13,APS_kinase,AS-ATP-grasp_c11,BtrH_N,Glyoxalase_6,PAPS_reduct,Peptidase_M20,Semialdhyde_dh,Sulfotransfer_5,Transket_pyr;Transketolase_C,Transketolase_N
BGC0001764	MG1397_M1657_M1658_M1659_M2313	151	-3.723	48.803	AAT,AS-AMP-binding_c1,AS-ATP-grasp_3_c23,AS-MannoseP_isomer_c2;AS-MetRS-like_c0,Acetyltransf_3_c13,DAO,Lys_Orn_oxgnase_c16
BGC0001764	MG1484_M0032_M2806_M2894	31	-93.284	-90.619	AS-PF00561,AS-p450_c29,KR_c29
BGC0001765	M0761	67	17.727	17.727	AS-Glycos_transf_2_c49,AS-Glycos_transf_2_c7,Glyco_hydro_16
BGC0001765	M1590	51	5.285	7.997	AS-Polysacc_synt_c5,Acyl_transf_3
BGC0001765	MG321_M2993_M3000	346	4.026	9.969	AS-Glycos_transf_2_c49,AS-Polysacc_synt_c5
BGC0001768	M0572	195	7.07	7.07	Aldo_ket_red,KR_c28
BGC0001769	M0296	192	6.02	6.02	FMN_red,Sugar_tr
BGC0001769	M0560	43	7.733	7.733	AS-MGT_c0,GDP_Man_Dehyd
BGC0001769	M0932	359	6.485	6.485	Carboxyl_trans,Sugar_tr
BGC0001769	M1182	117	7.646	14.024	AS-dTDP_sugar_isom_c2,GDP_Man_Dehyd,NTP_transferase
BGC0001769	MG1423_M1723_M1852	74	-6.585	0.404	AS-DegT_DnrJ_EryC1_c47,Hexose_dehydrat
BGC0001769	MG1488_M0840_M1121	326	18.423	23.636	AS-MGT_c0,AS-dTDP_sugar_isom_c2,GDP_Man_Dehyd,Hexose_dehydrat
BGC0001769	MG1489_M1416_M1417	369	29.466	42.76	AS-DegT_DnrJ_EryC1_c47,AS-MGT_c0,AS-dTDP_sugar_isom_c2,GDP_Man_Dehyd,GFO_IDH_MocA_c21,Hexose_dehydrat,NTP_transferase
BGC0001769	MG1490_M0790_M1414	198	24.625	47.271	AS-DegT_DnrJ_EryC1_c47,AS-MGT_c0,AS-dTDP_sugar_isom_c2,AS-t2clf_c28,AS-t2clf_c39,GFO_IDH_MocA_c21,Hexose_dehydrat
BGC0001769	MG1523_M1029_M1031	539	14.904	27.643	AS-t2clf_c28,AS-t2clf_c39,Cyclase_polyket,FAD_binding_3_c18,Polyketide_cyc2
BGC0001769	MG1524_M0073_M0590	631	3.673	12.961	AS-t2clf_c28,AS-t2clf_c39
BGC0001769	MG450_M0751_M2593_M2610	813	7.728	20.301	AS-MGT_c0,AS-RmlD_sub_bind_c29,GDP_Man_Dehyd,NTP_transferase
BGC0001770	M1199	295	4.574	28.505	AS-Orn_Arg_deC_N_c0;AS-Orn_DAP_Arg_deC_c3,AS-Stand_Alone_Lasso_RRE_c4,B12-binding_c2,Met_asp_mut_E
BGC0001770	M1292	67	9.353	9.353	AS-AMP-binding_c13,AS-Orn_Arg_deC_N_c0;AS-Orn_DAP_Arg_deC_c3
BGC0001770	MG1200_M1237_M2686_M2732	609	2.048	12.859	B12-binding_c2,Met_asp_mut_E
BGC0001770	MG1484_M0032_M2806_M2894	31	-93.284	-87.8	AS-PF00561,AS-PKS_AT_c24,AS-p450_c29
BGC0001771	M0333	41	6.56	9.841	E1_dh,Transket_pyr;Transketolase_C
BGC0001771	MG1410_M0344_M0429_M2012_M2015	1046	-3.047	8.703	E1_dh,Transket_pyr;Transketolase_C
BGC0001771	MG1412_M0921_M2016_M2017	621	3.807	19.85	Biotin_lipoyl;2-oxoacid_dh,E1_dh,Transket_pyr;Transketolase_C
BGC0001771	MG830_M1441_M1444_M1450_M1451_M1455	446	3.872	12.848	Chorismate_bind_c1;GATase_c1,DAHP_synth_2_c8;DAHP_synth_2_c2,Isochorismatase_c21
BGC0001773	M0560	43	7.733	7.733	AS-MGT_c0,GDP_Man_Dehyd
BGC0001773	M1182	117	7.646	14.024	AS-dTDP_sugar_isom_c2,GDP_Man_Dehyd,NTP_transferase
BGC0001773	MG1488_M0840_M1121	326	18.423	23.636	AS-MGT_c0,AS-dTDP_sugar_isom_c2,GDP_Man_Dehyd,Hexose_dehydrat
BGC0001773	MG1489_M1416_M1417	369	29.466	33.253	AS-MGT_c0,AS-dTDP_sugar_isom_c2,GDP_Man_Dehyd,GFO_IDH_MocA_c21,Hexose_dehydrat,NTP_transferase
BGC0001773	MG450_M0751_M2593_M2610	813	7.728	13.019	AS-MGT_c0,GDP_Man_Dehyd,NTP_transferase
BGC0001778	M1424	241	2.632	26.888	AS-ectoine_synt_c5,Amdase,Transglut_core,dCMP_cyt_deam_1
BGC0001778	MG029_M0969_M0970	113	4.635	10.039	Indigoidine_A,PRAI
BGC0001779	M0954	1108	-1.999	11.897	AS-PF13471_c2,AS-Stand_Alone_Lasso_RRE_c0
BGC0001781	M0954	1108	-1.999	21.283	AS-Asn_synthase_c14,AS-PF13471_c2,AS-Stand_Alone_Lasso_RRE_c0
BGC0001782	M0176	123	6.674	6.674	AS-MannoseP_isomer_c2,Polyketide_cyc2
BGC0001783	M0186	141	7.038	7.038	AS-Abhydrolase_6,Polyketide_cyc2
BGC0001783	M0247	460	6.231	6.231	AS-Abhydrolase_6,Sugar_tr
BGC0001783	M0314	28	5.158	5.158	Aminotran_1_2,Sugar_tr
BGC0001783	M0589	100	6.334	8.041	Aminotran_1_2,Lyase_1;ADSL_C,Sugar_tr
BGC0001783	M0689	391	6.955	6.955	Amidohydro_1,DAO
BGC0001783	M1375	92	0.336	12.39	FAD_binding_3_c36,Rieske;Ring_hydroxyl_A
BGC0001783	MG403_M1476_M1496_M2005	63	-41.918	-34.122	AS-Abhydrolase_6,Aminotran_1_2
BGC0001783	MG830_M1441_M1444_M1450_M1451_M1455	446	3.872	17.172	Chorismate_bind_c1;GATase_c1,DAHP_synth_2_c8;DAHP_synth_2_c2,Isochorismatase_c21,Methyltransf_2,Sugar_tr
BGC0001783	MG841_M1858_M1936	347	9.606	10.402	AS-EntA_c6,Isochorismatase_c21
BGC0001784	M0301	49	8.346	8.346	AS-p450_c16,Thioesterase_c35
BGC0001784	M0335	140	7.81	7.81	Bac_luciferase,RibD_C
BGC0001784	M0465	184	8.162	8.162	Bac_luciferase,Thioesterase_c35
BGC0001784	M0732	272	7.738	7.738	Flavin_Reduct,Thioesterase_c35
BGC0001784	M1024	425	7.571	7.571	Bac_luciferase,Flavin_Reduct
BGC0001784	M1068	405	6.422	6.422	Aldo_ket_red,Bac_luciferase
BGC0001784	MG1357_M1293_M1551_M1552	336	-9.109	-0.353	Bac_luciferase,Flavin_Reduct,MmgE_PrpD,Thioesterase_c35
BGC0001784	MG1484_M0032_M2806_M2894	31	-93.284	-66.774	AS-p450_c26,Aldo_ket_red,Bac_luciferase,CoA_transf_3,Cyclase,Methyltransf_11_c7
BGC0001785	M0437	179	8.37	8.37	AS-DegT_DnrJ_EryC1_c15,NTP_transferase
BGC0001785	M0713	227	8.749	17.914	Glyco_trans_4_4_c5;AS-Glycos_transf_1_c3,NTP_transferase,Peptidase_M23
BGC0001785	MG139_M1481_M2482	189	6.55	29.701	Acetyltransf_CG,Asp_Glu_race,Glyco_trans_4_4_c5;AS-Glycos_transf_1_c3,NAD_binding_2;6PGD,Peptidase_M23
BGC0001785	MG494_M1556_M1899_M1903_M1908_M1909_M1911_M1914_M1916_M1917	269	-1.697	41.777	AS-DHQ_synthase_c2,AS-DegT_DnrJ_EryC1_c15,Acetyltransf_2,DHquinase_II,FAD_binding_3_c37,HAD_2_c30,ROK
BGC0001790	M0293	70	8.12	8.12	Beta-lactamase,OCD_Mu_crystall
BGC0001790	M0396	182	7.368	7.368	Beta-lactamase,PALP
BGC0001790	M0960	191	7.582	7.582	Beta-lactamase,Lipase_GDSL
BGC0001790	MG1176_M0837_M0950_M0951_M0997_M1000_M1001	2290	8.092	8.092	OCD_Mu_crystall,PALP
BGC0001792	M0247	460	6.231	6.231	AS-Abhydrolase_6,Sugar_tr
BGC0001792	M0322	106	7.482	7.482	AS-Abhydrolase_6,Beta-lactamase
BGC0001792	M0782	991	5.902	5.902	Aldedh,Sugar_tr
BGC0001797	MG1357_M1293_M1551_M1552	336	-9.109	-3.311	AS-PP-binding_c16,AS-adh_short_C2,Polyketide_cyc
BGC0001797	MG1484_M0032_M2806_M2894	31	-93.284	-83.399	AS-PKS_AT_c24,Methyltransf_11_c7,Polyketide_cyc
BGC0001801	MG1336_M0511_M0964	411	6.665	8.531	AS-AMP-binding_c21,Thioesterase_c35
BGC0001807	M0098	170	7.497	7.497	Bac_luciferase,Methyltransf_2
BGC0001807	M0314	28	5.158	5.158	Aminotran_1_2,Sugar_tr
BGC0001807	M0329	87	7.501	23.954	AS-p450_c29,AS-pgm_amidino_c0,Aminotran_1_2,ECH_1_c9
BGC0001807	MG1278_M1350_M2101	263	8.45	12.742	GHMP_kinases_N,Lyase_1
BGC0001807	MG1850_M0505_M0626	1246	4.101	4.101	Bac_luciferase,Sugar_tr
BGC0001808	MG1649_M2840_M2857_M2858	655	0.394	20.351	Fer4_14,GTP_cyclohydroI,QueC
BGC0001814	M0163	280	6.233	6.233	Flavin_Reduct,Sugar_tr
BGC0001814	M0314	28	5.158	5.158	Aminotran_1_2,Sugar_tr
BGC0001814	M1470	110	13.878	32.991	Anth_synt_I_N;Chorismate_bind_c14,DAHP_synth_2_c1,GATase_c25,Glycos_trans_3N;Glycos_transf_3,IGPS
BGC0001814	M1471	280	14.285	22.88	GATase_c25,Glycos_trans_3N;Glycos_transf_3,IGPS
BGC0001814	MG1484_M0032_M2806_M2894	31	-93.284	-89.42	Aminotran_4,Glycos_trans_3N;Glycos_transf_3
BGC0001817	M0652	59	9.275	9.275	AS-DegT_DnrJ_EryC1_c15,Epimerase_c16
BGC0001817	M1091	81	15.217	22.404	AS-DegT_DnrJ_EryC1_c15,AS-dTDP_sugar_isom_c2,Epimerase_c16,Hexose_dehydrat
BGC0001818	M2215	689	12.52	12.52	APS_kinase,PAPS_reduct
BGC0001818	MG1148_M1200_M2213	243	-0.919	5.648	APS_kinase,PAPS_reduct
BGC0001818	MG1294_M2171_M2178_M2179_M2183_M2184_M2194	211	11.36	71.307	AA_kinase_c13,APS_kinase,AS-ATP-grasp_c11,AS-DegT_DnrJ_EryC1_c15,BtrH_N,PAPS_reduct,Peptidase_M20,Semialdhyde_dh,Sulfotransfer_5,Transket_pyr;Transketolase_C,Transketolase_N
BGC0001819	M0163	280	6.233	6.233	Flavin_Reduct,Sugar_tr
BGC0001819	M0782	991	5.902	5.902	Aldedh,Sugar_tr
BGC0001819	M0987	305	7.531	7.531	Aldedh,Flavin_Reduct
BGC0001819	MG1774_M0385_M0855	653	3.388	7.953	Aldedh,TPP_enzyme_N;TPP_enzyme_M;TPP_enzyme_C
BGC0001823	M0153	118	1.762	1.762	AS-p450_c7,Sugar_tr
BGC0001823	M0448	314	7.189	7.189	AS-AMP-binding_c21,AS-PF00561
BGC0001823	M0648	102	3.842	3.842	AS-PP-binding_c30,AS-fabH_c2
BGC0001823	M1003	294	10.288	18.972	3HCDH_N;3HCDH,AS-ADH_N_c16;ADH_zinc_N_2,AS-fabH_c2
BGC0001823	M1137	91	8.46	8.46	AS-AMP-binding_c21,AS-PP-binding_c30
BGC0001823	MG1096_M0401_M0710	192	8.886	24.591	3HCDH_N;3HCDH,AS-ADH_N_c16;ADH_zinc_N_2,AS-fabH_c2,Thioesterase_c39
BGC0001823	MG1357_M1293_M1551_M1552	336	-9.109	-5.81	AS-PP-binding_c16,AS-fabH_c2,Sugar_tr
BGC0001823	MG1887_M0366_M0416	424	-1.537	5.269	AS-PF00561,Sugar_tr
BGC0001823	MG1980_M1827_M1969_M1973_M1974_M1976_M1977	193	-44.001	-34.462	AS-AMP-binding_c21,AS-PF00561,AS-p450_c7,ECH_1_c42
BGC0001830	M0216	58	10.947	10.947	AS-p450_c29,Thioesterase_c3
BGC0001830	M0437	179	8.37	8.37	AS-DegT_DnrJ_EryC1_c15,NTP_transferase
BGC0001830	M0560	43	7.733	15.4	AS-MGT_c0,GDP_Man_Dehyd,Radical_SAM_c33
BGC0001830	M1090	59	10.581	10.581	AS-DegT_DnrJ_EryC1_c15,GDP_Man_Dehyd
BGC0001830	MG450_M0751_M2593_M2610	813	7.728	13.019	AS-MGT_c0,GDP_Man_Dehyd,NTP_transferase
BGC0001830	MG475_M1088_M1089	204	4.345	4.345	AS-DegT_DnrJ_EryC1_c15,GDP_Man_Dehyd
BGC0001834	M0530	86	9.718	9.718	Methyltransf_2,Trp_dioxygenase
BGC0001835	M1885	174	19.601	19.601	AS-Chal_sti_synt_N_c36;HMG_CoA_synt_C,AS-t2pks2_c2,ECH_1_c18
BGC0001846	M0296	192	6.02	17.307	A_deaminase,DUF4440,FMN_red,Sugar_tr
BGC0001846	MG1850_M0505_M0626	1246	4.101	7.582	Bac_luciferase,FMN_red,Sugar_tr
BGC0001848	M0288	102	7.438	7.438	KR_c25,Polyketide_cyc2
BGC0001848	M0343	128	1.822	5.276	AS-fabH_c2,NAD_binding_9
BGC0001848	M0646	85	-5.207	-5.207	AS-AMP-binding_c38,AS-fabH_c2
BGC0001848	MG1069_M1051_M1791	411	7.936	11.877	AS-fabH_c3,HMG-CoA_red
BGC0001848	MG1071_M1270_M1743_M1789	672	-6.161	33.359	AS-fabH_c3,FMN_dh,GHMP_kinases_N;GHMP_kinases_C,GHMP_kinases_N;MDD_C,HMG-CoA_red
BGC0001848	MG465_M1040_M1406	100	0.783	0.783	KR_c25,NMO
BGC0001848	MG830_M1441_M1444_M1450_M1451_M1455	446	3.872	12.848	Chorismate_bind_c1;GATase_c1,DAHP_synth_2_c8;DAHP_synth_2_c2,Isochorismatase_c21
BGC0001848	MG841_M1858_M1936	347	9.606	10.402	AS-EntA_c6,Isochorismatase_c21
BGC0001850	M0343	128	1.822	5.276	AS-fabH_c2,NAD_binding_9
BGC0001850	MG830_M1441_M1444_M1450_M1451_M1455	446	3.872	12.848	Chorismate_bind_c1;GATase_c1,DAHP_synth_2_c8;DAHP_synth_2_c2,Isochorismatase_c21
BGC0001850	MG841_M1858_M1936	347	9.606	10.402	AS-EntA_c6,Isochorismatase_c21
BGC0001851	M0241	147	6.609	6.609	AS-PF00561,KR_c25
BGC0001851	M0288	102	7.438	7.438	KR_c25,Polyketide_cyc2
BGC0001851	M0652	59	9.275	16.372	AS-DegT_DnrJ_EryC1_c15,AS-PhyH_c3,Epimerase_c16
BGC0001851	M1091	81	15.217	22.404	AS-DegT_DnrJ_EryC1_c15,AS-dTDP_sugar_isom_c2,Epimerase_c16,Hexose_dehydrat
BGC0001851	M1291	24	83.651	177.628	ABM_c1,AS-CaiA_c0,AS-DegT_DnrJ_EryC1_c15,AS-Glyco_transf_28_c6;AS-MGT_c0,AS-MGT_c0,AS-PF00561,AS-PF07366_c9,AS-PhyH_c3,AS-RmlD_sub_bind_c29,AS-dTDP_sugar_isom_c2,AS-p450_c8,AS-t2clf_c39,Cyclase,Epimerase_c16,FAD_binding_3_c35,FAD_binding_4;BBE,GFO_IDH_MocA_c21,Hexose_dehydrat,KR_c28,Methyltransf_11_c7,Methyltransf_13;Methyltransf_23;Methyltransf_14,Methyltransf_2,Methyltransf_21,Methyltransf_25_c3,Methyltransf_31,Polyketide_cyc2,Rieske;Ring_hydroxyl_A,SnoaL_4
BGC0001851	MG1484_M0032_M2806_M2894	31	-93.284	-65.377	ABM_c1,AS-PF00561,Cyclase,KR_c28,Methyltransf_11_c7,SnoaL_4
BGC0001851	MG1488_M0840_M1121	326	18.423	25.942	AS-MGT_c0,AS-dTDP_sugar_isom_c2,Hexose_dehydrat,Methyltransf_11_c7
BGC0001851	MG1504_M0541_M0794	63	76.389	90.476	ABM_c1,AS-CaiA_c0,AS-DegT_DnrJ_EryC1_c15,AS-MGT_c0,AS-PF00561,AS-PF07366_c9,AS-dTDP_sugar_isom_c2,AS-t2clf_c28,Cyclase,Epimerase_c16,FAD_binding_4;BBE,GFO_IDH_MocA_c21,Hexose_dehydrat,KR_c28,Methyltransf_11_c7,Methyltransf_13;Methyltransf_23;Methyltransf_14,Methyltransf_2,Polyketide_cyc2,SnoaL_4
BGC0001851	MG1524_M0073_M0590	631	3.673	12.961	AS-t2clf_c28,AS-t2clf_c39
BGC0001851	MG1980_M1827_M1969_M1973_M1974_M1976_M1977	193	-44.001	-38.437	AS-PF00561,KR_c25,KR_c28
BGC0001851	MG276_M2671_M2745_M2836	43	-20.984	-14.977	AS-MGT_c0,AS-p450_c8
BGC0001852	M0652	59	9.275	16.372	AS-DegT_DnrJ_EryC1_c15,AS-PhyH_c3,Epimerase_c16
BGC0001852	M1091	81	15.217	22.404	AS-DegT_DnrJ_EryC1_c15,AS-dTDP_sugar_isom_c2,Epimerase_c16,Hexose_dehydrat
BGC0001852	M1291	24	83.651	165.332	ABM_c1,AS-CaiA_c0,AS-DegT_DnrJ_EryC1_c15,AS-MGT_c0,AS-PF00561,AS-PF07366_c9,AS-PP-binding_c28,AS-PhyH_c3,AS-RmlD_sub_bind_c29,AS-dTDP_sugar_isom_c2,AS-t2clf_c39,Cyclase,Epimerase_c16,FAD_binding_3_c35,FAD_binding_4;BBE,GFO_IDH_MocA_c21,Hexose_dehydrat,KR_c19,Methyltransf_11_c7,Methyltransf_13;Methyltransf_23;Methyltransf_14,Methyltransf_2,Methyltransf_21,Methyltransf_25_c3,Methyltransf_31,Polyketide_cyc2,Rieske;Ring_hydroxyl_A,SnoaL_4
BGC0001852	MG1484_M0032_M2806_M2894	31	-93.284	-62.321	ABM_c1,AS-PF00561,AS-PP-binding_c28,Cyclase,Methyltransf_11_c7,SnoaL_4
BGC0001852	MG1488_M0840_M1121	326	18.423	25.942	AS-MGT_c0,AS-dTDP_sugar_isom_c2,Hexose_dehydrat,Methyltransf_11_c7
BGC0001852	MG1504_M0541_M0794	63	76.389	93.196	ABM_c1,AS-CaiA_c0,AS-DegT_DnrJ_EryC1_c15,AS-MGT_c0,AS-PF00561,AS-PF07366_c9,AS-dTDP_sugar_isom_c2,AS-p450_c44,AS-t2clf_c28,Cyclase,Epimerase_c16,FAD_binding_4;BBE,GFO_IDH_MocA_c21,Hexose_dehydrat,Methyltransf_11_c7,Methyltransf_13;Methyltransf_23;Methyltransf_14,Methyltransf_2,Polyketide_cyc2,SnoaL_4
BGC0001852	MG1524_M0073_M0590	631	3.673	12.961	AS-t2clf_c28,AS-t2clf_c39
BGC0001853	M0388	55	8.437	8.437	AS-AMP-binding_c20,AS-p450_c7
BGC0001853	M0448	314	7.189	7.189	AS-AMP-binding_c21,AS-PF00561
BGC0001853	MG1336_M0511_M0964	411	6.665	13.041	AS-AMP-binding_c21,AS-PhyH_c4,Thioesterase_c37
BGC0001853	MG1980_M1827_M1969_M1973_M1974_M1976_M1977	193	-44.001	-43.466	AS-AMP-binding_c21,AS-PF00561,AS-p450_c7
BGC0001853	MG276_M2671_M2745_M2836	43	-20.984	-17.297	AS-AMP-binding_c20,AS-PP-binding_c10
BGC0001856	M0448	314	7.189	7.189	AS-AMP-binding_c21,AS-PF00561
BGC0001856	M0560	43	7.733	7.733	AS-MGT_c0,GDP_Man_Dehyd
BGC0001856	M0692	147	7.577	7.577	AS-AMP-binding_c21,Bac_luciferase
BGC0001856	M0889	152	6.563	6.563	AS-AMP-binding_c21,Carboxyl_trans
BGC0001856	M1182	117	7.646	14.024	AS-dTDP_sugar_isom_c2,GDP_Man_Dehyd,NTP_transferase
BGC0001856	M1854	31	-4.028	36.323	AS-DegT_DnrJ_EryC1_c47,AS-MGT_c4,Epimerase_c47,Radical_SAM_c4,VitK2_biosynth
BGC0001856	MG1423_M1723_M1852	74	-6.585	54.324	AS-DegT_DnrJ_EryC1_c47,AS-MGT_c4,AS-PF04055_c26,Epimerase_c47,Hexose_dehydrat,Radical_SAM_c4,VitK2_biosynth
BGC0001856	MG1484_M0032_M2806_M2894	31	-93.284	-88.934	AS-PF00561,AS-ksIII_c2,Bac_luciferase
BGC0001856	MG1488_M0840_M1121	326	18.423	30.09	AS-MGT_c0,AS-MGT_c4,AS-dTDP_sugar_isom_c2,GDP_Man_Dehyd,Hexose_dehydrat
BGC0001856	MG1489_M1416_M1417	369	29.466	62.488	AS-DegT_DnrJ_EryC1_c47,AS-MGT_c0,AS-dTDP_sugar_isom_c2,AS-ksIII_c2,Epimerase_c16,Epimerase_c47,GDP_Man_Dehyd,GFO_IDH_MocA_c21,Hexose_dehydrat,NTP_transferase
BGC0001856	MG1490_M0790_M1414	198	24.625	41.337	AS-DegT_DnrJ_EryC1_c47,AS-MGT_c0,AS-dTDP_sugar_isom_c2,Epimerase_c47,GFO_IDH_MocA_c21,Hexose_dehydrat
BGC0001856	MG1980_M1827_M1969_M1973_M1974_M1976_M1977	193	-44.001	-37.814	AS-AMP-binding_c21,AS-PF00561,AS-p450_c7,Carboxyl_trans
BGC0001856	MG450_M0751_M2593_M2610	813	7.728	13.019	AS-MGT_c0,GDP_Man_Dehyd,NTP_transferase
BGC0001868	MG830_M1441_M1444_M1450_M1451_M1455	446	3.872	35.038	AS-phzB_c0,Chorismate_bind_c1;GATase_c1,Isochorismatase_c21,PhzC-PhzF_c4,Putative_PNPOx_c5;PNP_phzG_C_c0
BGC0001870	MG547_M1280_M2554_M2621	1285	-3.467	4.432	Lys_Orn_oxgnase_c8,Pyridoxal_deC
BGC0001875	M0692	147	7.577	7.577	AS-AMP-binding_c21,Bac_luciferase
BGC0001875	M1068	405	6.422	6.422	Aldo_ket_red,Bac_luciferase
BGC0001875	MG1484_M0032_M2806_M2894	31	-93.284	-81.127	AS-ksIII_c2,Aldo_ket_red,Bac_luciferase,KR_c21
BGC0001877	M0051	37	9.016	9.016	AS-ksIII_c2,GAF;SpoIIE
BGC0001877	M0331	128	8.912	8.912	AS-p450_c29,Beta-lactamase
BGC0001877	M0560	43	7.733	7.733	AS-MGT_c0,GDP_Man_Dehyd
BGC0001877	M0680	56	10.538	10.538	Methyltransf_13;Methyltransf_23;Methyltransf_14,NTP_transferase
BGC0001877	M1182	117	7.646	14.024	AS-dTDP_sugar_isom_c2,GDP_Man_Dehyd,NTP_transferase
BGC0001877	M1185	200	9.252	9.252	DJ-1_PfpI,HD
BGC0001877	M1854	31	-4.028	9.396	AS-DegT_DnrJ_EryC1_c47,AS-MGT_c4,Epimerase_c47
BGC0001877	MG1423_M1723_M1852	74	-6.585	19.198	AS-DegT_DnrJ_EryC1_c47,AS-MGT_c4,Epimerase_c47,Hexose_dehydrat
BGC0001877	MG1484_M0032_M2806_M2894	31	-93.284	-92.189	AS-ksIII_c2,AS-p450_c29
BGC0001877	MG1488_M0840_M1121	326	18.423	30.09	AS-MGT_c0,AS-MGT_c4,AS-dTDP_sugar_isom_c2,GDP_Man_Dehyd,Hexose_dehydrat
BGC0001877	MG1489_M1416_M1417	369	29.466	53.411	AS-DegT_DnrJ_EryC1_c47,AS-MGT_c0,AS-dTDP_sugar_isom_c2,AS-ksIII_c2,Epimerase_c47,GDP_Man_Dehyd,Hexose_dehydrat,Methyltransf_13;Methyltransf_23;Methyltransf_14,NTP_transferase
BGC0001877	MG1490_M0790_M1414	198	24.625	27.035	AS-DegT_DnrJ_EryC1_c47,AS-MGT_c0,AS-dTDP_sugar_isom_c2,Epimerase_c47,Hexose_dehydrat
BGC0001877	MG450_M0751_M2593_M2610	813	7.728	13.019	AS-MGT_c0,GDP_Man_Dehyd,NTP_transferase
BGC0001881	M0247	460	6.231	6.231	AS-Abhydrolase_6,Sugar_tr
BGC0001889	M0954	1108	-1.999	21.283	AS-Asn_synthase_c14,AS-PF13471_c2,AS-Stand_Alone_Lasso_RRE_c0
BGC0001891	M1212	73	10.355	10.355	AS-AMP-binding_c21,AS-PP-binding_c38
BGC0001891	M1297	117	9.269	9.269	AS-AMP-binding_c21,AS-Orn_Arg_deC_N_c0;AS-Orn_DAP_Arg_deC_c3
BGC0001894	M2592	60	17.717	24.604	AS-Glycos_transf_2_c24,AS-RmlD_sub_bind_c29,AS-dTDP_sugar_isom_c4,GDP_Man_Dehyd,NTP_transferase
BGC0001894	MG304_M2189_M2839	176	5.263	8.806	AS-Bac_transf_c8,CbiA
BGC0001894	MG450_M0751_M2593_M2610	813	7.728	22.244	AS-RmlD_sub_bind_c29,AS-dTDP_sugar_isom_c4,GDP_Man_Dehyd,NTP_transferase
BGC0001895	M0140	162	6.564	6.724	Lactamase_B,Polyketide_cyc2
BGC0001895	M0177	159	6.759	6.759	AS-Abhydrolase_6,NAD_binding_10
BGC0001895	M0186	141	7.038	7.038	AS-Abhydrolase_6,Polyketide_cyc2
BGC0001895	M0247	460	6.231	6.231	AS-Abhydrolase_6,Sugar_tr
BGC0001895	M1272	330	7.271	7.271	AS-AMP-binding_c21,AS-Abhydrolase_6
BGC0001895	MG1484_M0032_M2806_M2894	31	-93.284	-76.422	ABM_c1,AS-PP-binding_c28,NAD_binding_10,SnoaL_4
BGC0001896	M0955	134	8.036	17.53	AS-fabH_c22,Aminotran_1_2,TPP_enzyme_N;TPP_enzyme_M;TPP_enzyme_C
BGC0001902	MG1314_M1251_M1842	399	11.441	11.441	3HCDH_N;3HCDH,AS-PP-binding_c23
BGC0001903	M0276	113	8.073	8.073	Aminotran_1_2,Aminotran_5
BGC0001903	M0955	134	8.036	17.53	AS-fabH_c22,Aminotran_1_2,TPP_enzyme_N;TPP_enzyme_M;TPP_enzyme_C
BGC0001903	MG1484_M0032_M2806_M2894	31	-93.284	-91.569	Glycos_trans_3N;Glycos_transf_3,TPP_enzyme_N;TPP_enzyme_M;TPP_enzyme_C
BGC0001904	M0176	123	6.674	6.674	AS-MannoseP_isomer_c2,Polyketide_cyc2
BGC0001904	M0177	159	6.759	6.759	AS-Abhydrolase_6,NAD_binding_10
BGC0001904	M0186	141	7.038	7.038	AS-Abhydrolase_6,Polyketide_cyc2
BGC0001904	M0295	198	5.836	5.836	AS-MannoseP_isomer_c2,Methyltransf_2
BGC0001904	M1262	76	10.524	10.524	Amidase,CN_hydrolase
BGC0001909	M1038	227	6.824	6.824	Aldo_ket_red,Beta-lactamase
BGC0001913	M0247	460	6.231	6.231	AS-Abhydrolase_6,Sugar_tr
BGC0001918	M1272	330	7.271	7.271	AS-AMP-binding_c21,AS-Abhydrolase_6
BGC0001918	M2058	342	1.093	11.412	FAD_binding_6;NAD_binding_1;Fer2,PaaA_PaaC
BGC0001918	MG1336_M0511_M0964	411	6.665	8.531	AS-AMP-binding_c21,Thioesterase_c35
BGC0001918	MG885_M2035_M2036_M2040_M2053	250	2.826	18.767	AS-AMP-binding_c21,AS-Abhydrolase_6,FAD_binding_6;NAD_binding_1;Fer2,PaaA_PaaC,Trp_dioxygenase
BGC0001919	M1272	330	7.271	7.271	AS-AMP-binding_c21,AS-Abhydrolase_6
BGC0001919	M2058	342	1.093	11.412	FAD_binding_6;NAD_binding_1;Fer2,PaaA_PaaC
BGC0001919	MG1336_M0511_M0964	411	6.665	8.531	AS-AMP-binding_c21,Thioesterase_c35
BGC0001919	MG885_M2035_M2036_M2040_M2053	250	2.826	22.375	AS-AMP-binding_c21,AS-Abhydrolase_6,Aminotran_5,FAD_binding_6;NAD_binding_1;Fer2,PaaA_PaaC,Trp_dioxygenase
BGC0001920	M0954	1108	-1.999	11.897	AS-PF13471_c2,AS-Stand_Alone_Lasso_RRE_c0
BGC0001922	M0098	170	7.497	7.497	Bac_luciferase,Methyltransf_2
BGC0001922	M0130	110	8.238	8.238	AS-MannoseP_isomer_c2,KR_c12
BGC0001922	M0152	196	7.036	7.036	Bac_luciferase,Polyketide_cyc2
BGC0001922	M0176	123	6.674	6.674	AS-MannoseP_isomer_c2,Polyketide_cyc2
BGC0001922	M0190	114	9.129	9.129	AS-MannoseP_isomer_c2,FAD_binding_4;BBE
BGC0001922	M0201	135	7.691	7.691	AS-MannoseP_isomer_c2,Aldo_ket_red
BGC0001922	M0278	101	7.793	7.793	Aldo_ket_red,Polyketide_cyc2
BGC0001922	M0295	198	5.836	5.836	AS-MannoseP_isomer_c2,Methyltransf_2
BGC0001922	M0314	28	5.158	5.158	Aminotran_1_2,Sugar_tr
BGC0001922	M0514	217	7.062	7.062	KR_c12,Sugar_tr
BGC0001922	M0599	418	5.307	5.307	AS-MannoseP_isomer_c2,Sugar_tr
BGC0001922	M0692	147	7.577	7.577	AS-AMP-binding_c21,Bac_luciferase
BGC0001922	M1068	405	6.422	6.422	Aldo_ket_red,Bac_luciferase
BGC0001922	M1502	240	13.018	13.018	Aminotran_1_2,Biotin_carb_N;CPSase_L_D2;Biotin_carb_C,Biotin_lipoyl
BGC0001922	MG1484_M0032_M2806_M2894	31	-93.284	-79.48	AS-t2ks_c40,Aldo_ket_red,Bac_luciferase,OsmC
BGC0001922	MG1524_M0073_M0590	631	3.673	10.489	ABM_c0,AS-t2clf_c28
BGC0001922	MG1850_M0505_M0626	1246	4.101	8.888	Aldo_ket_red,Bac_luciferase,Sugar_tr
BGC0001922	MG1887_M0366_M0416	424	-1.537	-1.537	Aldo_ket_red,Sugar_tr
BGC0001922	MG558_M2415_M2634_M2635_M2678_M2679_M2728_M2729	204	-83.395	-78.121	Aminotran_1_2,Biotin_carb_N;CPSase_L_D2;Biotin_carb_C,Biotin_lipoyl,KR_c12,NTP_transferase,Sugar_tr
BGC0001922	MG562_M2294_M2380	1678	0.005	11.774	Biotin_carb_N;CPSase_L_D2;Biotin_carb_C,Biotin_lipoyl
BGC0001925	M0692	147	7.577	7.577	AS-AMP-binding_c21,Bac_luciferase
BGC0001925	M1057	188	7.04	7.04	Aldedh,Bac_luciferase
BGC0001925	M1212	73	10.355	10.355	AS-AMP-binding_c21,AS-PP-binding_c38
BGC0001925	MG1787_M0501_M0502	474	6.14	6.14	AS-MannoseP_isomer_c2,Aldedh
BGC0001927	M0129	131	8.358	8.358	AS-adh_short_C2,Bac_luciferase
BGC0001931	M0437	179	8.37	22.535	AS-DegT_DnrJ_EryC1_c15,Epimerase_c16,FdtA,NTP_transferase
BGC0001931	M0560	43	7.733	7.733	AS-MGT_c0,GDP_Man_Dehyd
BGC0001931	M0652	59	9.275	9.275	AS-DegT_DnrJ_EryC1_c15,Epimerase_c16
BGC0001931	M0680	56	10.538	10.538	Methyltransf_13;Methyltransf_23;Methyltransf_14,NTP_transferase
BGC0001931	M1090	59	10.581	10.581	AS-DegT_DnrJ_EryC1_c15,GDP_Man_Dehyd
BGC0001931	M1182	117	7.646	14.024	AS-dTDP_sugar_isom_c2,GDP_Man_Dehyd,NTP_transferase
BGC0001931	M1193	49	7.159	14.63	3HCDH_N;3HCDH,AS-ADH_N_c16;AS-ADH_zinc_N_c17,AS-DegT_DnrJ_EryC1_c15
BGC0001931	M1854	31	-4.028	8.558	AS-DegT_DnrJ_EryC1_c47,AS-MGT_c4,GFO_IDH_MocA_c3
BGC0001931	MG1314_M1251_M1842	399	11.441	11.441	3HCDH_N;3HCDH,AS-PP-binding_c23
BGC0001931	MG1423_M1723_M1852	74	-6.585	19.094	AS-DegT_DnrJ_EryC1_c47,AS-MGT_c4,FdtA,GFO_IDH_MocA_c3
BGC0001931	MG1489_M1416_M1417	369	29.466	38.973	AS-DegT_DnrJ_EryC1_c15,AS-DegT_DnrJ_EryC1_c47,AS-MGT_c0,AS-dTDP_sugar_isom_c2,Epimerase_c16,GDP_Man_Dehyd,Methyltransf_13;Methyltransf_23;Methyltransf_14,NTP_transferase
BGC0001931	MG450_M0751_M2593_M2610	813	7.728	13.019	AS-MGT_c0,GDP_Man_Dehyd,NTP_transferase
BGC0001931	MG475_M1088_M1089	204	4.345	4.345	AS-DegT_DnrJ_EryC1_c15,GDP_Man_Dehyd
BGC0001940	MG1484_M0032_M2806_M2894	31	-93.284	-82.112	AS-t2ks_c40,Cyclase,Polyketide_cyc
BGC0001941	M0504	198	-4.454	-4.454	AdoHcyase,LCM
BGC0001942	MG1176_M0837_M0950_M0951_M0997_M1000_M1001	2290	8.092	8.092	OCD_Mu_crystall,PALP
BGC0001944	M0768	124	8.466	8.466	Metallophos,Thioesterase_c3
BGC0001944	M1003	294	10.288	10.288	3HCDH_N;3HCDH,AS-fabH_c2
BGC0001945	M1021	307	7.156	7.156	AS-AMP-binding_c48,Aldedh
BGC0001947	MG302_M1369_M2612	150	9.94	9.94	AS-Bac_transf_c8,UDPG_MGDP_dh_N;UDPG_MGDP_dh;UDPG_MGDP_dh_C
BGC0001947	MG304_M2189_M2839	176	5.263	20.748	AS-Bac_transf_c8,CbiA,LMWPc,UDPG_MGDP_dh_N;UDPG_MGDP_dh;UDPG_MGDP_dh_C
BGC0001947	MG305_M1346_M2611	107	9.719	21.048	AS-Bac_transf_c8,CbiA,LMWPc,NTP_transferase,UDPG_MGDP_dh_N;UDPG_MGDP_dh;UDPG_MGDP_dh_C
BGC0001947	MG306_M0894_M1259	132	6.856	19.683	AS-Bac_transf_c8,LMWPc,NTP_transferase,UDPG_MGDP_dh_N;UDPG_MGDP_dh;UDPG_MGDP_dh_C
BGC0001955	M0652	59	9.275	9.275	AS-DegT_DnrJ_EryC1_c15,Epimerase_c16
BGC0001955	M1091	81	15.217	37.284	AS-DegT_DnrJ_EryC1_c15,AS-Glyco_transf_28_c10;AS-MGT_c8,AS-PIG-L_c2,AS-dTDP_sugar_isom_c2,Epimerase_c16,Hexose_dehydrat
BGC0001955	M2114	79	13.672	13.672	AS-Trp_halogenase_c8,PDH_N;PDH_C
BGC0001955	M2116	130	11.27	19.54	AS-Trp_halogenase_c8,FMN_dh,PDH_N;PDH_C
BGC0001955	MG389_M1921_M1922	411	5.228	21.923	AS-Trp_halogenase_c8,Aminotran_1_2,FMN_dh,PDH_N;PDH_C
BGC0001955	MG403_M1476_M1496_M2005	63	-41.918	-25.323	AS-AMP-binding_c38;AS-PP-binding_c43,AS-Abhydrolase_6,Aminotran_1_2
BGC0001957	M0199	148	8.796	36.932	4HBT_c6,AS-AMP-binding_c21,AS-PP-binding_c39,AS-ladderane_c23,FabA_c21,Transket_pyr;Transketolase_C
BGC0001957	M1137	91	8.46	8.46	AS-AMP-binding_c21,AS-PP-binding_c30
BGC0001959	M0296	192	6.02	6.02	FMN_red,Sugar_tr
BGC0001960	M0140	162	6.564	6.724	Lactamase_B,Polyketide_cyc2
BGC0001960	M0496	269	3.814	17.296	AS-Acyl-CoA_dh_N_c7;Acyl-CoA_dh_2,Flavin_Reduct,SnoaL_4
BGC0001960	M0560	43	7.733	7.733	AS-MGT_c0,GDP_Man_Dehyd
BGC0001960	MG1423_M1723_M1852	74	-6.585	0.404	AS-DegT_DnrJ_EryC1_c47,Hexose_dehydrat
BGC0001960	MG1484_M0032_M2806_M2894	31	-93.284	-76.548	AS-PP-binding_c28,AS-t2ks_c40,FMN_red,SnoaL_4
BGC0001960	MG450_M0751_M2593_M2610	813	7.728	13.019	AS-MGT_c0,GDP_Man_Dehyd,NTP_transferase
BGC0001963	M0064	93	10.429	10.429	Metallophos,Thioesterase_c39
BGC0001963	M1854	31	-4.028	24.307	AS-MGT_c4,Epimerase_c47,Radical_SAM_c4,VitK2_biosynth
BGC0001963	MG1336_M0511_M0964	411	6.665	8.531	AS-AMP-binding_c21,Thioesterase_c35
BGC0001963	MG1357_M1293_M1551_M1552	336	-9.109	-7.658	AS-AMP-binding_c14,Thioesterase_c35
BGC0001963	MG1423_M1723_M1852	74	-6.585	34.442	AS-MGT_c4,Epimerase_c47,Hexose_dehydrat,Radical_SAM_c4,VitK2_biosynth
BGC0001964	M0340	250	8.375	8.375	Aminotran_1_2,Lactamase_B_3
BGC0001965	M0343	128	1.822	5.276	AS-fabH_c2,NAD_binding_9
BGC0001965	M1375	92	0.336	6.816	FAD_binding_3_c36,Glyoxalase_c1
BGC0001965	MG830_M1441_M1444_M1450_M1451_M1455	446	3.872	12.848	Chorismate_bind_c1;GATase_c1,DAHP_synth_2_c8;DAHP_synth_2_c2,Isochorismatase_c21
BGC0001968	MG1484_M0032_M2806_M2894	31	-93.284	-91.534	Aminotran_4,PAP2
BGC0001970	M1885	174	19.601	19.601	AS-Chal_sti_synt_N_c36;HMG_CoA_synt_C,AS-t2pks2_c2,ECH_1_c18
BGC0001972	M0296	192	6.02	6.02	FMN_red,Sugar_tr
BGC0001972	M0354	59	8.68	8.68	DJ-1_PfpI,FMN_red
BGC0001972	M0371	234	6.714	6.714	DJ-1_PfpI,Sugar_tr
BGC0001972	M2084	356	2.036	8.501	Fer2;Fer2_2,XdhC_CoxI;XdhC_C
BGC0001972	M2090	246	12.839	12.839	Ald_Xan_dh_C;MoCoBD_1,FAD_binding_5;CO_deh_flav_C
BGC0001972	MG1484_M0032_M2806_M2894	31	-93.284	-89.016	Bac_luciferase,FMN_red,Methyltransf_23
BGC0001972	MG1695_M0822_M0868_M0886_M1041_M2096_M2097	1035	-2.539	25.308	Ald_Xan_dh_C;MoCoBD_1,FAD_binding_5;CO_deh_flav_C,Fer2;Fer2_2,XdhC_CoxI;XdhC_C
BGC0001972	MG1850_M0505_M0626	1246	4.101	7.582	Bac_luciferase,FMN_red,Sugar_tr
BGC0001975	M1538	296	-2.272	23.11	AS-PP-binding_c29,AS-ladderane_c25,FabA_c17
BGC0001975	M1585	106	48.541	48.541	AS-PP-binding_c29,AS-ladderane_c23,AS-t2fas_c13,DSBA,FabA_c17,FabA_c2,polyprenyl_synt_c22
BGC0001975	MG1126_M1540_M1548	90	40.129	47.787	AS-PP-binding_c29,AS-ladderane_c23,AS-ladderane_c25,AS-t2fas_c13,AS-t2fas_c2,DSBA,FabA_c17,FabA_c2
BGC0001975	MG1127_M1539_M1553_M1584	345	12.868	59.704	AS-PP-binding_c29,AS-ladderane_c23,AS-ladderane_c25,AS-t2fas_c13,AS-t2fas_c2,DSBA,FabA_c17,FabA_c2,polyprenyl_synt_c22
BGC0001979	M0140	162	6.564	12.508	AS-ksIII_c2,Lactamase_B,Polyketide_cyc2
BGC0001979	M0163	280	6.233	6.233	Flavin_Reduct,Sugar_tr
BGC0001979	M0421	147	9.974	9.974	AS-AMP-binding_c21,CoA_transf_3
BGC0001979	M0423	66	8.602	8.602	AS-AMP-binding_c21,Flavin_Reduct
BGC0001979	M0450	148	9.458	9.458	Acyl_transf_3,Flavin_Reduct
BGC0001979	M0496	269	3.814	8.699	Flavin_Reduct,SnoaL_4
BGC0001979	M0514	217	7.062	7.062	KR_c12,Sugar_tr
BGC0001979	M0560	43	7.733	7.733	AS-MGT_c0,GDP_Man_Dehyd
BGC0001979	M0680	56	10.538	10.538	Methyltransf_13;Methyltransf_23;Methyltransf_14,NTP_transferase
BGC0001979	M0802	135	9.458	9.458	CoA_transf_3,SnoaL_4
BGC0001979	M0876	84	15.104	28.997	AS-HMGL-like_c6;LeuA_dimer,AS-ksIII_c2,AS-t2clf_c28,AS-t2clf_c39,EHN
BGC0001979	M1182	117	7.646	14.024	AS-dTDP_sugar_isom_c2,GDP_Man_Dehyd,NTP_transferase
BGC0001979	MG1484_M0032_M2806_M2894	31	-93.284	-60.064	AS-ksIII_c2,AS-p450_c29,CoA_transf_3,EHN,Fer2,SnoaL_4
BGC0001979	MG1488_M0840_M1121	326	18.423	23.636	AS-MGT_c0,AS-dTDP_sugar_isom_c2,GDP_Man_Dehyd,Hexose_dehydrat
BGC0001979	MG1489_M1416_M1417	369	29.466	45.711	AS-MGT_c0,AS-dTDP_sugar_isom_c2,AS-ksIII_c2,GDP_Man_Dehyd,GFO_IDH_MocA_c21,Hexose_dehydrat,Methyltransf_13;Methyltransf_23;Methyltransf_14,NTP_transferase
BGC0001979	MG1514_M0874_M0875	49	27.09	47.051	AS-HMGL-like_c6;LeuA_dimer,AS-ksIII_c2,AS-t2clf_c28,AS-t2clf_c39,CoA_transf_3,EHN,Fer2,Flavin_Reduct,Polyketide_cyc2,SnoaL_4
BGC0001979	MG1524_M0073_M0590	631	3.673	12.961	AS-t2clf_c28,AS-t2clf_c39
BGC0001979	MG450_M0751_M2593_M2610	813	7.728	13.019	AS-MGT_c0,GDP_Man_Dehyd,NTP_transferase
BGC0001979	MG919_M0236_M0985	172	3.98	3.98	CoA_transf_3,Polyketide_cyc2
BGC0001983	M0627	29	3.086	13.408	Acetyltransf_3_c13,AlaDh_PNT_N,Lys_Orn_oxgnase_c16
BGC0001983	M1879	386	3.385	14.906	AS-Flavoprotein_c4,UbiD
BGC0001983	MG1397_M1657_M1658_M1659_M2313	151	-3.723	57.803	AAT,AS-AMP-binding_c1,AS-MannoseP_isomer_c2;AS-MetRS-like_c0,Acetyltransf_3_c13,AlaDh_PNT_N,DAO,Lys_Orn_oxgnase_c16,Sacchrp_dh_NADP;Sacchrp_dh_C
BGC0001984	M0594	27	7.096	7.096	Flavin_Reduct,TauD_c5
BGC0001985	M1322	377	7.581	7.581	AS-MannoseP_isomer_c2,DAO
BGC0001985	MG1397_M1657_M1658_M1659_M2313	151	-3.723	2.191	AS-MannoseP_isomer_c2;AS-MetRS-like_c0,DAO
BGC0001985	MG1484_M0032_M2806_M2894	31	-93.284	-90.284	Bac_luciferase,KR_c28,Rieske
BGC0001996	M0599	418	5.307	5.307	AS-MannoseP_isomer_c2,Sugar_tr
BGC0001999	MG894_M2064_M2772_M2793	71	-12.631	16.373	AS-GrbD_c0,AS-GrbE_c0,AS-PF00881_c17
BGC0002000	M0186	141	7.038	7.038	AS-Abhydrolase_6,Polyketide_cyc2
BGC0002001	MG592_M2297_M2325_M2338	150	-1.786	12.742	AS-Aminotran_3_c49,AS-TBH_Asp_c0
BGC0002002	MG830_M1441_M1444_M1450_M1451_M1455	446	3.872	35.038	AS-phzB_c0,Chorismate_bind_c1;GATase_c1,Isochorismatase_c21,PhzC-PhzF_c4,Putative_PNPOx_c5;PNP_phzG_C_c0
BGC0002006	M0954	1108	-1.999	11.076	AS-Asn_synthase_c14,AS-PF13471_c2
BGC0002007	M0320	121	6.9	6.9	AS-PF00561,NAD_binding_10
BGC0002007	M0329	87	7.501	7.501	AS-p450_c29,Aminotran_1_2
BGC0002007	MG1484_M0032_M2806_M2894	31	-93.284	-86.665	AS-PF00561,AS-p450_c29,Bac_luciferase,NAD_binding_10
BGC0002007	MG275_M2115_M2856	92	2.231	14.988	AS-terpene_cyclase_c2;SQHop_cyclase_C_c17,UbiA,polyprenyl_synt_c11
BGC0002007	MG276_M2671_M2745_M2836	43	-20.984	-7.572	AS-terpene_cyclase_c2;SQHop_cyclase_C_c17,polyprenyl_synt_c11
BGC0002008	MG253_M1769_M1783	457	3.315	15.637	AS-APE_KS2_c9,FabA_c19,FabA_c2
BGC0002008	MG254_M1780_M1782_M1786	309	27.608	37.557	4HBT_c45,AS-APE_KS2_c9,AS-PP-binding_c13,AS-PP-binding_c35,Acyltransferase,FabA_c19,FabA_c2,KR_c38,Ketoacyl-synt_2,Methyltransf_2
BGC0002008	MG255_M1706_M1732_M1778_M1781_M1785	676	23.239	60.516	4HBT_c45,AS-APE_KS1_c15,AS-APE_KS2_c9,AS-PP-binding_c13,AS-PP-binding_c35,Acyltransferase,FabA_c19,FabA_c2,KR_c38,Ketoacyl-synt_2,Methyltransf_2
BGC0002008	MG261_M1714_M1793	954	9.369	20.872	4HBT_c45,AS-PP-binding_c35,Acyltransferase,KR_c38,Ketoacyl-synt_2
BGC0002009	M0521	64	10.673	10.673	MM_CoA_mutase,Thioesterase_c35
BGC0002009	MG1484_M0032_M2806_M2894	31	-93.284	-87.364	AS-p450_c29,Aldo_ket_red,CoA_transf_3
BGC0002009	MG1980_M1827_M1969_M1973_M1974_M1976_M1977	193	-44.001	-43.658	Aldo_ket_red,Carboxyl_trans
BGC0002009	MG276_M2671_M2745_M2836	43	-20.984	-16.234	AS-MGT_c0,AS-p450_c27
BGC0002009	MG476_M0463_M1027	192	9.949	9.949	AS-DegT_DnrJ_EryC1_c15,Thioesterase_c35
BGC0002009	MG494_M1556_M1899_M1903_M1908_M1909_M1911_M1914_M1916_M1917	269	-1.697	62.403	AS-DHQ_synthase_c2,AS-DegT_DnrJ_EryC1_c15,Acetyltransf_2,DHquinase_II,FAD_binding_3_c37,GFO_IDH_MocA_c32;GFO_IDH_MocA_C,HAD_2_c30,ROK,Shikimate_dh_N;AS-ThiF
BGC0002010	M0099	50	9.754	9.754	FAD_binding_4;BBE,Thioesterase_c39
BGC0002010	M0204	88	10.236	10.236	AS-AMP-binding_c21,AS-PP-binding_c7
BGC0002010	M0782	991	5.902	5.902	Aldedh,Sugar_tr
BGC0002010	MG1484_M0032_M2806_M2894	31	-93.284	-92.325	AS-ksIII_c2,Aldo_ket_red
BGC0002010	MG1887_M0366_M0416	424	-1.537	-1.537	Aldo_ket_red,Sugar_tr
BGC0002010	MG830_M1441_M1444_M1450_M1451_M1455	446	3.872	53.238	AS-phzB_c0,AS-thio_amide_c2,Chorismate_bind_c1;GATase_c1,DAHP_synth_2_c8;DAHP_synth_2_c2,Isochorismatase_c21,PhzC-PhzF_c4,Putative_PNPOx_c5;PNP_phzG_C_c0,Sugar_tr
BGC0002011	M1193	49	7.159	20.838	3HCDH_N;3HCDH,AS-DegT_DnrJ_EryC1_c15,DHquinase_II,HAD_2_c30
BGC0002011	MG1314_M1251_M1842	399	11.441	11.441	3HCDH_N;3HCDH,AS-PP-binding_c23
BGC0002011	MG494_M1556_M1899_M1903_M1908_M1909_M1911_M1914_M1916_M1917	269	-1.697	41.871	AS-DHQ_synthase_c2,AS-DegT_DnrJ_EryC1_c15,Acetyltransf_2,DHquinase_II,GFO_IDH_MocA_c32;GFO_IDH_MocA_C,HAD_2_c30,ROK
BGC0002012	M0152	196	7.036	7.036	Bac_luciferase,Polyketide_cyc2
BGC0002012	M0177	159	6.759	6.759	AS-Abhydrolase_6,NAD_binding_10
BGC0002012	M0186	141	7.038	7.038	AS-Abhydrolase_6,Polyketide_cyc2
BGC0002012	M0247	460	6.231	6.231	AS-Abhydrolase_6,Sugar_tr
BGC0002012	M0358	99	5.933	5.933	KR_c0,Sugar_tr
BGC0002012	MG1850_M0505_M0626	1246	4.101	4.101	Bac_luciferase,Sugar_tr
BGC0002014	M1538	296	-2.272	31.968	AS-PP-binding_c29,AS-ladderane_c25,AS-t2clf_c12,FabA_c17
BGC0002014	MG1126_M1540_M1548	90	40.129	47.628	AS-PP-binding_c29,AS-ladderane_c23,AS-ladderane_c25,AS-t2clf_c12,AS-t2fas_c13,AS-t2fas_c2,DSBA,FabA_c17
BGC0002014	MG1127_M1539_M1553_M1584	345	12.868	54.84	AS-PP-binding_c29,AS-ladderane_c23,AS-ladderane_c25,AS-t2clf_c12,AS-t2fas_c13,AS-t2fas_c2,DSBA,FabA_c17
BGC0002015	M0954	1108	-1.999	11.897	AS-PF13471_c2,AS-Stand_Alone_Lasso_RRE_c0
BGC0002017	MG840_M1570_M1573_M1574_M1576_M2008	796	8.263	14.035	AS-AMP-binding_c48,AS-Orn_monoox_c2,AS-PP-binding_c7,Isochorismatase_c21
BGC0002019	M0448	314	7.189	7.189	AS-AMP-binding_c21,AS-PF00561
BGC0002019	M1297	117	9.269	9.269	AS-AMP-binding_c21,AS-Orn_Arg_deC_N_c0;AS-Orn_DAP_Arg_deC_c3
BGC0002019	MG1980_M1827_M1969_M1973_M1974_M1976_M1977	193	-44.001	-40.913	AS-AMP-binding_c21,AS-PF00561,Hydrolase_4
BGC0002019	MG275_M2115_M2856	92	2.231	14.175	TauD_c21,UbiA,polyprenyl_synt_c11
BGC0002019	MG276_M2671_M2745_M2836	43	-20.984	-10.617	TauD_c21,polyprenyl_synt_c11
BGC0002019	MG994_M1983_M2521_M2525_M2526	1036	-2.706	-2.706	AS-PF00561,FAA_hydrolase
BGC0002021	M0129	131	8.358	8.358	AS-adh_short_C2,Bac_luciferase
BGC0002021	M0140	162	6.564	6.724	Lactamase_B,Polyketide_cyc2
BGC0002021	M0152	196	7.036	7.036	Bac_luciferase,Polyketide_cyc2
BGC0002021	M0211	103	5.534	5.534	AS-adh_short_C2,Beta-lactamase
BGC0002021	M0437	179	8.37	13.41	AS-DegT_DnrJ_EryC1_c15,Epimerase_c16,NTP_transferase
BGC0002021	M0560	43	7.733	7.733	AS-MGT_c0,GDP_Man_Dehyd
BGC0002021	M0652	59	9.275	9.275	AS-DegT_DnrJ_EryC1_c15,Epimerase_c16
BGC0002021	M1090	59	10.581	10.581	AS-DegT_DnrJ_EryC1_c15,GDP_Man_Dehyd
BGC0002021	M1091	81	15.217	22.404	AS-DegT_DnrJ_EryC1_c15,AS-dTDP_sugar_isom_c2,Epimerase_c16,Hexose_dehydrat
BGC0002021	M1182	117	7.646	14.024	AS-dTDP_sugar_isom_c2,GDP_Man_Dehyd,NTP_transferase
BGC0002021	MG1357_M1293_M1551_M1552	336	-9.109	-5.783	AS-PP-binding_c16,AS-adh_short_C2,Bac_luciferase
BGC0002021	MG1484_M0032_M2806_M2894	31	-93.284	-80.099	AS-t2ks_c40,Bac_luciferase,FMN_red,SnoaL_4
BGC0002021	MG1488_M0840_M1121	326	18.423	23.636	AS-MGT_c0,AS-dTDP_sugar_isom_c2,GDP_Man_Dehyd,Hexose_dehydrat
BGC0002021	MG1489_M1416_M1417	369	29.466	34.697	AS-DegT_DnrJ_EryC1_c15,AS-MGT_c0,AS-dTDP_sugar_isom_c2,Epimerase_c16,GDP_Man_Dehyd,Hexose_dehydrat,NTP_transferase
BGC0002021	MG1980_M1827_M1969_M1973_M1974_M1976_M1977	193	-44.001	-40.112	ECH_1_c42,Lactamase_B
BGC0002021	MG276_M2671_M2745_M2836	43	-20.984	-16.148	AS-MGT_c0,AS-PP-binding_c10
BGC0002021	MG450_M0751_M2593_M2610	813	7.728	13.019	AS-MGT_c0,GDP_Man_Dehyd,NTP_transferase
BGC0002021	MG475_M1088_M1089	204	4.345	4.345	AS-DegT_DnrJ_EryC1_c15,GDP_Man_Dehyd
BGC0002022	MG1096_M0401_M0710	192	8.886	8.886	AS-fabH_c2,Thioesterase_c39
BGC0002022	MG1357_M1293_M1551_M1552	336	-9.109	-0.456	AS-AMP-binding_c14,AS-fabH_c2,Carboxyl_trans,Flavin_Reduct
BGC0002024	M0692	147	7.577	7.577	AS-AMP-binding_c21,Bac_luciferase
BGC0002024	M1068	405	6.422	6.422	Aldo_ket_red,Bac_luciferase
BGC0002024	MG1484_M0032_M2806_M2894	31	-93.284	-86.602	AS-ksIII_c2,Aldo_ket_red,Bac_luciferase
BGC0002025	M2033	208	5.944	5.944	GAF_2,Guanylate_cyc
BGC0002028	M0186	141	7.038	7.038	AS-Abhydrolase_6,Polyketide_cyc2
BGC0002028	M0247	460	6.231	6.231	AS-Abhydrolase_6,Sugar_tr
BGC0002028	M0377	118	6.266	6.266	NTP_transferase,PfkB
BGC0002028	M0437	179	8.37	8.37	AS-DegT_DnrJ_EryC1_c15,NTP_transferase
BGC0002028	M0455	329	6.559	6.559	PfkB,Sugar_tr
BGC0002028	M1091	81	15.217	15.217	AS-DegT_DnrJ_EryC1_c15,AS-dTDP_sugar_isom_c2,Hexose_dehydrat
BGC0002028	MG1423_M1723_M1852	74	-6.585	0.404	AS-DegT_DnrJ_EryC1_c47,Hexose_dehydrat
BGC0002028	MG1488_M0840_M1121	326	18.423	18.423	AS-MGT_c0,AS-dTDP_sugar_isom_c2,Hexose_dehydrat
BGC0002028	MG1489_M1416_M1417	369	29.466	37.985	AS-DegT_DnrJ_EryC1_c15,AS-DegT_DnrJ_EryC1_c47,AS-MGT_c0,AS-dTDP_sugar_isom_c2,GFO_IDH_MocA_c21,Hexose_dehydrat,NTP_transferase
BGC0002028	MG1490_M0790_M1414	198	24.625	47.271	AS-DegT_DnrJ_EryC1_c47,AS-MGT_c0,AS-dTDP_sugar_isom_c2,AS-t2clf_c28,AS-t2clf_c39,GFO_IDH_MocA_c21,Hexose_dehydrat
BGC0002028	MG1523_M1029_M1031	539	14.904	28.083	AS-t2clf_c28,AS-t2clf_c39,Cyclase_polyket,FAD_binding_3_c46,Polyketide_cyc2
BGC0002028	MG1524_M0073_M0590	631	3.673	12.961	AS-t2clf_c28,AS-t2clf_c39
BGC0002032	M0216	58	10.947	31.448	AS-p450_c29,Docking;AS-mod_KS_c48;Acyl_transf_1_c22;PS-DH_c5;AS-adh_short;AS-PP-binding_c44,GMC_oxred_C_c12,Thioesterase_c3
BGC0002033	M0207	80	8.519	15.204	AS-Methyltransf_3_c0,AS-PP-binding_c23,Aminotran_1_2
BGC0002033	M0437	179	8.37	22.535	AS-DegT_DnrJ_EryC1_c15,Epimerase_c16,FdtA,NTP_transferase
BGC0002033	M0560	43	7.733	7.733	AS-MGT_c0,GDP_Man_Dehyd
BGC0002033	M0652	59	9.275	9.275	AS-DegT_DnrJ_EryC1_c15,Epimerase_c16
BGC0002033	M0680	56	10.538	10.538	Methyltransf_13;Methyltransf_23;Methyltransf_14,NTP_transferase
BGC0002033	M1090	59	10.581	10.581	AS-DegT_DnrJ_EryC1_c15,GDP_Man_Dehyd
BGC0002033	M1091	81	15.217	22.404	AS-DegT_DnrJ_EryC1_c15,AS-dTDP_sugar_isom_c2,Epimerase_c16,Hexose_dehydrat
BGC0002033	M1182	117	7.646	14.024	AS-dTDP_sugar_isom_c2,GDP_Man_Dehyd,NTP_transferase
BGC0002033	M1193	49	7.159	7.159	3HCDH_N;3HCDH,AS-DegT_DnrJ_EryC1_c15
BGC0002033	M1854	31	-4.028	8.558	AS-DegT_DnrJ_EryC1_c47,AS-MGT_c4,GFO_IDH_MocA_c3
BGC0002033	MG1314_M1251_M1842	399	11.441	11.441	3HCDH_N;3HCDH,AS-PP-binding_c23
BGC0002033	MG1423_M1723_M1852	74	-6.585	27.517	AS-DegT_DnrJ_EryC1_c47,AS-MGT_c4,FdtA,GFO_IDH_MocA_c3,Hexose_dehydrat
BGC0002033	MG1488_M0840_M1121	326	18.423	30.09	AS-MGT_c0,AS-MGT_c4,AS-dTDP_sugar_isom_c2,GDP_Man_Dehyd,Hexose_dehydrat
BGC0002033	MG1489_M1416_M1417	369	29.466	50.887	AS-DegT_DnrJ_EryC1_c15,AS-DegT_DnrJ_EryC1_c47,AS-MGT_c0,AS-dTDP_sugar_isom_c2,Epimerase_c16,GDP_Man_Dehyd,Hexose_dehydrat,Methyltransf_13;Methyltransf_23;Methyltransf_14,NTP_transferase
BGC0002033	MG450_M0751_M2593_M2610	813	7.728	13.019	AS-MGT_c0,GDP_Man_Dehyd,NTP_transferase
BGC0002033	MG475_M1088_M1089	204	4.345	4.345	AS-DegT_DnrJ_EryC1_c15,GDP_Man_Dehyd
BGC0002037	MG1357_M1293_M1551_M1552	336	-9.109	-7.288	AS-PP-binding_c16,AS-fabH_c2
BGC0002039	M0181	90	8.74	8.74	2-Hacid_dh_C,DAO
BGC0002039	M0496	269	3.814	3.814	FAD_binding_2,Flavin_Reduct
BGC0002039	M0689	391	6.955	6.955	Amidohydro_1,DAO
BGC0002039	M1024	425	7.571	7.571	Bac_luciferase,Flavin_Reduct
BGC0002039	MG1397_M1657_M1658_M1659_M2313	151	-3.723	2.191	AS-MannoseP_isomer_c2;AS-MetRS-like_c0,DAO
BGC0002039	MG1484_M0032_M2806_M2894	31	-93.284	-89.392	Bac_luciferase,PfkB,Rieske
BGC0002040	M0181	90	8.74	8.74	2-Hacid_dh_C,DAO
BGC0002040	M0689	391	6.955	6.955	Amidohydro_1,DAO
BGC0002040	MG1397_M1657_M1658_M1659_M2313	151	-3.723	2.191	AS-MannoseP_isomer_c2;AS-MetRS-like_c0,DAO
BGC0002040	MG1484_M0032_M2806_M2894	31	-93.284	-82.715	Bac_luciferase,FMN_red,PfkB,Rieske
BGC0002042	M0378	172	0.954	5.271	Aldedh,Amidohydro_2
BGC0002042	M0437	179	8.37	14.766	AS-DegT_DnrJ_EryC1_c15,NTP_transferase,UDPG_MGDP_dh_N;UDPG_MGDP_dh;UDPG_MGDP_dh_C
BGC0002042	MG306_M0894_M1259	132	6.856	6.856	NTP_transferase,UDPG_MGDP_dh_N;UDPG_MGDP_dh;UDPG_MGDP_dh_C
BGC0002044	M0453	154	3.265	3.265	Hydrolase_4,Lactamase_B
BGC0002044	MG1980_M1827_M1969_M1973_M1974_M1976_M1977	193	-44.001	-34.247	G6PD_N;G6PD_C,Hydrolase_4,Lactamase_B
BGC0002045	M0130	110	8.238	8.238	AS-MannoseP_isomer_c2,KR_c12
BGC0002045	M0252	68	6.733	6.733	AS-MannoseP_isomer_c2,AS-PF00561
BGC0002045	M0295	198	5.836	5.836	AS-MannoseP_isomer_c2,Methyltransf_2
BGC0002045	M0316	90	6.375	6.375	AS-PF00561,RibD_C
BGC0002045	M0320	121	6.9	6.9	AS-PF00561,NAD_binding_10
BGC0002045	M0437	179	8.37	8.37	AS-DegT_DnrJ_EryC1_c15,NTP_transferase
BGC0002045	M0514	217	7.062	7.062	KR_c12,Sugar_tr
BGC0002045	M0599	418	5.307	5.307	AS-MannoseP_isomer_c2,Sugar_tr
BGC0002045	M0680	56	10.538	10.538	Methyltransf_13;Methyltransf_23;Methyltransf_14,NTP_transferase
BGC0002045	M1091	81	15.217	15.217	AS-DegT_DnrJ_EryC1_c15,AS-dTDP_sugar_isom_c2,Hexose_dehydrat
BGC0002045	MG1484_M0032_M2806_M2894	31	-93.284	-90.565	AS-PF00561,NAD_binding_10,Polyketide_cyc
BGC0002045	MG1488_M0840_M1121	326	18.423	18.423	AS-MGT_c0,AS-dTDP_sugar_isom_c2,Hexose_dehydrat
BGC0002045	MG1523_M1029_M1031	539	14.904	14.904	AS-t2clf_c28,AS-t2clf_c39,Cyclase_polyket
BGC0002045	MG1524_M0073_M0590	631	3.673	12.961	AS-t2clf_c28,AS-t2clf_c39
BGC0002045	MG1887_M0366_M0416	424	-1.537	5.269	AS-PF00561,Sugar_tr
BGC0002045	MG562_M2294_M2380	1678	0.005	11.774	Biotin_carb_N;CPSase_L_D2;Biotin_carb_C,Biotin_lipoyl
BGC0002047	M0186	141	7.038	7.038	AS-Abhydrolase_6,Polyketide_cyc2
BGC0002047	M0437	179	8.37	8.37	AS-DegT_DnrJ_EryC1_c15,NTP_transferase
BGC0002051	M1337	64	14.569	14.569	AS-AMP-binding_c38;AS-PP-binding_c43,AS-Condensation_c16
BGC0002052	MG1403_M0477_M0478	246	-1.6	14.818	AS-PhyH_c1,AS-ectoine_synt_c0,Acetyltransf_1_c23
BGC0002053	M0954	1108	-1.999	21.283	AS-Asn_synthase_c14,AS-PF13471_c2,AS-Stand_Alone_Lasso_RRE_c0
BGC0002054	M0199	148	8.796	36.932	4HBT_c6,AS-AMP-binding_c21,AS-PP-binding_c39,AS-ladderane_c23,FabA_c21,Transket_pyr;Transketolase_C
BGC0002054	M1137	91	8.46	8.46	AS-AMP-binding_c21,AS-PP-binding_c30
BGC0002055	M1885	174	19.601	31.077	AS-Chal_sti_synt_N_c36;HMG_CoA_synt_C,AS-t2pks2_c2,Acyl_transf_1_c7,ECH_1_c18
BGC0002055	MG1983_M1848_M1890	214	8.91	15.519	AS-t2pks2_c2,Acyl_transf_1_c7,ECH_1_c18
BGC0002059	M1885	174	19.601	37.968	AS-Chal_sti_synt_N_c36;HMG_CoA_synt_C,AS-PKS_AT_c20,AS-t2pks2_c2,Acyl_transf_1_c7,ECH_1_c18
BGC0002059	MG1983_M1848_M1890	214	8.91	15.519	AS-t2pks2_c2,Acyl_transf_1_c7,ECH_1_c18
BGC0002064	M0954	1108	-1.999	21.283	AS-Asn_synthase_c14,AS-PF13471_c2,AS-Stand_Alone_Lasso_RRE_c0
BGC0002070	M0278	101	7.793	7.793	Aldo_ket_red,Polyketide_cyc2
BGC0002070	M0932	359	6.485	6.485	Carboxyl_trans,Sugar_tr
BGC0002070	M1279	59	2.264	2.264	Biotin_carb_N;CPSase_L_D2;Biotin_carb_C;Biotin_lipoyl,Carboxyl_trans,Sugar_tr
BGC0002070	M2301	903	7.681	7.681	Biotin_carb_N;CPSase_L_D2;Biotin_carb_C;Biotin_lipoyl,Carboxyl_trans
BGC0002070	MG1887_M0366_M0416	424	-1.537	-1.537	Aldo_ket_red,Sugar_tr
BGC0002070	MG1980_M1827_M1969_M1973_M1974_M1976_M1977	193	-44.001	-43.658	Aldo_ket_red,Carboxyl_trans
BGC0002070	MG534_M1402_M2238_M2261_M2265	1355	2.86	2.86	Biotin_carb_N;CPSase_L_D2;Biotin_carb_C;Biotin_lipoyl,Carboxyl_trans
BGC0002070	MG535_M1110_M1238_M2262_M2266	950	4.177	4.177	Biotin_carb_N;CPSase_L_D2;Biotin_carb_C;Biotin_lipoyl,Carboxyl_trans
BGC0002072	M0768	124	8.466	16.049	4PPT_N;ACPS_c30,Metallophos,Thioesterase_c3
BGC0002074	M0954	1108	-1.999	21.283	AS-Asn_synthase_c14,AS-PF13471_c2,AS-Stand_Alone_Lasso_RRE_c0
BGC0002078	M0423	66	8.602	8.602	AS-AMP-binding_c21,Flavin_Reduct
BGC0002078	M0611	63	15.32	22.996	B12-binding_c2,Flavin_Reduct,Glu_synthase,Met_asp_mut_E
BGC0002078	M0714	132	7.375	7.375	AS-Abhydrolase_6,Flavin_Reduct
BGC0002078	M1137	91	8.46	8.46	AS-AMP-binding_c21,AS-PP-binding_c30
BGC0002078	M1272	330	7.271	7.271	AS-AMP-binding_c21,AS-Abhydrolase_6
BGC0002078	MG1200_M1237_M2686_M2732	609	2.048	19.575	B12-binding_c2,Glu_synthase,Met_asp_mut_E
BGC0002078	MG1202_M1269_M2160_M2622_M2735	451	8.544	26.078	B12-binding_c2,Glu_synthase,Met_asp_mut_E,tRNA-synt_2
BGC0002078	MG1936_M0754_M1458	385	7.371	24.875	AP_endonuc_2,NAD_binding_5,Phosphodiest,UbiA
BGC0002079	M0611	63	15.32	22.996	B12-binding_c2,Flavin_Reduct,Glu_synthase,Met_asp_mut_E
BGC0002079	M0714	132	7.375	7.375	AS-Abhydrolase_6,Flavin_Reduct
BGC0002079	MG1200_M1237_M2686_M2732	609	2.048	19.575	B12-binding_c2,Glu_synthase,Met_asp_mut_E
BGC0002079	MG1202_M1269_M2160_M2622_M2735	451	8.544	26.078	B12-binding_c2,Glu_synthase,Met_asp_mut_E,tRNA-synt_2
BGC0002079	MG1936_M0754_M1458	385	7.371	24.875	AP_endonuc_2,NAD_binding_5,Phosphodiest,UbiA
BGC0002081	M0140	162	6.564	6.564	AS-ksIII_c2,Polyketide_cyc2
BGC0002081	M0278	101	7.793	7.793	Aldo_ket_red,Polyketide_cyc2
BGC0002081	M0562	75	11.047	17.591	AS-Methyltransf_3_c0,AS-PKS_AT_c24,AS-ksIII_c2
BGC0002081	MG1484_M0032_M2806_M2894	31	-93.284	-51.788	AS-PKS_AT_c24,AS-ksIII_c2,AS-t2ks_c40,Aldo_ket_red,Cyclase,KR_c29,SnoaL_4
BGC0002081	MG1980_M1827_M1969_M1973_M1974_M1976_M1977	193	-44.001	-43.658	Aldo_ket_red,Carboxyl_trans
BGC0002082	M1885	174	19.601	26.492	AS-Chal_sti_synt_N_c36;HMG_CoA_synt_C,AS-PKS_AT_c20,AS-t2pks2_c2,ECH_1_c18
BGC0002082	MG1980_M1827_M1969_M1973_M1974_M1976_M1977	193	-44.001	-40.821	AS-p450_c7,Acyl_transf_1_c7;NMO
BGC0002083	M1631	571	7.86	7.86	Aldedh,NAD_binding_2;NAD_binding_11
BGC0002083	MG1484_M0032_M2806_M2894	31	-93.284	-89.959	AS-GATase_7_c24;AS-Asn_synthase_c0,AS-PKS_AT_c24
BGC0002085	M0295	198	5.836	5.836	AS-MannoseP_isomer_c2,Methyltransf_2
BGC0002085	M0333	41	6.56	9.841	E1_dh,Transket_pyr;Transketolase_C
BGC0002085	M0437	179	8.37	13.41	AS-DegT_DnrJ_EryC1_c15,Epimerase_c16,NTP_transferase
BGC0002085	M0560	43	7.733	7.733	AS-MGT_c0,GDP_Man_Dehyd
BGC0002085	M0652	59	9.275	9.275	AS-DegT_DnrJ_EryC1_c15,Epimerase_c16
BGC0002085	M0680	56	10.538	35.176	AS-PhyH_c3;AS-PhyH_c17,Epimerase_c25,Methyltransf_13;Methyltransf_23;Methyltransf_14,Methyltransf_21,NTP_transferase
BGC0002085	M0722	86	-3.766	-1.711	AS-MannoseP_isomer_c2,Methyltransf_23,NTP_transferase
BGC0002085	M0848	88	9.632	21.037	AS-Glycos_transf_2_c49,Methyltransf_21,Methyltransf_23,NTP_transferase
BGC0002085	M1090	59	10.581	10.581	AS-DegT_DnrJ_EryC1_c15,GDP_Man_Dehyd
BGC0002085	M1091	81	15.217	27.942	AS-DegT_DnrJ_EryC1_c15,AS-dTDP_sugar_isom_c2,Epimerase_c16,Hexose_dehydrat,Methyltransf_11_c47
BGC0002085	M1182	117	7.646	14.024	AS-dTDP_sugar_isom_c2,GDP_Man_Dehyd,NTP_transferase
BGC0002085	MG1410_M0344_M0429_M2012_M2015	1046	-3.047	8.703	E1_dh,Transket_pyr;Transketolase_C
BGC0002085	MG1412_M0921_M2016_M2017	621	3.807	11.038	E1_dh,Transket_pyr;Transketolase_C
BGC0002085	MG1484_M0032_M2806_M2894	31	-93.284	-92.332	AS-ksIII_c2,Methyltransf_23
BGC0002085	MG1488_M0840_M1121	326	18.423	23.636	AS-MGT_c0,AS-dTDP_sugar_isom_c2,GDP_Man_Dehyd,Hexose_dehydrat
BGC0002085	MG1489_M1416_M1417	369	29.466	56.696	AS-DegT_DnrJ_EryC1_c15,AS-MGT_c0,AS-dTDP_sugar_isom_c2,AS-ksIII_c2,Epimerase_c16,GDP_Man_Dehyd,GFO_IDH_MocA_c21,Hexose_dehydrat,Methyltransf_13;Methyltransf_23;Methyltransf_14,NTP_transferase
BGC0002085	MG450_M0751_M2593_M2610	813	7.728	13.019	AS-MGT_c0,GDP_Man_Dehyd,NTP_transferase
BGC0002085	MG475_M1088_M1089	204	4.345	4.345	AS-DegT_DnrJ_EryC1_c15,GDP_Man_Dehyd
BGC0002087	M0165	154	7.044	7.044	Peptidase_M20,Sugar_tr
BGC0002087	M0782	991	5.902	5.902	Aldedh,Sugar_tr
BGC0002087	M1631	571	7.86	7.86	Aldedh,NAD_binding_2;NAD_binding_11
BGC0002087	MG1484_M0032_M2806_M2894	31	-93.284	-83.741	AS-GATase_7_c24;AS-Asn_synthase_c0,AS-PKS_AT_c24,KR_c28
BGC0002087	MG1980_M1827_M1969_M1973_M1974_M1976_M1977	193	-44.001	-43.219	KR_c28,Peptidase_M20
BGC0002088	M0437	179	8.37	13.41	AS-DegT_DnrJ_EryC1_c15,Epimerase_c16,NTP_transferase
BGC0002088	M0560	43	7.733	7.733	AS-MGT_c0,GDP_Man_Dehyd
BGC0002088	M0652	59	9.275	9.275	AS-DegT_DnrJ_EryC1_c15,Epimerase_c16
BGC0002088	M0680	56	10.538	28.201	AS-PhyH_c3;AS-PhyH_c17,Methyltransf_13;Methyltransf_23;Methyltransf_14,Methyltransf_21,NTP_transferase
BGC0002088	M0848	88	9.632	21.037	AS-Glycos_transf_2_c49,Methyltransf_21,Methyltransf_23,NTP_transferase
BGC0002088	M1090	59	10.581	10.581	AS-DegT_DnrJ_EryC1_c15,GDP_Man_Dehyd
BGC0002088	M1091	81	15.217	22.404	AS-DegT_DnrJ_EryC1_c15,AS-dTDP_sugar_isom_c2,Epimerase_c16,Hexose_dehydrat
BGC0002088	M1182	117	7.646	14.024	AS-dTDP_sugar_isom_c2,GDP_Man_Dehyd,NTP_transferase
BGC0002088	MG1423_M1723_M1852	74	-6.585	-0.511	Epimerase_c47,Hexose_dehydrat
BGC0002088	MG1484_M0032_M2806_M2894	31	-93.284	-86.19	AS-ksIII_c2,Aldo_ket_red,Methyltransf_23
BGC0002088	MG1488_M0840_M1121	326	18.423	23.636	AS-MGT_c0,AS-dTDP_sugar_isom_c2,GDP_Man_Dehyd,Hexose_dehydrat
BGC0002088	MG1489_M1416_M1417	369	29.466	54.889	AS-DegT_DnrJ_EryC1_c15,AS-MGT_c0,AS-dTDP_sugar_isom_c2,AS-ksIII_c2,Epimerase_c16,Epimerase_c47,GDP_Man_Dehyd,Hexose_dehydrat,Methyltransf_13;Methyltransf_23;Methyltransf_14,NTP_transferase
BGC0002088	MG450_M0751_M2593_M2610	813	7.728	13.019	AS-MGT_c0,GDP_Man_Dehyd,NTP_transferase
BGC0002088	MG475_M1088_M1089	204	4.345	4.345	AS-DegT_DnrJ_EryC1_c15,GDP_Man_Dehyd
BGC0002090	M0648	102	3.842	32.218	AS-PP-binding_c30,AS-PPDK_N_c8;PEP-utilizers,AS-fabH_c2,AS-t2clf_c44,Thioesterase_c18
BGC0002095	MG1278_M1350_M2101	263	8.45	27.321	AS-AMP-binding_c38,GHMP_kinases_N,Lyase_1,PALP;AS-ATP-grasp_3_c23;LAL_C2
BGC0002096	M0204	88	10.236	10.236	AS-AMP-binding_c21,AS-PP-binding_c7
BGC0002096	M1212	73	10.355	10.355	AS-AMP-binding_c21,AS-PP-binding_c38
BGC0002096	MG1336_M0511_M0964	411	6.665	8.531	AS-AMP-binding_c21,Thioesterase_c35
BGC0002097	M0333	41	6.56	9.841	E1_dh,Transket_pyr;Transketolase_C
BGC0002097	M0560	43	7.733	7.733	AS-MGT_c0,GDP_Man_Dehyd
BGC0002097	M1182	117	7.646	14.024	AS-dTDP_sugar_isom_c2,GDP_Man_Dehyd,NTP_transferase
BGC0002097	M1363	144	6.703	46.974	AS-ectoine_synt_c5,Glycos_transf_3,IGPS,PRAI,Transglut_core,Trp_syntA
BGC0002097	M1424	241	2.632	12.628	AS-ectoine_synt_c5,Transglut_core
BGC0002097	MG1410_M0344_M0429_M2012_M2015	1046	-3.047	8.703	E1_dh,Transket_pyr;Transketolase_C
BGC0002097	MG1412_M0921_M2016_M2017	621	3.807	11.038	E1_dh,Transket_pyr;Transketolase_C
BGC0002097	MG1423_M1723_M1852	74	-6.585	-0.626	GFO_IDH_MocA_c3,Hexose_dehydrat
BGC0002097	MG1484_M0032_M2806_M2894	31	-93.284	-59.598	ABM_c1,AS-PP-binding_c28,Cyclase,NAD_binding_10,OsmC,SnoaL_4
BGC0002097	MG1488_M0840_M1121	326	18.423	23.636	AS-MGT_c0,AS-dTDP_sugar_isom_c2,GDP_Man_Dehyd,Hexose_dehydrat
BGC0002097	MG1524_M0073_M0590	631	3.673	12.961	AS-t2clf_c28,AS-t2clf_c39
BGC0002097	MG450_M0751_M2593_M2610	813	7.728	13.019	AS-MGT_c0,GDP_Man_Dehyd,NTP_transferase
BGC0002098	M0335	140	7.81	7.81	Bac_luciferase,RibD_C
BGC0002098	M0756	228	7.533	7.533	Aminotran_1_2,UDPG_MGDP_dh_N;UDPG_MGDP_dh;UDPG_MGDP_dh_C
BGC0002098	M1098	188	13.076	19.715	AS-PKS_AT_c24,Amino_oxidase_c40,Thioesterase_c3
BGC0002098	MG1484_M0032_M2806_M2894	31	-93.284	-92.165	AS-PKS_AT_c24,Bac_luciferase
BGC0002100	M0264	55	8.63	16.054	DSBA,GATase_c25,PALP
BGC0002100	M0423	66	8.602	8.602	AS-AMP-binding_c21,Flavin_Reduct
BGC0002100	M0474	242	8.202	8.202	Aminotran_1_2,OCD_Mu_crystall
BGC0002100	M1470	110	13.878	71.464	AS-PP-binding_c29,AS-Trp_halogenase_c1,AS-ladderane_c13,AS-t2clf_c2,Anth_synt_I_N;Chorismate_bind_c14,DAHP_synth_2_c1,GATase_c25,Glycos_trans_3N;Glycos_transf_3,IGPS
BGC0002100	M1471	280	14.285	22.88	GATase_c25,Glycos_trans_3N;Glycos_transf_3,IGPS
BGC0002100	M1854	31	-4.028	9.914	Radical_SAM_c4,VitK2_biosynth
BGC0002100	MG1174_M0816_M0940	339	5.01	9.377	AS-AMP-binding_c21,OCD_Mu_crystall,PALP
BGC0002100	MG1176_M0837_M0950_M0951_M0997_M1000_M1001	2290	8.092	13.355	OCD_Mu_crystall,PALP,TauD_c5;TauD_c9
BGC0002100	MG1357_M1293_M1551_M1552	336	-9.109	-6.021	AS-ladderane_c13,Flavin_Reduct
BGC0002100	MG1423_M1723_M1852	74	-6.585	7.225	Radical_SAM_c4,VitK2_biosynth
BGC0002101	M1098	188	13.076	13.076	AS-PKS_AT_c24,Thioesterase_c3
BGC0002104	M1090	59	10.581	10.581	AS-DegT_DnrJ_EryC1_c15,GDP_Man_Dehyd
BGC0002104	MG475_M1088_M1089	204	4.345	20.31	AS-DegT_DnrJ_EryC1_c15,GDP_Man_Dehyd,UDPGT_c29
BGC0002104	MG476_M0463_M1027	192	9.949	19.105	AS-DegT_DnrJ_EryC1_c15,Thioesterase_c35,UDPGT_c29
BGC0002106	M1090	59	10.581	10.581	AS-DegT_DnrJ_EryC1_c15,GDP_Man_Dehyd
BGC0002106	MG475_M1088_M1089	204	4.345	26.524	AS-DegT_DnrJ_EryC1_c15,AS-p450_c48,GDP_Man_Dehyd,UDPGT_c29
BGC0002106	MG476_M0463_M1027	192	9.949	19.105	AS-DegT_DnrJ_EryC1_c15,Thioesterase_c35,UDPGT_c29
BGC0002107	M0002	33	25.542	66.926	AS-AMP-binding_c21;AS-PP-binding_c31,AS-Condensation_c13;AS-PP-binding_c18,AS-Condensation_c45;AS-AMP-binding_c5;AS-PP-binding_c11;AS-PF00881_c3;AMP-binding_C_c22,AS-FbnL_c1,AS-FbnM_c0,AS-hyb_KS_c29;AS-PKS_AT_c24;KR_c15;AS-PP-binding_c23
BGC0002108	M1538	296	-2.272	23.11	AS-PP-binding_c29,AS-ladderane_c25,FabA_c17
BGC0002108	MG1126_M1540_M1548	90	40.129	60.714	AS-PKS_AT_c36,AS-PP-binding_c29,AS-ladderane_c23,AS-ladderane_c25,AS-t2fas_c13,AS-t2fas_c2,DSBA,FabA_c17,FabA_c2,KR_c13
BGC0002108	MG1127_M1539_M1553_M1584	345	12.868	58.994	AS-PP-binding_c29,AS-ladderane_c23,AS-ladderane_c25,AS-t2fas_c13,AS-t2fas_c2,DSBA,FabA_c17,FabA_c2,KR_c13
BGC0002109	M1538	296	-2.272	31.968	AS-PP-binding_c29,AS-ladderane_c25,AS-t2clf_c12,FabA_c17
BGC0002109	MG1126_M1540_M1548	90	40.129	56.232	AS-PP-binding_c29,AS-ladderane_c23,AS-ladderane_c25,AS-t2clf_c12,AS-t2fas_c2,DSBA,FabA_c17,FabA_c2,KR_c13
BGC0002109	MG1127_M1539_M1553_M1584	345	12.868	70.465	AS-APH_c44,AS-PP-binding_c29,AS-ladderane_c23,AS-ladderane_c25,AS-t2clf_c12,AS-t2fas_c2,DSBA,FabA_c17,FabA_c2,KR_c13,polyprenyl_synt_c22
BGC0002114	MG1176_M0837_M0950_M0951_M0997_M1000_M1001	2290	8.092	8.092	OCD_Mu_crystall,PALP
BGC0002117	M1049	204	19.569	19.569	AS-Orn_monoox_c0,AS-TBH_Asp_c0,Acetyltransf_8
BGC0002117	M1194	180	0.416	6.915	AS-TBH_Asp_c0,Acetyltransf_8
BGC0002117	M1201	124	-2.166	10.906	AS-Orn_monoox_c0,Acetyltransf_8
BGC0002117	M2291	114	0.659	12.915	AS-Orn_monoox_c0,AS-TBH_Asp_c0
BGC0002117	MG545_M2523_M2524_M2544_M2563_M2565_M2566	728	-2.771	-2.771	Acetyltransf_8,FAD_binding_9;SIP
BGC0002117	MG589_M2306_M2393	718	-4.028	-2.46	AS-Orn_monoox_c0,Abhydrolase_3
BGC0002117	MG595_M1462_M1463	95	10.086	27.875	ACPS_c4,AS-Orn_monoox_c0,AS-TBH_Asp_c0,Thioesterase_c39
BGC0002122	M0223	102	7.855	7.855	AS-MannoseP_isomer_c2,CMD
BGC0002124	M0216	58	10.947	19.264	AS-p450_c29,SnoaL_2_c4,Thioesterase_c3
BGC0002124	M0768	124	8.466	8.466	Metallophos,Thioesterase_c3
BGC0002124	MG1314_M1251_M1842	399	11.441	11.441	3HCDH_N;3HCDH,AS-PP-binding_c23
BGC0002124	MG1318_M0707_M1134_M1253_M1254_M2037	648	2.128	25.797	3HCDH_N;3HCDH,AS-Methyltransf_3_c0,AS-PP-binding_c23,HAD_2_c20
BGC0002128	M2058	342	1.093	26.7	4HBT_c41,AMP-binding_C_2,FAD_binding_6;NAD_binding_1;Fer2,PaaA_PaaC
BGC0002129	M0560	43	7.733	7.733	AS-MGT_c0,GDP_Man_Dehyd
BGC0002129	M0680	56	10.538	10.538	Methyltransf_13;Methyltransf_23;Methyltransf_14,NTP_transferase
BGC0002129	MG1357_M1293_M1551_M1552	336	-9.109	-8.279	AS-PP-binding_c16,AS-adh_short_C2
BGC0002129	MG1484_M0032_M2806_M2894	31	-93.284	-75.651	ABM_c1,Aldo_ket_red,Cyclase,SnoaL_4
BGC0002129	MG1524_M0073_M0590	631	3.673	12.961	AS-t2clf_c28,AS-t2clf_c39
BGC0002129	MG276_M2671_M2745_M2836	43	-20.984	-16.29	AS-AMP-binding_c20,AS-MGT_c0
BGC0002129	MG450_M0751_M2593_M2610	813	7.728	13.019	AS-MGT_c0,GDP_Man_Dehyd,NTP_transferase
BGC0002130	M0098	170	7.497	15.641	AS-Flavoprotein_c8,Bac_luciferase,Methyltransf_2
BGC0002130	M0152	196	7.036	7.036	Bac_luciferase,Polyketide_cyc2
BGC0002131	MG1423_M1723_M1852	74	-6.585	1.198	AS-MGT_c4,AS-MGT_c4;AS-MGT_c11
BGC0002137	M0140	162	6.564	6.564	AS-ksIII_c2,Polyketide_cyc2
BGC0002137	MG1484_M0032_M2806_M2894	31	-93.284	-69.735	AS-ksIII_c2,Cyclase,KR_c28,KR_c29,SnoaL_4
BGC0002140	M0296	192	6.02	6.02	FMN_red,Sugar_tr
BGC0002140	M0560	43	7.733	7.733	AS-MGT_c0,GDP_Man_Dehyd
BGC0002140	M0932	359	6.485	6.485	Carboxyl_trans,Sugar_tr
BGC0002140	M1182	117	7.646	14.024	AS-dTDP_sugar_isom_c2,GDP_Man_Dehyd,NTP_transferase
BGC0002140	M1854	31	-4.028	2.646	AS-DegT_DnrJ_EryC1_c47,Epimerase_c47
BGC0002140	MG1423_M1723_M1852	74	-6.585	9.18	AS-DegT_DnrJ_EryC1_c47,Epimerase_c47,Hexose_dehydrat
BGC0002140	MG1488_M0840_M1121	326	18.423	23.636	AS-MGT_c0,AS-dTDP_sugar_isom_c2,GDP_Man_Dehyd,Hexose_dehydrat
BGC0002140	MG1489_M1416_M1417	369	29.466	50.494	AS-DegT_DnrJ_EryC1_c47,AS-MGT_c0,AS-dTDP_sugar_isom_c2,Epimerase_c47,GDP_Man_Dehyd,GFO_IDH_MocA_c21,Hexose_dehydrat,NTP_transferase
BGC0002140	MG1490_M0790_M1414	198	24.625	56.174	AS-DegT_DnrJ_EryC1_c47,AS-MGT_c0,AS-dTDP_sugar_isom_c2,AS-t2clf_c28,AS-t2clf_c39,Epimerase_c47,GFO_IDH_MocA_c21,Hexose_dehydrat
BGC0002140	MG1523_M1029_M1031	539	14.904	27.643	AS-t2clf_c28,AS-t2clf_c39,Cyclase_polyket,FAD_binding_3_c18,Polyketide_cyc2
BGC0002140	MG1524_M0073_M0590	631	3.673	12.961	AS-t2clf_c28,AS-t2clf_c39
BGC0002140	MG450_M0751_M2593_M2610	813	7.728	20.301	AS-MGT_c0,AS-RmlD_sub_bind_c29,GDP_Man_Dehyd,NTP_transferase
BGC0002141	M0140	162	6.564	12.508	AS-ksIII_c2,Lactamase_B,Polyketide_cyc2
BGC0002141	M0333	41	6.56	13.953	E1_dh,Flavin_Reduct,Transket_pyr;Transketolase_C
BGC0002141	M0421	147	9.974	9.974	AS-AMP-binding_c21,CoA_transf_3
BGC0002141	M0423	66	8.602	8.602	AS-AMP-binding_c21,Flavin_Reduct
BGC0002141	M0450	148	9.458	9.458	Acyl_transf_3,Flavin_Reduct
BGC0002141	M0496	269	3.814	17.296	AS-Acyl-CoA_dh_N_c7;Acyl-CoA_dh_2,Flavin_Reduct,SnoaL_4
BGC0002141	M0560	43	7.733	7.733	AS-MGT_c0,GDP_Man_Dehyd
BGC0002141	M0680	56	10.538	10.538	Methyltransf_13;Methyltransf_23;Methyltransf_14,NTP_transferase
BGC0002141	M0802	135	9.458	18.786	ADH_N_2;AS-ADH_zinc_N_c3,CoA_transf_3,SnoaL_4
BGC0002141	M0876	84	15.104	37.903	ADH_N_2;AS-ADH_zinc_N_c3,AS-HMGL-like_c6;LeuA_dimer,AS-ksIII_c2,AS-t2clf_c28,AS-t2clf_c39,EHN
BGC0002141	M1182	117	7.646	14.024	AS-dTDP_sugar_isom_c2,GDP_Man_Dehyd,NTP_transferase
BGC0002141	MG1410_M0344_M0429_M2012_M2015	1046	-3.047	8.703	E1_dh,Transket_pyr;Transketolase_C
BGC0002141	MG1412_M0921_M2016_M2017	621	3.807	13.76	AS-AMP-binding_c21,E1_dh,Transket_pyr;Transketolase_C
BGC0002141	MG1423_M1723_M1852	74	-6.585	-0.511	Epimerase_c47,Hexose_dehydrat
BGC0002141	MG1484_M0032_M2806_M2894	31	-93.284	-53.22	AS-ksIII_c2,AS-p450_c29,CoA_transf_3,EHN,Fer2,KR_c29,SnoaL_4
BGC0002141	MG1488_M0840_M1121	326	18.423	23.636	AS-MGT_c0,AS-dTDP_sugar_isom_c2,GDP_Man_Dehyd,Hexose_dehydrat
BGC0002141	MG1489_M1416_M1417	369	29.466	53.445	AS-MGT_c0,AS-dTDP_sugar_isom_c2,AS-ksIII_c2,Epimerase_c47,GDP_Man_Dehyd,GFO_IDH_MocA_c21,Hexose_dehydrat,Methyltransf_13;Methyltransf_23;Methyltransf_14,NTP_transferase
BGC0002141	MG1514_M0874_M0875	49	27.09	74.934	ADH_N_2;AS-ADH_zinc_N_c3,AS-HMGL-like_c6;LeuA_dimer,AS-ksIII_c2,AS-t2clf_c28,AS-t2clf_c39,CoA_transf_3,EHN,Fer2,Flavin_Reduct,KR_c29,Polyketide_cyc2,Pyr_redox_2_c0;Reductase_C,SnoaL_4
BGC0002141	MG1524_M0073_M0590	631	3.673	12.961	AS-t2clf_c28,AS-t2clf_c39
BGC0002141	MG450_M0751_M2593_M2610	813	7.728	13.019	AS-MGT_c0,GDP_Man_Dehyd,NTP_transferase
BGC0002141	MG919_M0236_M0985	172	3.98	3.98	CoA_transf_3,Polyketide_cyc2
BGC0002142	M1003	294	10.288	10.288	3HCDH_N;3HCDH,AS-fabH_c2
BGC0002142	M1193	49	7.159	7.159	3HCDH_N;3HCDH,AS-DegT_DnrJ_EryC1_c15
BGC0002142	MG1423_M1723_M1852	74	-6.585	0.742	AS-MGT_c4,FdtA
BGC0002143	M0140	162	6.564	6.724	Lactamase_B,Polyketide_cyc2
BGC0002143	M0152	196	7.036	7.036	Bac_luciferase,Polyketide_cyc2
BGC0002143	M0296	192	6.02	6.02	FMN_red,Sugar_tr
BGC0002143	M0514	217	7.062	7.062	KR_c12,Sugar_tr
BGC0002143	M0867	66	9.696	9.696	Acyl_transf_3,Lipase_GDSL
BGC0002143	MG1357_M1293_M1551_M1552	336	-9.109	-2.928	AS-Aminotran_3_c44,Bac_luciferase,Sugar_tr
BGC0002143	MG1423_M1723_M1852	74	-6.585	0.404	AS-DegT_DnrJ_EryC1_c47,Hexose_dehydrat
BGC0002143	MG1484_M0032_M2806_M2894	31	-93.284	-70.825	AS-PP-binding_c28,AS-t2ks_c40,Bac_luciferase,FMN_red,SnoaL_4
BGC0002143	MG1850_M0505_M0626	1246	4.101	7.582	Bac_luciferase,FMN_red,Sugar_tr
BGC0002147	M0333	41	6.56	9.841	E1_dh,Transket_pyr;Transketolase_C
BGC0002147	MG1410_M0344_M0429_M2012_M2015	1046	-3.047	18.786	Biotin_lipoyl;E3_binding;2-oxoacid_dh,E1_dh,Transket_pyr;Transketolase_C
BGC0002147	MG1412_M0921_M2016_M2017	621	3.807	11.038	E1_dh,Transket_pyr;Transketolase_C
BGC0002147	MG1484_M0032_M2806_M2894	31	-93.284	-92.548	Biotin_lipoyl;E3_binding;2-oxoacid_dh,KR_c28
BGC0002148	M0267	159	6.713	6.713	Aminotran_1_2,FA_desaturase
BGC0002148	M0427	83	4.946	4.946	AS-Polysacc_synt_c7,Aminotran_1_2
BGC0002148	M0431	90	5.045	5.045	AS-Polysacc_synt_c7,Lactamase_B
BGC0002148	M1321	209	9.541	9.541	Aminotran_1_2,TauD_c9
BGC0002148	MG403_M1476_M1496_M2005	63	-41.918	-24.911	Aminotran_1_2,TauD_c9
BGC0002167	MG1484_M0032_M2806_M2894	31	-93.284	-84.448	ADH_N_2;AS-ADH_zinc_N_c10,AS-p450_c26,AS-p450_c29
BGC0002169	M0782	991	5.902	5.902	Aldedh,Sugar_tr
BGC0002198	M0123	133	3.209	3.209	Amidase,Sugar_tr
BGC0002198	MG1850_M0505_M0626	1246	4.101	4.101	Bac_luciferase,Sugar_tr
BGC0002204	M0247	460	6.231	6.231	AS-Abhydrolase_6,Sugar_tr
BGC0002205	M0247	460	6.231	6.231	AS-Abhydrolase_6,Sugar_tr
BGC0002213	MG276_M2671_M2745_M2836	43	-20.984	-13.917	AS-p450_c27,AS-p450_c35
BGC0002225	M0470	98	5.362	5.362	AS-PF00561,AS-p450_c16
BGC0002235	M0247	460	6.231	6.231	AS-Abhydrolase_6,Sugar_tr
BGC0002244	M0072	87	7.52	7.52	Aldo_ket_red,Lactamase_B
BGC0002244	M0572	195	7.07	7.07	Aldo_ket_red,KR_c28
BGC0002244	MG1484_M0032_M2806_M2894	31	-93.284	-90.116	Aldo_ket_red,KR_c28,NAD_binding_10
BGC0002244	MG1980_M1827_M1969_M1973_M1974_M1976_M1977	193	-44.001	-32.645	Aldo_ket_red,KR_c25,KR_c28,Lactamase_B
BGC0002246	MG1980_M1827_M1969_M1973_M1974_M1976_M1977	193	-44.001	-42.875	KR_c25,KR_c28
BGC0002253	M0295	198	5.836	5.836	AS-MannoseP_isomer_c2,Methyltransf_2
BGC0002261	M0782	991	5.902	5.902	Aldedh,Sugar_tr
BGC0002282	M0181	90	8.74	8.74	2-Hacid_dh_C,DAO
BGC0002282	M0689	391	6.955	6.955	Amidohydro_1,DAO
BGC0002282	MG1397_M1657_M1658_M1659_M2313	151	-3.723	2.191	AS-MannoseP_isomer_c2;AS-MetRS-like_c0,DAO
BGC0002282	MG1484_M0032_M2806_M2894	31	-93.284	-82.715	Bac_luciferase,FMN_red,PfkB,Rieske
BGC0002284	M1229	126	-1.572	12.208	HpcH_HpaI_c1,MaoC_dehydratas
BGC0002284	M2301	903	7.681	7.681	Biotin_carb_N;CPSase_L_D2;Biotin_carb_C;Biotin_lipoyl,Carboxyl_trans
BGC0002284	MG534_M1402_M2238_M2261_M2265	1355	2.86	2.86	Biotin_carb_N;CPSase_L_D2;Biotin_carb_C;Biotin_lipoyl,Carboxyl_trans
BGC0002284	MG535_M1110_M1238_M2262_M2266	950	4.177	4.177	Biotin_carb_N;CPSase_L_D2;Biotin_carb_C;Biotin_lipoyl,Carboxyl_trans
BGC0002284	MG977_M0961_M1112	86	6.803	36.939	AS-Acyl-CoA_dh_N_c32;AS-Acyl-CoA_dh_M_c9;AS-Acyl-CoA_dh_1_c44,Biotin_carb_N;CPSase_L_D2;Biotin_carb_C;Biotin_lipoyl,Carboxyl_trans,CoA_trans,HpcH_HpaI_c1,MaoC_dehydratas
BGC0002288	MG830_M1441_M1444_M1450_M1451_M1455	446	3.872	3.872	Chorismate_bind_c1;GATase_c1,DAHP_synth_2_c8;DAHP_synth_2_c2
BGC0002289	M0954	1108	-1.999	11.897	AS-PF13471_c2,AS-Stand_Alone_Lasso_RRE_c0
BGC0002291	M0560	43	7.733	7.733	AS-MGT_c0,GDP_Man_Dehyd
BGC0002291	M1182	117	7.646	14.024	AS-dTDP_sugar_isom_c2,GDP_Man_Dehyd,NTP_transferase
BGC0002291	MG1488_M0840_M1121	326	18.423	23.636	AS-MGT_c0,AS-dTDP_sugar_isom_c2,GDP_Man_Dehyd,Hexose_dehydrat
BGC0002291	MG1489_M1416_M1417	369	29.466	29.931	AS-MGT_c0,AS-dTDP_sugar_isom_c2,Epimerase_c16,GDP_Man_Dehyd,Hexose_dehydrat,NTP_transferase
BGC0002291	MG450_M0751_M2593_M2610	813	7.728	13.019	AS-MGT_c0,GDP_Man_Dehyd,NTP_transferase
BGC0002293	M0530	86	9.718	9.718	Methyltransf_2,Trp_dioxygenase
BGC0002294	M0165	154	7.044	7.044	Peptidase_M20,Sugar_tr
BGC0002296	M1885	174	19.601	19.601	AS-Chal_sti_synt_N_c36;HMG_CoA_synt_C,AS-t2pks2_c2,ECH_1_c18
BGC0002296	MG1357_M1293_M1551_M1552	336	-9.109	-7.412	AS-PP-binding_c16,FA_desaturase
BGC0002298	M0954	1108	-1.999	11.076	AS-Asn_synthase_c14,AS-PF13471_c2
BGC0002302	M0678	47	6.467	6.467	AS-Bac_transf_c4,GDP_Man_Dehyd
BGC0002302	MG441_M2594_M2609	152	6.558	12.786	AS-dTDP_sugar_isom_c4,GDP_Man_Dehyd,NTP_transferase,Sulfatase
BGC0002302	MG450_M0751_M2593_M2610	813	7.728	14.962	AS-dTDP_sugar_isom_c4,GDP_Man_Dehyd,NTP_transferase
BGC0002303	M0098	170	7.497	15.641	AS-Flavoprotein_c8,Bac_luciferase,Methyltransf_2
BGC0002305	MG545_M2523_M2524_M2544_M2563_M2565_M2566	728	-2.771	22.459	AS-IucA_IucC_c3,Acetyltransf_8,FAD_binding_9;SIP,Lys_Orn_oxgnase_c8,Pyridoxal_deC
BGC0002305	MG547_M1280_M2554_M2621	1285	-3.467	22.264	AS-IucA_IucC_c3,Acetyltransf_8,Lys_Orn_oxgnase_c8,Pyridoxal_deC
BGC0002307	M0954	1108	-1.999	11.897	AS-PF13471_c2,AS-Stand_Alone_Lasso_RRE_c0
BGC0002308	M0282	105	8.964	8.964	AS-adh_short_C2,AS-fabH_c2
BGC0002308	M0987	305	7.531	7.531	Aldedh,Flavin_Reduct
BGC0002308	MG1357_M1293_M1551_M1552	336	-9.109	-3.009	AS-adh_short_C2,AS-fabH_c2,Aldedh,Flavin_Reduct
BGC0002308	MG1375_M0731_M0733	74	9.795	18.303	AS-Acyl-CoA_dh_N_c46;Acyl-CoA_dh_2,Amino_oxidase_c2,Flavin_Reduct,SnoaL_2_c0
BGC0002308	MG1774_M0385_M0855	653	3.388	3.388	AS-adh_short_C2,Aldedh
BGC0002314	M0470	98	5.362	5.362	AS-PF00561,AS-p450_c16
BGC0002314	M2116	130	11.27	16.381	FMN_dh,PDH_N;PDH_C,PG_binding_1
BGC0002315	M0176	123	6.674	6.674	AS-MannoseP_isomer_c2,Polyketide_cyc2
BGC0002315	M0295	198	5.836	5.836	AS-MannoseP_isomer_c2,Methyltransf_2
BGC0002315	M2505	231	8.949	11.125	ABM_c6,AS-MannoseP_isomer_c2,AS-t2ks_c40,Cyclase_polyket
BGC0002315	MG1524_M0073_M0590	631	3.673	10.489	ABM_c0,AS-t2clf_c28
BGC0002318	M0954	1108	-1.999	21.283	AS-Asn_synthase_c14,AS-PF13471_c2,AS-Stand_Alone_Lasso_RRE_c0
BGC0002324	M1647	463	2.65	23.013	AS-EntA_c1,AS-EntC_c1,Isochorismatase_c21;AS-PP-binding_c40
BGC0002324	MG777_M1635_M1641_M1642_M1646_M1648	171	-1.959	5.362	AS-AMP-binding_c48,AS-EntA_c1,AS-EntC_c1,Isochorismatase_c21;AS-PP-binding_c40
BGC0002324	MG779_M1630_M1637_M1676	190	-2.735	16.368	AS-EntA_c1,AS-EntC_c1,Isochorismatase_c21;AS-PP-binding_c40
BGC0002324	MG781_M2561_M2736	532	6.041	27.451	AS-AMP-binding_c48,AS-EntA_c1,AS-EntC_c1,Isochorismatase_c21;AS-PP-binding_c40
BGC0002327	M0056	42	9.919	10.567	AS-Orn_Arg_deC_N_c4;AS-Orn_DAP_Arg_deC_c11,AS-PP-binding_c30
BGC0002327	M0670	53	7.157	58.034	ACP_syn_III_c17;ACP_syn_III_C_c26,AS-AMP-binding_c32,AS-Chal_sti_synt_N_c13;ACP_syn_III_C_c4,AS-Orn_Arg_deC_N_c4;AS-Orn_DAP_Arg_deC_c11,Citrate_synt,FAD_binding_4;FAD-oxidase_C,TauD_c5;TauD_c18
BGC0002327	MG1243_M0456_M0500	95	-4.011	51.183	AS-AMP-binding_c32,AS-Orn_Arg_deC_N_c4;AS-Orn_DAP_Arg_deC_c11,AS-PP-binding_c30,Citrate_synt,FAD_binding_4;FAD-oxidase_C,FA_desaturase,Methyltransf_11_c49,TauD_c5;TauD_c18
BGC0002329	MG894_M2064_M2772_M2793	71	-12.631	10.909	AS-GrbD_c0,AS-GrbE_c0,TauD_c5;TauD_c9
BGC0002333	M1090	59	10.581	10.581	AS-DegT_DnrJ_EryC1_c15,GDP_Man_Dehyd
BGC0002333	MG475_M1088_M1089	204	4.345	20.31	AS-DegT_DnrJ_EryC1_c15,GDP_Man_Dehyd,UDPGT_c29
BGC0002336	M0056	42	9.919	10.567	AS-Orn_Arg_deC_N_c4;AS-Orn_DAP_Arg_deC_c11,AS-PP-binding_c30
BGC0002336	M0670	53	7.157	69.684	ACP_syn_III_c17;ACP_syn_III_C_c26,ADH_N_assoc;AS-ADH_N_c31;AS-ADH_zinc_N_c2,AS-AMP-binding_c32,AS-Chal_sti_synt_N_c13;ACP_syn_III_C_c4,AS-Orn_Arg_deC_N_c4;AS-Orn_DAP_Arg_deC_c11,Citrate_synt,FAD_binding_4;FAD-oxidase_C,TauD_c5;TauD_c18
BGC0002336	MG1243_M0456_M0500	95	-4.011	51.183	AS-AMP-binding_c32,AS-Orn_Arg_deC_N_c4;AS-Orn_DAP_Arg_deC_c11,AS-PP-binding_c30,Citrate_synt,FAD_binding_4;FAD-oxidase_C,FA_desaturase,Methyltransf_11_c49,TauD_c5;TauD_c18
BGC0002339	MG1980_M1827_M1969_M1973_M1974_M1976_M1977	193	-44.001	-41.553	AS-PF00561,AS-p450_c7,NUDIX
BGC0002340	M0079	25	40.897	59.726	AS-Acyl-CoA_dh_N_c15;AS-Acyl-CoA_dh_M_c34;AS-Acyl-CoA_dh_1_c32,AS-Condensation_c22,AS-Flavoprotein_c1,AS-MannoseP_isomer_c2,DAO,MTS,Pyr_redox_2_c19,Thioesterase_c19,Thioesterase_c37
BGC0002340	M1322	377	7.581	7.581	AS-MannoseP_isomer_c2,DAO
BGC0002343	M2416	72	8.647	8.647	AS-Lant_dehydr_N_c4,Methyltransf_19
BGC0002344	M2114	79	13.672	13.672	AS-Trp_halogenase_c8,PDH_N;PDH_C
BGC0002344	M2116	130	11.27	19.54	AS-Trp_halogenase_c8,FMN_dh,PDH_N;PDH_C
BGC0002344	MG389_M1921_M1922	411	5.228	21.923	AS-Trp_halogenase_c8,Aminotran_1_2,FMN_dh,PDH_N;PDH_C
BGC0002349	M0437	179	8.37	8.37	AS-DegT_DnrJ_EryC1_c15,NTP_transferase
BGC0002349	M0560	43	7.733	7.733	AS-MGT_c0,GDP_Man_Dehyd
BGC0002349	M0680	56	10.538	10.538	Methyltransf_13;Methyltransf_23;Methyltransf_14,NTP_transferase
BGC0002349	M1003	294	10.288	10.288	3HCDH_N;3HCDH,AS-fabH_c2
BGC0002349	M1090	59	10.581	10.581	AS-DegT_DnrJ_EryC1_c15,GDP_Man_Dehyd
BGC0002349	M1091	81	15.217	15.217	AS-DegT_DnrJ_EryC1_c15,AS-dTDP_sugar_isom_c2,Hexose_dehydrat
BGC0002349	M1182	117	7.646	14.024	AS-dTDP_sugar_isom_c2,GDP_Man_Dehyd,NTP_transferase
BGC0002349	M1193	49	7.159	7.159	3HCDH_N;3HCDH,AS-DegT_DnrJ_EryC1_c15
BGC0002349	MG1423_M1723_M1852	74	-6.585	15.805	AS-MGT_c4,AS-MGT_c4;AS-MGT_c11,Glyco_hydro_20b;Glyco_hydro_20,Hexose_dehydrat
BGC0002349	MG1488_M0840_M1121	326	18.423	30.09	AS-MGT_c0,AS-MGT_c4,AS-dTDP_sugar_isom_c2,GDP_Man_Dehyd,Hexose_dehydrat
BGC0002349	MG1489_M1416_M1417	369	29.466	35.161	AS-DegT_DnrJ_EryC1_c15,AS-MGT_c0,AS-dTDP_sugar_isom_c2,GDP_Man_Dehyd,Hexose_dehydrat,Methyltransf_13;Methyltransf_23;Methyltransf_14,NTP_transferase
BGC0002349	MG450_M0751_M2593_M2610	813	7.728	13.019	AS-MGT_c0,GDP_Man_Dehyd,NTP_transferase
BGC0002349	MG475_M1088_M1089	204	4.345	4.345	AS-DegT_DnrJ_EryC1_c15,GDP_Man_Dehyd
BGC0002350	M0252	68	6.733	6.733	AS-MannoseP_isomer_c2,AS-PF00561
BGC0002350	MG403_M1476_M1496_M2005	63	-41.918	-15.431	AS-Carbam_trans_N_c0,TauD_c9
BGC0002352	M2253	209	-8.015	12.732	AS-mod_KS_c17,Thioesterase_c12
BGC0002352	MG810_M2211_M2212_M2218_M2219_M2220_M2222_M2224_M2225_M2226_M2252	234	-1.728	12.543	AS-Lys_monoox_c0,AS-mod_KS_c17,Thioesterase_c12
BGC0002352	MG811_M2221_M2234	136	14.86	19.888	AS-Lys_monoox_c0,AS-mod_KS_c17,Formyl_trans_N;Formyl_trans_C,Thioesterase_c12
BGC0002354	MG1649_M2840_M2857_M2858	655	0.394	20.351	Fer4_14,GTP_cyclohydroI,QueC
BGC0002357	M1098	188	13.076	19.715	AS-PKS_AT_c24,Amino_oxidase_c40,Thioesterase_c3
BGC0002359	M0165	154	7.044	7.044	Peptidase_M20,Sugar_tr
BGC0002361	M0296	192	6.02	6.02	FMN_red,Sugar_tr
BGC0002361	M0560	43	7.733	7.733	AS-MGT_c0,GDP_Man_Dehyd
BGC0002361	M0932	359	6.485	6.485	Carboxyl_trans,Sugar_tr
BGC0002361	M1182	117	7.646	14.024	AS-dTDP_sugar_isom_c2,GDP_Man_Dehyd,NTP_transferase
BGC0002361	MG1423_M1723_M1852	74	-6.585	0.404	AS-DegT_DnrJ_EryC1_c47,Hexose_dehydrat
BGC0002361	MG1488_M0840_M1121	326	18.423	23.636	AS-MGT_c0,AS-dTDP_sugar_isom_c2,GDP_Man_Dehyd,Hexose_dehydrat
BGC0002361	MG1489_M1416_M1417	369	29.466	42.76	AS-DegT_DnrJ_EryC1_c47,AS-MGT_c0,AS-dTDP_sugar_isom_c2,GDP_Man_Dehyd,GFO_IDH_MocA_c21,Hexose_dehydrat,NTP_transferase
BGC0002361	MG1490_M0790_M1414	198	24.625	47.271	AS-DegT_DnrJ_EryC1_c47,AS-MGT_c0,AS-dTDP_sugar_isom_c2,AS-t2clf_c28,AS-t2clf_c39,GFO_IDH_MocA_c21,Hexose_dehydrat
BGC0002361	MG1523_M1029_M1031	539	14.904	28.083	AS-t2clf_c28,AS-t2clf_c39,Cyclase_polyket,FAD_binding_3_c46,Polyketide_cyc2
BGC0002361	MG1524_M0073_M0590	631	3.673	12.961	AS-t2clf_c28,AS-t2clf_c39
BGC0002361	MG1980_M1827_M1969_M1973_M1974_M1976_M1977	193	-44.001	-43.393	Carboxyl_trans,KR_c28
BGC0002361	MG450_M0751_M2593_M2610	813	7.728	13.019	AS-MGT_c0,GDP_Man_Dehyd,NTP_transferase
BGC0002362	M2551	364	12.831	21.222	FAD_binding_2;Succ_DH_flav_C,Pan_kinase,QRPTase_N;QRPTase_C
BGC0002362	MG1439_M2628_M2704	291	0.288	12.081	IspD,YgbB
BGC0002362	MG630_M2650_M2651_M2690_M2705	168	-10.699	77.392	ACT,AS-CaiA_c2,AS-ubiA,ATPase,ClpB_D2-small,FAD_binding_2;Succ_DH_flav_C,IspD,Methyltransf_11_c37,Pan_kinase,Pep_deformylase,QRPTase_N;QRPTase_C,YgbB,tRNA-synt_2
BGC0002362	MG635_M0758_M1980	109	-0.809	5.634	AS-ubiA,ClpB_D2-small
BGC0002364	M1181	99	14.129	20.61	Aminotran_4,DAHP_synth_2_c8;DAHP_synth_2_c2,GATase_c6;Anth_synt_I_N;Chorismate_bind_c2
BGC0002365	MG149_M2827_M2837_M2838	23	-25.855	-8.353	AS-p450_c26,Amino_oxidase_c18,Amino_oxidase_c27,FA_hydroxylase
BGC0002365	MG151_M2785_M2800_M2805_M2846	355	7.023	28.092	ADH_N_2;AS-ADH_zinc_N_c47,AS-p450_c26,Amino_oxidase_c18,Amino_oxidase_c27,FA_hydroxylase
BGC0002366	MG1484_M0032_M2806_M2894	31	-93.284	-73.868	AS-p450_c29,AS-t2ks_c40,KR_c28,Methyltransf_23,SnoaL_4
BGC0002369	M0496	269	3.814	8.699	Flavin_Reduct,SnoaL_4
BGC0002369	M1030	40	47.27	65.086	AS-PP-binding_c28,AS-Trp_halogenase_c14,AS-t2clf_c28,AS-t2clf_c39,Biotin_carb_N;CPSase_L_D2;Biotin_carb_C;Biotin_lipoyl,Carboxyl_trans,Cyclase_polyket,FAD_binding_3_c46,Flavin_Reduct,Polyketide_cyc2,Putative_PNPOx_c14,SnoaL_4
BGC0002369	M2301	903	7.681	7.681	Biotin_carb_N;CPSase_L_D2;Biotin_carb_C;Biotin_lipoyl,Carboxyl_trans
BGC0002369	MG1484_M0032_M2806_M2894	31	-93.284	-91.585	AS-PP-binding_c28,SnoaL_4
BGC0002369	MG1523_M1029_M1031	539	14.904	40.114	ABM_c0,AS-t2clf_c28,AS-t2clf_c39,Cyclase_polyket,FAD_binding_3_c46,Polyketide_cyc2,SnoaL_4
BGC0002369	MG1524_M0073_M0590	631	3.673	19.777	ABM_c0,AS-t2clf_c28,AS-t2clf_c39
BGC0002369	MG534_M1402_M2238_M2261_M2265	1355	2.86	2.86	Biotin_carb_N;CPSase_L_D2;Biotin_carb_C;Biotin_lipoyl,Carboxyl_trans
BGC0002369	MG535_M1110_M1238_M2262_M2266	950	4.177	4.177	Biotin_carb_N;CPSase_L_D2;Biotin_carb_C;Biotin_lipoyl,Carboxyl_trans
BGC0002370	M0530	86	9.718	9.718	Methyltransf_2,Trp_dioxygenase
BGC0002373	MG1980_M1827_M1969_M1973_M1974_M1976_M1977	193	-44.001	-39.613	F420_oxidored;P5CR_dimer,Peptidase_M20
BGC0002373	MG894_M2064_M2772_M2793	71	-12.631	-11.778	Aconitase,Aconitase_C
BGC0002374	M0560	43	7.733	7.733	AS-MGT_c0,GDP_Man_Dehyd
BGC0002374	M0848	88	9.632	9.632	Methyltransf_23,NTP_transferase
BGC0002374	M1885	174	19.601	37.968	AS-Chal_sti_synt_N_c36;HMG_CoA_synt_C,AS-PKS_AT_c20,AS-t2pks2_c2,Acyl_transf_1_c7,ECH_1_c18
BGC0002374	MG1484_M0032_M2806_M2894	31	-93.284	-89.812	AS-p450_c29,Methyltransf_23,Rieske
BGC0002374	MG1590_M2030_M2031_M2032_M2233_M2504_M2627_M2637_M2755_M2773_M2774	1112	-25.995	-12.316	Rieske,SpoIIE
BGC0002374	MG1983_M1848_M1890	214	8.91	23.348	AS-t2pks2_c2,Acyl_transf_1_c7,ECH_1_c18,ECH_1_c42
BGC0002374	MG450_M0751_M2593_M2610	813	7.728	20.301	AS-MGT_c0,AS-RmlD_sub_bind_c29,GDP_Man_Dehyd,NTP_transferase
BGC0002376	M0454	321	7.756	7.756	AP_endonuc_2,Sugar_tr
BGC0002376	M0674	165	7.524	7.524	AS-PF00561,Metallophos
BGC0002376	M0712	147	10.472	10.472	AS-AMP-binding_c38,AS-Orn_Arg_deC_N_c0;AS-Orn_DAP_Arg_deC_c3
BGC0002376	M0768	124	8.466	22.903	4PPT_N;ACPS_c30,FAD_binding_3_c37,Metallophos,Thioesterase_c3
BGC0002376	M0932	359	6.485	6.485	Carboxyl_trans,Sugar_tr
BGC0002376	M1098	188	13.076	21.468	AS-PKS_AT_c24,AS-Stand_Alone_Lasso_RRE_c4,Thioesterase_c3
BGC0002376	M1198	73	35.408	49.478	AS-AMP-binding_c13,AS-AMP-binding_c38,AS-Orn_Arg_deC_N_c0;AS-Orn_DAP_Arg_deC_c3,AS-PKS_AT_c24,AS-Stand_Alone_Lasso_RRE_c4,B12-binding_c2,Met_asp_mut_E,Thioesterase_c3
BGC0002376	M1199	295	4.574	28.505	AS-Orn_Arg_deC_N_c0;AS-Orn_DAP_Arg_deC_c3,AS-Stand_Alone_Lasso_RRE_c4,B12-binding_c2,Met_asp_mut_E
BGC0002376	M1292	67	9.353	9.353	AS-AMP-binding_c13,AS-Orn_Arg_deC_N_c0;AS-Orn_DAP_Arg_deC_c3
BGC0002376	MG1200_M1237_M2686_M2732	609	2.048	12.859	B12-binding_c2,Met_asp_mut_E
BGC0002376	MG1484_M0032_M2806_M2894	31	-93.284	-88.299	AS-PF00561,AS-PKS_AT_c24,AS-p450_c26
BGC0002376	MG1887_M0366_M0416	424	-1.537	5.269	AS-PF00561,Sugar_tr
BGC0002377	M0056	42	9.919	12.649	AS-PP-binding_c29,AS-PP-binding_c30,Thioesterase_c19
BGC0002377	M1177	121	6.652	20.629	AS-AMP-binding_c38;AS-PP-binding_c9,KR_c26,Thioesterase_c21
BGC0002377	M1538	296	-2.272	31.968	AS-PP-binding_c29,AS-ladderane_c25,AS-t2clf_c12,FabA_c17
BGC0002377	MG1126_M1540_M1548	90	40.129	74.624	AS-PP-binding_c29,AS-PP-binding_c30,AS-ladderane_c23,AS-ladderane_c25,AS-t2clf_c12,AS-t2fas_c13,AS-t2fas_c2,DSBA,FabA_c17,FabA_c2,FabA_c6;FabA_c17
BGC0002377	MG1127_M1539_M1553_M1584	345	12.868	62.319	AS-PP-binding_c29,AS-ladderane_c23,AS-ladderane_c25,AS-t2clf_c12,AS-t2fas_c13,AS-t2fas_c2,DSBA,FabA_c17,FabA_c2
BGC0002377	MG1484_M0032_M2806_M2894	31	-93.284	-87.809	KR_c21,Pyr_redox_2_c11;Reductase_C
BGC0002377	MG149_M2827_M2837_M2838	23	-25.855	-19.881	AS-AMP-binding_c38;AS-PP-binding_c9,Amino_oxidase_c27
BGC0002378	M0109	61	7.519	7.519	AS-Abhydrolase_6,PALP
BGC0002378	M0264	55	8.63	8.63	DSBA,PALP
BGC0002378	M0662	57	37.402	62.262	AS-Condensation_c32;AS-AMP-binding_c38;AS-PP-binding_c43,AS-PP-binding_c29,AS-ladderane_c12,B12-binding_c2,DSBA,FabA_c17,FabA_c6,Met_asp_mut_E,OCD_Mu_crystall,PALP
BGC0002378	M0968	58	2.928	18.582	B12-binding_c2,Met_asp_mut_E,OCD_Mu_crystall,PALP
BGC0002378	M1538	296	-2.272	10.308	AS-PP-binding_c29,FabA_c17
BGC0002378	MG1127_M1539_M1553_M1584	345	12.868	36.546	AS-PP-binding_c29,AS-ladderane_c23,AS-t2fas_c13,AS-t2fas_c2,DSBA,FabA_c17
BGC0002378	MG1176_M0837_M0950_M0951_M0997_M1000_M1001	2290	8.092	8.092	OCD_Mu_crystall,PALP
BGC0002378	MG1200_M1237_M2686_M2732	609	2.048	12.859	B12-binding_c2,Met_asp_mut_E
BGC0002379	M0163	280	6.233	6.233	Flavin_Reduct,Sugar_tr
BGC0002379	M0295	198	5.836	5.836	AS-MannoseP_isomer_c2,Methyltransf_2
BGC0002379	M0358	99	5.933	5.933	KR_c0,Sugar_tr
BGC0002379	M0371	234	6.714	6.714	DJ-1_PfpI,Sugar_tr
BGC0002379	M0599	418	5.307	5.307	AS-MannoseP_isomer_c2,Sugar_tr
BGC0002379	M0782	991	5.902	5.902	Aldedh,Sugar_tr
BGC0002379	M0987	305	7.531	7.531	Aldedh,Flavin_Reduct
BGC0002379	MG1484_M0032_M2806_M2894	31	-93.284	-91.299	Gly_kinase,Methyltransf_23
BGC0002379	MG1787_M0501_M0502	474	6.14	6.14	AS-MannoseP_isomer_c2,Aldedh
BGC0002381	M0648	102	3.842	21.864	AS-PP-binding_c30,AS-PPDK_N_c8;PEP-utilizers,AS-fabH_c2,Thioesterase_c18
BGC0002381	MG1357_M1293_M1551_M1552	336	-9.109	5.155	AS-Aminotran_3_c44,AS-fabH_c2,Aldedh,Polyketide_cyc
BGC0002383	M0496	269	3.814	8.699	Flavin_Reduct,SnoaL_4
BGC0002383	M1182	117	7.646	14.024	AS-dTDP_sugar_isom_c2,GDP_Man_Dehyd,NTP_transferase
BGC0002383	M1854	31	-4.028	2.646	AS-DegT_DnrJ_EryC1_c47,Epimerase_c47
BGC0002383	MG1423_M1723_M1852	74	-6.585	9.18	AS-DegT_DnrJ_EryC1_c47,Epimerase_c47,Hexose_dehydrat
BGC0002383	MG1523_M1029_M1031	539	14.904	33.495	AS-t2clf_c28,AS-t2clf_c39,Cyclase_polyket,FAD_binding_3_c46,Polyketide_cyc2,SnoaL_4
BGC0002383	MG1524_M0073_M0590	631	3.673	12.961	AS-t2clf_c28,AS-t2clf_c39
BGC0002383	MG450_M0751_M2593_M2610	813	7.728	7.728	GDP_Man_Dehyd,NTP_transferase
BGC0002384	MG345_M2530_M2911	312	4.812	5.483	AS-Bac_transf_c4,AS-Poly_export_c6
BGC0002385	M0581	101	10.025	10.025	KR_c21,NMO
BGC0002385	M1885	174	19.601	37.968	AS-Chal_sti_synt_N_c36;HMG_CoA_synt_C,AS-PKS_AT_c20,AS-t2pks2_c2,Acyl_transf_1_c7,ECH_1_c18
BGC0002385	MG1983_M1848_M1890	214	8.91	15.519	AS-t2pks2_c2,Acyl_transf_1_c7,ECH_1_c18
BGC0002387	MG1378_M2130_M2134_M2150_M2172_M2175_M2176	657	-4.649	17.262	4HBT_c40,DUF1702,FG-GAP_3;UnbV_ASPIC
BGC0002387	MG1381_M2142_M2159	294	18.367	28.049	4HBT_c40,AS-APH_c44,DUF1702,FG-GAP_3;UnbV_ASPIC
BGC0002394	M0153	118	1.762	10.236	AS-p450_c16,AS-p450_c7
BGC0002402	M0153	118	1.762	1.762	AS-p450_c7,Sugar_tr
BGC0002404	M0956	321	-4.34	9.751	FA_desaturase,FA_hydroxylase
BGC0002408	M2084	356	2.036	12.521	Fer2;Fer2_2,MoCoBD_1
BGC0002410	MG749_M2539_M2662	1042	11.385	11.385	AS-Orn_monoox_c2,Formyl_trans_N;Formyl_trans_C
BGC0002413	MG796_M2860_M2861_M2871_M2872	930	12.108	19.51	AS-AMP-binding_c48,AS-EntA_c5,AS-EntC_c0,Esterase
BGC0002413	MG797_M2791_M2868_M2869	756	-6.088	12.697	AS-EntA_c5,AS-EntC_c0,Esterase
BGC0002414	MG796_M2860_M2861_M2871_M2872	930	12.108	19.51	AS-AMP-binding_c48,AS-EntA_c5,AS-EntC_c0,Esterase
BGC0002414	MG797_M2791_M2868_M2869	756	-6.088	12.697	AS-EntA_c5,AS-EntC_c0,Esterase
BGC0002416	M1201	124	-2.166	10.906	AS-Orn_monoox_c0,Acetyltransf_8
BGC0002416	MG595_M1462_M1463	95	10.086	17.884	ACPS_c4,AS-Orn_monoox_c0,Thioesterase_c39
BGC0002417	M1049	204	19.569	19.569	AS-Orn_monoox_c0,AS-TBH_Asp_c0,Acetyltransf_8
BGC0002417	M1194	180	0.416	6.915	AS-TBH_Asp_c0,Acetyltransf_8
BGC0002417	M1201	124	-2.166	10.906	AS-Orn_monoox_c0,Acetyltransf_8
BGC0002417	M2291	114	0.659	12.915	AS-Orn_monoox_c0,AS-TBH_Asp_c0
BGC0002417	MG595_M1462_M1463	95	10.086	27.875	ACPS_c4,AS-Orn_monoox_c0,AS-TBH_Asp_c0,Thioesterase_c39
BGC0002418	M0824	110	9.323	9.323	FAD_binding_6;NAD_binding_1;Fer2,FA_desaturase
BGC0002418	M1049	204	19.569	19.569	AS-Orn_monoox_c0,AS-TBH_Asp_c0,Acetyltransf_8
BGC0002418	M1194	180	0.416	6.915	AS-TBH_Asp_c0,Acetyltransf_8
BGC0002418	M1201	124	-2.166	10.906	AS-Orn_monoox_c0,Acetyltransf_8
BGC0002418	M2291	114	0.659	12.915	AS-Orn_monoox_c0,AS-TBH_Asp_c0
BGC0002418	MG1243_M0456_M0500	95	-4.011	-2.262	AS-AMP-binding_c32,FA_desaturase
BGC0002418	MG589_M2306_M2393	718	-4.028	-2.46	AS-Orn_monoox_c0,Abhydrolase_3
BGC0002419	M1049	204	19.569	19.569	AS-Orn_monoox_c0,AS-TBH_Asp_c0,Acetyltransf_8
BGC0002419	M1194	180	0.416	6.915	AS-TBH_Asp_c0,Acetyltransf_8
BGC0002419	M1201	124	-2.166	10.906	AS-Orn_monoox_c0,Acetyltransf_8
BGC0002419	M2291	114	0.659	12.915	AS-Orn_monoox_c0,AS-TBH_Asp_c0
BGC0002419	MG595_M1462_M1463	95	10.086	27.875	ACPS_c4,AS-Orn_monoox_c0,AS-TBH_Asp_c0,Thioesterase_c39
BGC0002420	M1049	204	19.569	19.569	AS-Orn_monoox_c0,AS-TBH_Asp_c0,Acetyltransf_8
BGC0002420	M1194	180	0.416	6.915	AS-TBH_Asp_c0,Acetyltransf_8
BGC0002420	M1201	124	-2.166	10.906	AS-Orn_monoox_c0,Acetyltransf_8
BGC0002420	M2291	114	0.659	12.915	AS-Orn_monoox_c0,AS-TBH_Asp_c0
BGC0002420	MG595_M1462_M1463	95	10.086	27.875	ACPS_c4,AS-Orn_monoox_c0,AS-TBH_Asp_c0,Thioesterase_c39
BGC0002422	MG592_M2297_M2325_M2338	150	-1.786	33.423	AS-Aminotran_3_c49,AS-Condensation_c37;AS-AMP-binding_c38;AS-PP-binding_c49,AS-IBH_His_c0,AS-TBH_Asp_c0
BGC0002425	M0954	1108	-1.999	21.283	AS-Asn_synthase_c14,AS-PF13471_c2,AS-Stand_Alone_Lasso_RRE_c0
BGC0002426	M0295	198	5.836	5.836	AS-MannoseP_isomer_c2,Methyltransf_2
BGC0002426	M0714	132	7.375	7.375	AS-Abhydrolase_6,Flavin_Reduct
BGC0002426	MG1357_M1293_M1551_M1552	336	-9.109	-8.835	Flavin_Reduct,Polyketide_cyc
BGC0002426	MG1484_M0032_M2806_M2894	31	-93.284	-93.172	AS-p450_c29,Polyketide_cyc
BGC0002426	MG1523_M1029_M1031	539	14.904	14.904	AS-t2clf_c28,AS-t2clf_c39,Cyclase_polyket
BGC0002426	MG1524_M0073_M0590	631	3.673	12.961	AS-t2clf_c28,AS-t2clf_c39
BGC0002430	M0089	65	7.348	7.348	AS-Abhydrolase_6,Aldo_ket_red
BGC0002430	M0423	66	8.602	18.821	AS-AMP-binding_c21,AS-Acyl-CoA_dh_N_c20;Acyl-CoA_dh_2,Flavin_Reduct
BGC0002430	M0471	104	16.483	16.483	AS-AMP-binding_c21,AS-DegT_DnrJ_EryC1_c15,AS-Orn_Arg_deC_N_c0;AS-Orn_DAP_Arg_deC_c3
BGC0002430	M0714	132	7.375	7.375	AS-Abhydrolase_6,Flavin_Reduct
BGC0002430	M0866	151	6.772	6.772	Aldo_ket_red,NUDIX
BGC0002430	M1272	330	7.271	7.271	AS-AMP-binding_c21,AS-Abhydrolase_6
BGC0002430	M1297	117	9.269	18.507	AS-AMP-binding_c21,AS-Orn_Arg_deC_N_c0;AS-Orn_DAP_Arg_deC_c3,AdoMet_Synthase
BGC0002430	MG1980_M1827_M1969_M1973_M1974_M1976_M1977	193	-44.001	-41.609	AS-AMP-binding_c21,Aldo_ket_red,NUDIX
BGC0002430	MG403_M1476_M1496_M2005	63	-41.918	-34.122	AS-Abhydrolase_6,Aminotran_1_2
BGC0002430	MG894_M2064_M2772_M2793	71	-12.631	-6.006	Aconitase,Aconitase_C,TauD_c5;TauD_c9
BGC0002431	M0089	65	7.348	7.348	AS-Abhydrolase_6,Aldo_ket_red
BGC0002431	M0560	43	7.733	7.733	AS-MGT_c0,GDP_Man_Dehyd
BGC0002431	M1182	117	7.646	14.024	AS-dTDP_sugar_isom_c2,GDP_Man_Dehyd,NTP_transferase
BGC0002431	MG1488_M0840_M1121	326	18.423	23.636	AS-MGT_c0,AS-dTDP_sugar_isom_c2,GDP_Man_Dehyd,Hexose_dehydrat
BGC0002431	MG1489_M1416_M1417	369	29.466	33.253	AS-MGT_c0,AS-dTDP_sugar_isom_c2,GDP_Man_Dehyd,GFO_IDH_MocA_c21,Hexose_dehydrat,NTP_transferase
BGC0002431	MG450_M0751_M2593_M2610	813	7.728	13.019	AS-MGT_c0,GDP_Man_Dehyd,NTP_transferase
BGC0002433	M2291	114	0.659	21.312	AS-Orn_monoox_c0,AS-TBH_Asp_c0,Thioesterase_c20
BGC0002433	MG589_M2306_M2393	718	-4.028	1.959	AS-Orn_monoox_c0,Thioesterase_c20
BGC0002433	MG592_M2297_M2325_M2338	150	-1.786	12.742	AS-Aminotran_3_c49,AS-TBH_Asp_c0
BGC0002438	M0314	28	5.158	5.158	Aminotran_1_2,Sugar_tr
BGC0002438	MG276_M2671_M2745_M2836	43	-20.984	-16.07	AS-p450_c27,AS-p450_c8
BGC0002438	MG403_M1476_M1496_M2005	63	-41.918	-31.435	Acetyltransf_1_c1,Aminotran_1_2
BGC0002439	MG830_M1441_M1444_M1450_M1451_M1455	446	3.872	52.213	AS-phzB_c0,AS-thio_amide_c2,Chorismate_bind_c1;GATase_c1,DAHP_synth_2_c8;DAHP_synth_2_c2,Isochorismatase_c21,PhzC-PhzF_c4,Putative_PNPOx_c5;PNP_phzG_C_c0
BGC0002440	M0097	64	9.894	9.894	Beta-lactamase,TauD_c5
BGC0002440	M1470	110	13.878	32.991	Anth_synt_I_N;Chorismate_bind_c14,DAHP_synth_2_c1,GATase_c25,Glycos_trans_3N;Glycos_transf_3,IGPS
BGC0002440	M1471	280	14.285	22.88	GATase_c25,Glycos_trans_3N;Glycos_transf_3,IGPS
BGC0002440	MG894_M2064_M2772_M2793	71	-12.631	-11.778	Aconitase,Aconitase_C
BGC0002441	M1538	296	-2.272	23.11	AS-PP-binding_c29,AS-ladderane_c25,FabA_c17
BGC0002441	MG1126_M1540_M1548	90	40.129	47.846	AS-PP-binding_c29,AS-ladderane_c23,AS-ladderane_c25,AS-t2clf_c21,AS-t2fas_c24,DSBA,FabA_c17,FabA_c2
BGC0002441	MG1127_M1539_M1553_M1584	345	12.868	44.802	4HBT_2,AS-PP-binding_c29,AS-ladderane_c23,AS-ladderane_c25,DSBA,FabA_c17,FabA_c2
BGC0002441	MG1357_M1293_M1551_M1552	336	-9.109	-5.538	AS-PP-binding_c16,Polyketide_cyc,Sugar_tr
BGC0002441	MG1887_M0366_M0416	424	-1.537	5.269	AS-PF00561,Sugar_tr
BGC0002443	M0202	64	8.01	12.207	AS-AMP-binding_c48,AS-PP-binding_c7,Flavin_Reduct
BGC0002443	M0319	44	9.144	9.144	Abhydrolase_3,LCM
BGC0002443	M0363	221	7.949	16.632	Abhydrolase_3,Aminotran_5,Trp_dioxygenase
BGC0002443	M0384	77	10.002	10.002	Abhydrolase_3,Trp_dioxygenase
BGC0002443	M0530	86	9.718	9.718	Methyltransf_2,Trp_dioxygenase
BGC0002443	M1002	179	3.713	5.271	AS-AMP-binding_c48,DAHP_synth_1
BGC0002448	M0892	181	6.366	6.366	Aminotran_1_2,His_Phos_1
BGC0002448	MG389_M1921_M1922	411	5.228	5.228	Aminotran_1_2,FMN_dh
BGC0002449	MG149_M2827_M2837_M2838	23	-25.855	-22.401	AS-p450_c26,Rieske;VanA_C
BGC0002450	M0848	88	9.632	9.632	Methyltransf_23,NTP_transferase
BGC0002451	M0244	55	6.567	49.983	AS-PKS_AT_c48;NMO,AS-hyb_KS_c29;AS-PP-binding_c42,AS-p450_c7,Formyl_trans_N;Formyl_trans_C;AS-AMP-binding_c21;AS-PP-binding_c28,KR_c28,bact-PGI_C
BGC0002452	M0434	93	9.813	19.253	APS_kinase,NAD_binding_9,PAPS_reduct
BGC0002452	M0437	179	8.37	22.535	AS-DegT_DnrJ_EryC1_c15,Epimerase_c16,FdtA,NTP_transferase
BGC0002452	M0465	184	8.162	8.162	Bac_luciferase,Thioesterase_c35
BGC0002452	M0523	97	11.052	11.052	AS-PP-binding_c23,Thioesterase_c35
BGC0002452	M0652	59	9.275	9.275	AS-DegT_DnrJ_EryC1_c15,Epimerase_c16
BGC0002452	M0680	56	10.538	10.538	Methyltransf_13;Methyltransf_23;Methyltransf_14,NTP_transferase
BGC0002452	M1068	405	6.422	6.422	Aldo_ket_red,Bac_luciferase
BGC0002452	M1090	59	10.581	10.581	AS-DegT_DnrJ_EryC1_c15,GDP_Man_Dehyd
BGC0002452	M1091	81	15.217	22.404	AS-DegT_DnrJ_EryC1_c15,AS-dTDP_sugar_isom_c2,Epimerase_c16,Hexose_dehydrat
BGC0002452	M1182	117	7.646	14.024	AS-dTDP_sugar_isom_c2,GDP_Man_Dehyd,NTP_transferase
BGC0002452	M1193	49	7.159	7.159	3HCDH_N;3HCDH,AS-DegT_DnrJ_EryC1_c15
BGC0002452	M1686	172	15.745	18.156	APS_kinase,Inositol_P,PAPS_reduct
BGC0002452	M2215	689	12.52	12.52	APS_kinase,PAPS_reduct
BGC0002452	MG1148_M1200_M2213	243	-0.919	5.648	APS_kinase,PAPS_reduct
BGC0002452	MG1314_M1251_M1842	399	11.441	16.74	3HCDH_N;3HCDH,AS-PP-binding_c23,Thioesterase_c35
BGC0002452	MG1357_M1293_M1551_M1552	336	-9.109	-2.3	Bac_luciferase,SnoaL_2_c24,Thioesterase_c35
BGC0002452	MG1423_M1723_M1852	74	-6.585	9.165	AS-MGT_c4,FdtA,Hexose_dehydrat
BGC0002452	MG1484_M0032_M2806_M2894	31	-93.284	-89.298	Aldo_ket_red,Bac_luciferase,Methyltransf_11_c7
BGC0002452	MG450_M0751_M2593_M2610	813	7.728	7.728	GDP_Man_Dehyd,NTP_transferase
BGC0002452	MG475_M1088_M1089	204	4.345	4.345	AS-DegT_DnrJ_EryC1_c15,GDP_Man_Dehyd
BGC0002452	MG476_M0463_M1027	192	9.949	9.949	AS-DegT_DnrJ_EryC1_c15,Thioesterase_c35
BGC0002453	M0099	50	9.754	9.754	FAD_binding_4;BBE,Thioesterase_c39
BGC0002453	M0206	150	8.073	8.073	Aminotran_1_2,Thioesterase_c35
BGC0002453	M0333	41	6.56	16.108	E1_dh,Thioesterase_c35,Transket_pyr;Transketolase_C
BGC0002453	MG1410_M0344_M0429_M2012_M2015	1046	-3.047	8.703	E1_dh,Transket_pyr;Transketolase_C
BGC0002453	MG1412_M0921_M2016_M2017	621	3.807	11.038	E1_dh,Transket_pyr;Transketolase_C
BGC0002453	MG476_M0463_M1027	192	9.949	9.949	AS-DegT_DnrJ_EryC1_c15,Thioesterase_c35
BGC0002453	MG494_M1556_M1899_M1903_M1908_M1909_M1911_M1914_M1916_M1917	269	-1.697	54.286	AS-DHQ_synthase_c2,AS-DegT_DnrJ_EryC1_c15,Acetyltransf_2,DHquinase_II,FAD_binding_3_c37,GFO_IDH_MocA_c32;GFO_IDH_MocA_C,ROK,Shikimate_dh_N;AS-ThiF
BGC0002453	MG552_M1737_M2267_M2329	84	-24.673	-22.743	Aminotran_1_2,Biotin_lipoyl,DHquinase_II
BGC0002454	MG450_M0751_M2593_M2610	813	7.728	15.01	AS-RmlD_sub_bind_c29,GDP_Man_Dehyd,NTP_transferase
BGC0002455	M1057	188	7.04	7.04	Aldedh,Bac_luciferase
BGC0002455	M1426	46	16.821	27.651	AS-AMP-binding_c8,ECH_1_c18,ECH_1_c43,NAD_binding_2;NAD_binding_11
BGC0002455	M1631	571	7.86	7.86	Aldedh,NAD_binding_2;NAD_binding_11
BGC0002455	M1885	174	19.601	37.968	AS-Chal_sti_synt_N_c36;HMG_CoA_synt_C,AS-PKS_AT_c20,AS-t2pks2_c2,Acyl_transf_1_c7,ECH_1_c18
BGC0002455	MG1983_M1848_M1890	214	8.91	23.531	AS-t2pks2_c2,Acyl_transf_1_c7,ECH_1_c18,ECH_1_c37
BGC0002455	MG510_M0258_M0281	52	-26.516	-23.189	AS-PP-binding_c30,AS-Polysacc_synt_c7
BGC0002460	M0153	118	1.762	10.236	AS-p450_c16,AS-p450_c7
BGC0002460	M0437	179	8.37	19.806	AS-DegT_DnrJ_EryC1_c15,Epimerase_c16,NTP_transferase,UDPG_MGDP_dh_N;UDPG_MGDP_dh;UDPG_MGDP_dh_C
BGC0002460	M0652	59	9.275	9.275	AS-DegT_DnrJ_EryC1_c15,Epimerase_c16
BGC0002460	MG306_M0894_M1259	132	6.856	6.856	NTP_transferase,UDPG_MGDP_dh_N;UDPG_MGDP_dh;UDPG_MGDP_dh_C
BGC0002461	M0278	101	7.793	7.793	Aldo_ket_red,Polyketide_cyc2
BGC0002461	M0333	41	6.56	9.841	E1_dh,Transket_pyr;Transketolase_C
BGC0002461	M0358	99	5.933	5.933	KR_c0,Sugar_tr
BGC0002461	M0514	217	7.062	7.062	KR_c12,Sugar_tr
BGC0002461	M0560	43	7.733	7.733	AS-MGT_c0,GDP_Man_Dehyd
BGC0002461	M0932	359	6.485	6.485	Carboxyl_trans,Sugar_tr
BGC0002461	M1182	117	7.646	14.024	AS-dTDP_sugar_isom_c2,GDP_Man_Dehyd,NTP_transferase
BGC0002461	MG1357_M1293_M1551_M1552	336	-9.109	-4.873	AS-adh_short_C2,Carboxyl_trans,Polyketide_cyc,Sugar_tr
BGC0002461	MG1410_M0344_M0429_M2012_M2015	1046	-3.047	8.703	E1_dh,Transket_pyr;Transketolase_C
BGC0002461	MG1412_M0921_M2016_M2017	621	3.807	11.038	E1_dh,Transket_pyr;Transketolase_C
BGC0002461	MG1423_M1723_M1852	74	-6.585	0.404	AS-DegT_DnrJ_EryC1_c47,Hexose_dehydrat
BGC0002461	MG1484_M0032_M2806_M2894	31	-93.284	-71.36	AS-p450_c29,Aldo_ket_red,Cyclase,Polyketide_cyc,SnoaL_4
BGC0002461	MG1488_M0840_M1121	326	18.423	23.636	AS-MGT_c0,AS-dTDP_sugar_isom_c2,GDP_Man_Dehyd,Hexose_dehydrat
BGC0002461	MG1489_M1416_M1417	369	29.466	42.76	AS-DegT_DnrJ_EryC1_c47,AS-MGT_c0,AS-dTDP_sugar_isom_c2,GDP_Man_Dehyd,GFO_IDH_MocA_c21,Hexose_dehydrat,NTP_transferase
BGC0002461	MG1490_M0790_M1414	198	24.625	47.271	AS-DegT_DnrJ_EryC1_c47,AS-MGT_c0,AS-dTDP_sugar_isom_c2,AS-t2clf_c28,AS-t2clf_c39,GFO_IDH_MocA_c21,Hexose_dehydrat
BGC0002461	MG1524_M0073_M0590	631	3.673	12.961	AS-t2clf_c28,AS-t2clf_c39
BGC0002461	MG1887_M0366_M0416	424	-1.537	-1.537	Aldo_ket_red,Sugar_tr
BGC0002461	MG1980_M1827_M1969_M1973_M1974_M1976_M1977	193	-44.001	-43.658	Aldo_ket_red,Carboxyl_trans
BGC0002461	MG450_M0751_M2593_M2610	813	7.728	20.301	AS-MGT_c0,AS-RmlD_sub_bind_c29,GDP_Man_Dehyd,NTP_transferase
BGC0002464	MG545_M2523_M2524_M2544_M2563_M2565_M2566	728	-2.771	4.416	AS-IucA_IucC_c3,Acetyltransf_8,Lys_Orn_oxgnase_c8
BGC0002464	MG547_M1280_M2554_M2621	1285	-3.467	11.261	AS-IucA_IucC_c3,Acetyltransf_8,Lys_Orn_oxgnase_c8
BGC0002466	MG704_M2882_M2883	725	2.19	20.026	AS-ATP-grasp_3_c22,AS-IucA_IucC_c13,AS-Orn_Arg_deC_N_c0;AS-Orn_DAP_Arg_deC_c10
BGC0002467	MG749_M2539_M2662	1042	11.385	11.385	AS-Orn_monoox_c2,Formyl_trans_N;Formyl_trans_C
BGC0002468	M2626	261	-0.865	13.968	Lys_Orn_oxgnase_c9,Pyridoxal_deC
BGC0002470	M1194	180	0.416	19.615	AS-Aminotran_3_c49,Acetyltransf_8,Lys_Orn_oxgnase_c9
BGC0002470	M1730	120	12.896	24.531	AS-Aminotran_3_c49,Acetyltransf_8,Lys_Orn_oxgnase_c9,Pyridoxal_deC
BGC0002470	M2626	261	-0.865	13.968	Lys_Orn_oxgnase_c9,Pyridoxal_deC
BGC0002470	MG547_M1280_M2554_M2621	1285	-3.467	7.567	Acetyltransf_8,Pyridoxal_deC
BGC0002471	MG701_M1534_M2853_M2898	304	-12.64	10.502	AS-IucA_IucC_c5,RraA-like,Sugar_tr
BGC0002473	M1683	60	-5.505	13.349	AS-EntA_c10,AS-EntC_c11
BGC0002473	MG835_M1313_M1329	584	8.476	15.836	AS-AMP-binding_c48,FAD_binding_9;SIP,Isochorismatase_c21
BGC0002474	MG796_M2860_M2861_M2871_M2872	930	12.108	13.531	AS-AMP-binding_c48,AS-EntA_c5,AS-EntC_c0
BGC0002474	MG797_M2791_M2868_M2869	756	-6.088	9.284	AS-EntA_c5,AS-EntC_c0
BGC0002475	MG757_M1438_M1452_M1836	671	1.671	11.81	AS-AMP-binding_c48,AS-IPL_c2,Chorismate_bind_c6
BGC0002476	MG796_M2860_M2861_M2871_M2872	930	12.108	30.496	4HBT_c22,AS-AMP-binding_c48,AS-EntA_c5,AS-EntC_c0,Isochorismatase_c21;AS-PP-binding_c7
BGC0002476	MG797_M2791_M2868_M2869	756	-6.088	24.939	4HBT_c22,AS-EntA_c5,AS-EntC_c0,Isochorismatase_c21;AS-PP-binding_c7
BGC0002477	M0186	141	7.038	7.038	AS-Abhydrolase_6,Polyketide_cyc2
BGC0002477	M0247	460	6.231	6.231	AS-Abhydrolase_6,Sugar_tr
BGC0002477	M0514	217	7.062	7.062	KR_c12,Sugar_tr
BGC0002477	M0932	359	6.485	6.485	Carboxyl_trans,Sugar_tr
BGC0002477	MG1523_M1029_M1031	539	14.904	34.702	ABM_c0,AS-t2clf_c28,AS-t2clf_c39,Cyclase_polyket,FAD_binding_3_c46,Polyketide_cyc2
BGC0002477	MG1524_M0073_M0590	631	3.673	19.777	ABM_c0,AS-t2clf_c28,AS-t2clf_c39
BGC0002478	M0098	170	7.497	7.497	Bac_luciferase,Methyltransf_2
BGC0002478	M0296	192	6.02	6.02	FMN_red,Sugar_tr
BGC0002478	M0932	359	6.485	6.485	Carboxyl_trans,Sugar_tr
BGC0002478	M1279	59	2.264	2.264	Biotin_carb_N;CPSase_L_D2;Biotin_carb_C;Biotin_lipoyl,Carboxyl_trans,Sugar_tr
BGC0002478	M2301	903	7.681	7.681	Biotin_carb_N;CPSase_L_D2;Biotin_carb_C;Biotin_lipoyl,Carboxyl_trans
BGC0002478	MG1357_M1293_M1551_M1552	336	-9.109	-6.082	Bac_luciferase,Carboxyl_trans,Polyketide_cyc,Sugar_tr
BGC0002478	MG1484_M0032_M2806_M2894	31	-93.284	-56.601	AS-PF00561,AS-PP-binding_c28,AS-p450_c29,Bac_luciferase,FMN_red,KR_c28,KR_c43,Polyketide_cyc
BGC0002478	MG1523_M1029_M1031	539	14.904	29.23	ABM_c0,AS-t2clf_c28,AS-t2clf_c39,Cyclase_polyket,FAD_binding_3_c46
BGC0002478	MG1524_M0073_M0590	631	3.673	19.777	ABM_c0,AS-t2clf_c28,AS-t2clf_c39
BGC0002478	MG1850_M0505_M0626	1246	4.101	7.582	Bac_luciferase,FMN_red,Sugar_tr
BGC0002478	MG1887_M0366_M0416	424	-1.537	5.269	AS-PF00561,Sugar_tr
BGC0002478	MG1980_M1827_M1969_M1973_M1974_M1976_M1977	193	-44.001	-38.955	AS-PF00561,Carboxyl_trans,KR_c28
BGC0002478	MG534_M1402_M2238_M2261_M2265	1355	2.86	2.86	Biotin_carb_N;CPSase_L_D2;Biotin_carb_C;Biotin_lipoyl,Carboxyl_trans
BGC0002478	MG535_M1110_M1238_M2262_M2266	950	4.177	4.177	Biotin_carb_N;CPSase_L_D2;Biotin_carb_C;Biotin_lipoyl,Carboxyl_trans
BGC0002491	MG781_M2561_M2736	532	6.041	6.041	AS-AMP-binding_c48,AS-EntA_c1
BGC0002491	MG835_M1313_M1329	584	8.476	8.476	AS-AMP-binding_c48,FAD_binding_9;SIP
BGC0002492	M0383	227	7.058	7.058	FAD_binding_9;SIP,Sugar_tr
BGC0002492	M1002	179	3.713	3.713	AS-AMP-binding_c48,AS-EntA_c6
BGC0002492	M1218	388	1.535	9.724	AS-AMP-binding_c48,AS-EntC_c1,Sugar_tr
BGC0002492	M1647	463	2.65	10.417	AS-EntC_c1,Isochorismatase_c21;AS-PP-binding_c40
BGC0002492	MG779_M1630_M1637_M1676	190	-2.735	3.59	AS-EntC_c1,Isochorismatase_c21;AS-PP-binding_c40
BGC0002492	MG781_M2561_M2736	532	6.041	13.146	AS-AMP-binding_c48,AS-EntC_c1,Isochorismatase_c21;AS-PP-binding_c40
BGC0002492	MG835_M1313_M1329	584	8.476	8.476	AS-AMP-binding_c48,FAD_binding_9;SIP
BGC0002495	MG796_M2860_M2861_M2871_M2872	930	12.108	22.993	AS-AMP-binding_c48,AS-EntA_c5,AS-EntC_c0,Isochorismatase_c21;AS-PP-binding_c7
BGC0002495	MG797_M2791_M2868_M2869	756	-6.088	17.691	AS-EntA_c5,AS-EntC_c0,Isochorismatase_c21;AS-PP-binding_c7
BGC0002497	M0089	65	7.348	7.348	AS-Abhydrolase_6,Aldo_ket_red
BGC0002497	M0247	460	6.231	6.231	AS-Abhydrolase_6,Sugar_tr
BGC0002497	M0314	28	5.158	5.158	Aminotran_1_2,Sugar_tr
BGC0002497	M0329	87	7.501	7.501	AS-p450_c29,Aminotran_1_2
BGC0002497	M0572	195	7.07	7.07	Aldo_ket_red,KR_c28
BGC0002497	M0742	38	6.171	25.847	AS-MGT_c2,Cyclase,Methyltransf_12_c20,Methyltransf_23
BGC0002497	M0782	991	5.902	5.902	Aldedh,Sugar_tr
BGC0002497	M1511	459	11.781	19.12	AS-MGT_c2,AS-PP-binding_c12,Methyltransf_23
BGC0002497	MG1484_M0032_M2806_M2894	31	-93.284	-69.99	AS-PF00561,AS-p450_c29,Aldo_ket_red,Cyclase,KR_c28,Methyltransf_23
BGC0002497	MG1887_M0366_M0416	424	-1.537	8.325	AS-PF00561,Aldo_ket_red,Sugar_tr
BGC0002497	MG1888_M0195_M0251	288	-9.164	7.056	AS-PF00561,Aldo_ket_red
BGC0002497	MG1980_M1827_M1969_M1973_M1974_M1976_M1977	193	-44.001	-39.589	AS-PF00561,Aldo_ket_red,KR_c28
BGC0002497	MG276_M2671_M2745_M2836	43	-20.984	-14.823	AS-AMP-binding_c20,AS-MGT_c2
BGC0002497	MG403_M1476_M1496_M2005	63	-41.918	-34.122	AS-Abhydrolase_6,Aminotran_1_2
BGC0002498	M0200	215	4.644	5.017	PfkB,TPP_enzyme_N;TPP_enzyme_M;TPP_enzyme_C
BGC0002498	M0869	90	8.758	23.709	GFO_IDH_MocA_c8;GFO_IDH_MocA_C,KduI,PfkB,TPP_enzyme_N;TPP_enzyme_M;TPP_enzyme_C
BGC0002498	M1098	188	13.076	19.715	AS-PKS_AT_c24,Amino_oxidase_c40,Thioesterase_c3
BGC0002498	MG1484_M0032_M2806_M2894	31	-93.284	-84.449	AS-PKS_AT_c24,PfkB,TPP_enzyme_N;TPP_enzyme_M;TPP_enzyme_C
BGC0002498	MG1774_M0385_M0855	653	3.388	7.953	Aldedh,TPP_enzyme_N;TPP_enzyme_M;TPP_enzyme_C
BGC0002499	M2162	62	0.013	13.96	AS-ATP-grasp_c8,AS-Orn_Arg_deC_N_c0;AS-Orn_DAP_Arg_deC_c3
BGC0002499	MG1237_M1296_M2164	405	8.76	22.189	ACP_syn_III_C_c4,AS-ATP-grasp_c8,AS-Orn_Arg_deC_N_c0;AS-Orn_DAP_Arg_deC_c3
BGC0002501	M0153	118	1.762	11.263	AS-p450_c16,AS-p450_c7,Sugar_tr
BGC0002501	M0314	28	5.158	5.158	Aminotran_1_2,Sugar_tr
BGC0002501	MG1484_M0032_M2806_M2894	31	-93.284	-89.495	AS-p450_c26,Aldo_ket_red,Methyltransf_23
BGC0002501	MG1887_M0366_M0416	424	-1.537	-1.537	Aldo_ket_red,Sugar_tr
BGC0002501	MG866_M0519_M1942	73	-13.366	-10.929	ATP-synt_ab,Aminotran_1_2,Methyltransf_23
BGC0002504	M0140	162	6.564	6.564	AS-ksIII_c2,Polyketide_cyc2
BGC0002504	M0562	75	11.047	11.047	AS-PKS_AT_c24,AS-ksIII_c2
BGC0002504	M0876	84	15.104	15.104	AS-ksIII_c2,AS-t2clf_c28,AS-t2clf_c39
BGC0002504	MG1484_M0032_M2806_M2894	31	-93.284	-74.455	AS-PKS_AT_c24,AS-PP-binding_c28,AS-ksIII_c2,NAD_binding_10
BGC0002504	MG1523_M1029_M1031	539	14.904	28.083	AS-t2clf_c28,AS-t2clf_c39,Cyclase_polyket,FAD_binding_3_c46,Polyketide_cyc2
BGC0002504	MG1524_M0073_M0590	631	3.673	12.961	AS-t2clf_c28,AS-t2clf_c39
BGC0002506	M0140	162	6.564	6.724	Lactamase_B,Polyketide_cyc2
BGC0002506	M0152	196	7.036	7.036	Bac_luciferase,Polyketide_cyc2
BGC0002506	M0496	269	3.814	8.699	Flavin_Reduct,SnoaL_4
BGC0002506	M1024	425	7.571	7.571	Bac_luciferase,Flavin_Reduct
BGC0002506	MG1484_M0032_M2806_M2894	31	-93.284	-56.121	ABM_c1,AS-PP-binding_c28,AS-t2ks_c40,Bac_luciferase,KR_c28,NAD_binding_10,SnoaL_4
BGC0002506	MG1980_M1827_M1969_M1973_M1974_M1976_M1977	193	-44.001	-43.833	KR_c28,Lactamase_B
BGC0002509	MG149_M2827_M2837_M2838	23	-25.855	-23.556	Amino_oxidase_c27,FA_hydroxylase
BGC0002509	MG151_M2785_M2800_M2805_M2846	355	7.023	16.098	ADH_N_2;AS-ADH_zinc_N_c47,Amino_oxidase_c27,FA_hydroxylase
BGC0002510	M0109	61	7.519	7.519	AS-Abhydrolase_6,PALP
BGC0002510	M0264	55	8.63	8.63	DSBA,PALP
BGC0002510	M1538	296	-2.272	10.308	AS-PP-binding_c29,FabA_c17
BGC0002510	MG1127_M1539_M1553_M1584	345	12.868	35.755	4HBT_2,AS-PP-binding_c29,AS-ladderane_c23,AS-t2fas_c13,DSBA,FabA_c17
BGC0002510	MG1176_M0837_M0950_M0951_M0997_M1000_M1001	2290	8.092	8.092	OCD_Mu_crystall,PALP
BGC0002514	M0152	196	7.036	7.036	Bac_luciferase,Polyketide_cyc2
BGC0002514	M0177	159	6.759	6.759	AS-Abhydrolase_6,NAD_binding_10
BGC0002514	M0186	141	7.038	7.038	AS-Abhydrolase_6,Polyketide_cyc2
BGC0002514	M0247	460	6.231	6.231	AS-Abhydrolase_6,Sugar_tr
BGC0002514	M1210	62	7.294	7.294	AS-Condensation_c16,Bac_luciferase
BGC0002514	MG1850_M0505_M0626	1246	4.101	4.101	Bac_luciferase,Sugar_tr
BGC0002517	M0216	58	10.947	10.947	AS-p450_c29,Thioesterase_c3
BGC0002517	M0241	147	6.609	6.609	AS-PF00561,KR_c25
BGC0002517	M0712	147	10.472	10.472	AS-AMP-binding_c38,AS-Orn_Arg_deC_N_c0;AS-Orn_DAP_Arg_deC_c3
BGC0002517	M1098	188	13.076	21.468	AS-PKS_AT_c24,AS-Stand_Alone_Lasso_RRE_c4,Thioesterase_c3
BGC0002517	M1198	73	35.408	67.526	AS-AMP-binding_c13,AS-AMP-binding_c38,AS-Orn_Arg_deC_N_c0;AS-Orn_DAP_Arg_deC_c3,AS-PKS_AT_c24,AS-PP-binding_c41,AS-Stand_Alone_Lasso_RRE_c4,B12-binding_c2,Docking;AS-mod_KS_c48;Acyl_transf_1_c28;PS-DH_c5;AS-adh_short;AS-PP-binding_c44;Erythro-docking,Met_asp_mut_E,Thioesterase_c3
BGC0002517	M1199	295	4.574	28.505	AS-Orn_Arg_deC_N_c0;AS-Orn_DAP_Arg_deC_c3,AS-Stand_Alone_Lasso_RRE_c4,B12-binding_c2,Met_asp_mut_E
BGC0002517	M1292	67	9.353	9.353	AS-AMP-binding_c13,AS-Orn_Arg_deC_N_c0;AS-Orn_DAP_Arg_deC_c3
BGC0002517	MG1200_M1237_M2686_M2732	609	2.048	12.859	B12-binding_c2,Met_asp_mut_E
BGC0002517	MG1484_M0032_M2806_M2894	31	-93.284	-87.8	AS-PF00561,AS-PKS_AT_c24,AS-p450_c29
BGC0002517	MG1980_M1827_M1969_M1973_M1974_M1976_M1977	193	-44.001	-43.72	AS-PF00561,KR_c25
BGC0002520	M0298	53	8.811	8.811	FMN_red,RibD_C
BGC0002520	M0327	69	8.846	8.846	FMN_red,Thioesterase_c35
BGC0002520	M0973	384	-0.566	13.991	Urease_beta,Urease_gamma
BGC0002520	MG1336_M0511_M0964	411	6.665	8.531	AS-AMP-binding_c21,Thioesterase_c35
BGC0002520	MG476_M0463_M1027	192	9.949	9.949	AS-DegT_DnrJ_EryC1_c15,Thioesterase_c35
BGC0002520	MG494_M1556_M1899_M1903_M1908_M1909_M1911_M1914_M1916_M1917	269	-1.697	52.313	AS-DHQ_synthase_c2,AS-DegT_DnrJ_EryC1_c15,DHquinase_II,FAD_binding_3_c37,GFO_IDH_MocA_c32;GFO_IDH_MocA_C,HAD_2_c30,Methyltransf_11_c2,ROK
BGC0002523	M0713	227	8.749	17.914	Glyco_trans_4_4_c5;AS-Glycos_transf_1_c3,NTP_transferase,Peptidase_M23
BGC0002523	MG139_M1481_M2482	189	6.55	15.023	Asp_Glu_race,Glyco_trans_4_4_c5;AS-Glycos_transf_1_c3,NAD_binding_2;6PGD,Peptidase_M23
BGC0002526	M0560	43	7.733	7.733	AS-MGT_c0,GDP_Man_Dehyd
BGC0002526	M1024	425	7.571	7.571	Bac_luciferase,Flavin_Reduct
BGC0002526	M1854	31	-4.028	2.646	AS-DegT_DnrJ_EryC1_c47,Epimerase_c47
BGC0002526	MG1423_M1723_M1852	74	-6.585	9.18	AS-DegT_DnrJ_EryC1_c47,Epimerase_c47,Hexose_dehydrat
BGC0002526	MG450_M0751_M2593_M2610	813	7.728	13.019	AS-MGT_c0,GDP_Man_Dehyd,NTP_transferase
BGC0002527	MG701_M1534_M2853_M2898	304	-12.64	5.07	AS-Orn_Arg_deC_N_c0;AS-Orn_DAP_Arg_deC_c10,HpcH_HpaI_c3;HpcH_HpaI_c5
BGC0002527	MG704_M2882_M2883	725	2.19	24.27	AS-ATP-grasp_3_c22,AS-IucA_IucC_c8,AS-Orn_Arg_deC_N_c0;AS-Orn_DAP_Arg_deC_c10,HpcH_HpaI_c3;HpcH_HpaI_c5
BGC0002528	M0854	80	6.579	6.579	Esterase,Sugar_tr
BGC0002528	M1002	179	3.713	3.713	AS-AMP-binding_c48,AS-EntA_c6
BGC0002528	M1218	388	1.535	9.724	AS-AMP-binding_c48,AS-EntC_c1,Sugar_tr
BGC0002528	MG779_M1630_M1637_M1676	190	-2.735	1.324	AS-EntC_c1,Esterase
BGC0002528	MG781_M2561_M2736	532	6.041	8.95	AS-AMP-binding_c48,AS-EntC_c1,Esterase
BGC0002533	M1448	366	11.311	11.311	GFO_IDH_MocA_c1,Thioesterase_c3
BGC0002533	MG757_M1438_M1452_M1836	671	1.671	8.935	GFO_IDH_MocA_c1,Thioesterase_c3
BGC0002536	M0333	41	6.56	9.841	E1_dh,Transket_pyr;Transketolase_C
BGC0002536	M0896	372	7.826	7.826	Abhydrolase_3,Aminotran_1_2
BGC0002536	MG1410_M0344_M0429_M2012_M2015	1046	-3.047	8.703	E1_dh,Transket_pyr;Transketolase_C
BGC0002536	MG1412_M0921_M2016_M2017	621	3.807	11.038	E1_dh,Transket_pyr;Transketolase_C
BGC0002539	M0247	460	6.231	6.231	AS-Abhydrolase_6,Sugar_tr
BGC0002540	M1090	59	10.581	10.581	AS-DegT_DnrJ_EryC1_c15,GDP_Man_Dehyd
BGC0002540	MG475_M1088_M1089	204	4.345	20.31	AS-DegT_DnrJ_EryC1_c15,GDP_Man_Dehyd,UDPGT_c29
BGC0002541	M0560	43	7.733	15.043	AS-MGT_c0,Cys_Met_Meta_PP_c3,GDP_Man_Dehyd
BGC0002541	M2215	689	12.52	17.915	APS_kinase,PAPS_reduct,Sulfotransfer_3
BGC0002541	MG1148_M1200_M2213	243	-0.919	5.648	APS_kinase,PAPS_reduct
BGC0002541	MG1423_M1723_M1852	74	-6.585	-0.397	AS-MGT_c4;AS-MGT_c11,Hexose_dehydrat
BGC0002541	MG276_M2671_M2745_M2836	43	-20.984	-16.234	AS-MGT_c0,AS-p450_c27
BGC0002541	MG450_M0751_M2593_M2610	813	7.728	20.301	AS-MGT_c0,AS-RmlD_sub_bind_c29,GDP_Man_Dehyd,NTP_transferase
BGC0002544	MG746_M0744_M1700	111	10.305	20.552	AS-AMP-binding_c48,AS-Orn_monoox_c2,AS-SalSyn_c0,Formyl_trans_N;Formyl_trans_C
BGC0002544	MG749_M2539_M2662	1042	11.385	11.385	AS-Orn_monoox_c2,Formyl_trans_N;Formyl_trans_C
BGC0002545	MG1378_M2130_M2134_M2150_M2172_M2175_M2176	657	-4.649	17.262	4HBT_c40,DUF1702,FG-GAP_3;UnbV_ASPIC
BGC0002545	MG1381_M2142_M2159	294	18.367	28.049	4HBT_c40,AS-APH_c44,DUF1702,FG-GAP_3;UnbV_ASPIC
BGC0002547	M0247	460	6.231	6.231	AS-Abhydrolase_6,Sugar_tr
BGC0002547	M0932	359	6.485	6.485	Carboxyl_trans,Sugar_tr
BGC0002547	M1279	59	2.264	2.264	Biotin_carb_N;CPSase_L_D2;Biotin_carb_C;Biotin_lipoyl,Carboxyl_trans,Sugar_tr
BGC0002547	M1538	296	-2.272	23.11	AS-PP-binding_c29,AS-ladderane_c25,FabA_c17
BGC0002547	M2301	903	7.681	7.681	Biotin_carb_N;CPSase_L_D2;Biotin_carb_C;Biotin_lipoyl,Carboxyl_trans
BGC0002547	MG1126_M1540_M1548	90	40.129	44.379	AS-PKS_AT_c36,AS-PP-binding_c29,AS-ladderane_c23,AS-ladderane_c25,AS-t2fas_c13,AS-t2fas_c2,DSBA,FabA_c17
BGC0002547	MG1127_M1539_M1553_M1584	345	12.868	46.358	AS-PP-binding_c29,AS-ladderane_c23,AS-ladderane_c25,AS-t2fas_c13,AS-t2fas_c2,DSBA,FabA_c17
BGC0002547	MG529_M0703_M1107	217	2.966	13.824	Biotin_carb_N;CPSase_L_D2;Biotin_carb_C;Biotin_lipoyl,Carboxyl_trans,DSBA
BGC0002547	MG534_M1402_M2238_M2261_M2265	1355	2.86	2.86	Biotin_carb_N;CPSase_L_D2;Biotin_carb_C;Biotin_lipoyl,Carboxyl_trans
BGC0002547	MG535_M1110_M1238_M2262_M2266	950	4.177	4.177	Biotin_carb_N;CPSase_L_D2;Biotin_carb_C;Biotin_lipoyl,Carboxyl_trans
BGC0002550	M0437	179	8.37	8.37	AS-DegT_DnrJ_EryC1_c15,NTP_transferase
BGC0002550	M0560	43	7.733	7.733	AS-MGT_c0,GDP_Man_Dehyd
BGC0002550	M0680	56	10.538	16.653	Methyltransf_13;Methyltransf_23;Methyltransf_14,Methyltransf_21,NTP_transferase
BGC0002550	M1090	59	10.581	10.581	AS-DegT_DnrJ_EryC1_c15,GDP_Man_Dehyd
BGC0002550	M1091	81	15.217	15.217	AS-DegT_DnrJ_EryC1_c15,AS-dTDP_sugar_isom_c2,Hexose_dehydrat
BGC0002550	M1182	117	7.646	14.024	AS-dTDP_sugar_isom_c2,GDP_Man_Dehyd,NTP_transferase
BGC0002550	MG1423_M1723_M1852	74	-6.585	0.731	AS-MGT_c4,Hexose_dehydrat
BGC0002550	MG1488_M0840_M1121	326	18.423	30.09	AS-MGT_c0,AS-MGT_c4,AS-dTDP_sugar_isom_c2,GDP_Man_Dehyd,Hexose_dehydrat
BGC0002550	MG1489_M1416_M1417	369	29.466	44.702	AS-DegT_DnrJ_EryC1_c15,AS-MGT_c0,AS-dTDP_sugar_isom_c2,GDP_Man_Dehyd,GFO_IDH_MocA_c21,Hexose_dehydrat,Methyltransf_13;Methyltransf_23;Methyltransf_14,NTP_transferase
BGC0002550	MG1887_M0366_M0416	424	-1.537	-1.537	Aldo_ket_red,Sugar_tr
BGC0002550	MG450_M0751_M2593_M2610	813	7.728	13.019	AS-MGT_c0,GDP_Man_Dehyd,NTP_transferase
BGC0002550	MG475_M1088_M1089	204	4.345	4.345	AS-DegT_DnrJ_EryC1_c15,GDP_Man_Dehyd
BGC0002552	M1193	49	7.159	20.838	3HCDH_N;3HCDH,AS-DegT_DnrJ_EryC1_c15,DHquinase_II,HAD_2_c30
BGC0002552	MG1314_M1251_M1842	399	11.441	11.441	3HCDH_N;3HCDH,AS-PP-binding_c23
BGC0002552	MG494_M1556_M1899_M1903_M1908_M1909_M1911_M1914_M1916_M1917	269	-1.697	41.871	AS-DHQ_synthase_c2,AS-DegT_DnrJ_EryC1_c15,Acetyltransf_2,DHquinase_II,GFO_IDH_MocA_c32;GFO_IDH_MocA_C,HAD_2_c30,ROK
BGC0002554	M0955	134	8.036	17.53	AS-fabH_c22,Aminotran_1_2,TPP_enzyme_N;TPP_enzyme_M;TPP_enzyme_C
BGC0002556	M0176	123	6.674	6.674	AS-MannoseP_isomer_c2,Polyketide_cyc2
BGC0002556	M0295	198	5.836	5.836	AS-MannoseP_isomer_c2,Methyltransf_2
BGC0002556	M0552	73	5.532	5.532	Aldedh,SBP_bac_1
BGC0002556	M0762	104	10.679	10.679	AS-tabtoxin_c0,Anthrone_oxy
BGC0002556	M2505	231	8.949	11.125	ABM_c6,AS-MannoseP_isomer_c2,AS-t2ks_c40,Cyclase_polyket
BGC0002556	MG1484_M0032_M2806_M2894	31	-93.284	-92.499	AS-t2ks_c40,SnoaL_4
BGC0002556	MG1787_M0501_M0502	474	6.14	6.14	AS-MannoseP_isomer_c2,Aldedh
BGC0002558	M0146	82	8.586	8.586	Aldo_ket_red,MDMPI_N
BGC0002558	M0910	107	6.201	6.201	Aldo_ket_red,FMN_red
BGC0002558	M1003	294	10.288	18.972	3HCDH_N;3HCDH,AS-ADH_N_c16;ADH_zinc_N_2,AS-fabH_c2
BGC0002558	M1068	405	6.422	6.422	Aldo_ket_red,Bac_luciferase
BGC0002558	M1331	254	7.108	7.108	AS-fabH_c2,Aldo_ket_red
BGC0002558	MG1357_M1293_M1551_M1552	336	-9.109	-7.832	AS-fabH_c2,Bac_luciferase,Carboxyl_trans
BGC0002558	MG1484_M0032_M2806_M2894	31	-93.284	-67.868	AS-ksIII_c2,AS-p450_c26,AS-p450_c29,Aldo_ket_red,Bac_luciferase,FMN_red
BGC0002558	MG1850_M0505_M0626	1246	4.101	7.24	Aldo_ket_red,Bac_luciferase,FMN_red
BGC0002558	MG1980_M1827_M1969_M1973_M1974_M1976_M1977	193	-44.001	-43.658	Aldo_ket_red,Carboxyl_trans
BGC0002559	M0560	43	7.733	7.733	AS-MGT_c0,GDP_Man_Dehyd
BGC0002559	M1854	31	-4.028	2.646	AS-DegT_DnrJ_EryC1_c47,Epimerase_c47
BGC0002559	MG1423_M1723_M1852	74	-6.585	0.757	AS-DegT_DnrJ_EryC1_c47,Epimerase_c47
BGC0002559	MG276_M2671_M2745_M2836	43	-20.984	-16.234	AS-MGT_c0,AS-p450_c27
BGC0002559	MG450_M0751_M2593_M2610	813	7.728	13.019	AS-MGT_c0,GDP_Man_Dehyd,NTP_transferase
BGC0002561	MG1069_M1051_M1791	411	7.936	11.877	AS-fabH_c3,HMG-CoA_red
BGC0002561	MG1071_M1270_M1743_M1789	672	-6.161	33.359	AS-fabH_c3,FMN_dh,GHMP_kinases_N;GHMP_kinases_C,GHMP_kinases_N;MDD_C,HMG-CoA_red
BGC0002561	MG830_M1441_M1444_M1450_M1451_M1455	446	3.872	33.16	AS-phzB_c0,Chorismate_bind_c1;GATase_c1,DAHP_synth_2_c8;DAHP_synth_2_c2,Isochorismatase_c21,Putative_PNPOx_c5;PNP_phzG_C_c0
BGC0002563	MG894_M2064_M2772_M2793	71	-12.631	5.137	AS-GrbD_c0,AS-GrbE_c0
BGC0002564	MG894_M2064_M2772_M2793	71	-12.631	5.137	AS-GrbD_c0,AS-GrbE_c0
BGC0002565	MG894_M2064_M2772_M2793	71	-12.631	26.865	AS-Condensation_c20;AS-AMP-binding_c38;AS-PP-binding_c36,AS-Condensation_c20;AS-AMP-binding_c38;AS-PP-binding_c43;AMP-binding_C_c29,AS-GrbD_c0,AS-GrbE_c0
BGC0002567	MG1162_M0489_M0995	227	2.859	17.561	AS-Orn_Arg_deC_N_c11;AS-Orn_DAP_Arg_deC_c12,OCD_Mu_crystall,TauD_c9
BGC0002568	MG1162_M0489_M0995	227	2.859	23.331	AS-Orn_Arg_deC_N_c11;AS-Orn_DAP_Arg_deC_c12,OCD_Mu_crystall,PALP,TauD_c9
BGC0002568	MG1176_M0837_M0950_M0951_M0997_M1000_M1001	2290	8.092	8.092	OCD_Mu_crystall,PALP
BGC0002569	M1201	124	-2.166	31.754	AS-Condensation_c34;AS-AMP-binding_c38;AS-PP-binding_c43,AS-Orn_monoox_c0,AS-TBH_Asp_c2,Acetyltransf_8
BGC0002570	M1448	366	11.311	25.788	AS-IPL_c2,Chorismate_bind_c6,GFO_IDH_MocA_c1,Thioesterase_c3
BGC0002570	MG757_M1438_M1452_M1836	671	1.671	32.119	AS-AMP-binding_c48,AS-IPL_c2,Chorismate_bind_c6,GFO_IDH_MocA_c1,Thioesterase_c3
BGC0002575	M0954	1108	-1.999	11.897	AS-PF13471_c2,AS-Stand_Alone_Lasso_RRE_c0
BGC0002587	M0343	128	1.822	6.193	AS-fabH_c2,Thioesterase_c35
BGC0002587	M0627	29	3.086	3.086	AS-p450_c9,Thioesterase_c35
BGC0002587	M0870	293	8.943	8.943	AS-fabH_c2,Thioesterase_c35
BGC0002587	M1091	81	15.217	15.217	AS-DegT_DnrJ_EryC1_c15,AS-dTDP_sugar_isom_c2,Hexose_dehydrat
BGC0002587	MG1357_M1293_M1551_M1552	336	-9.109	-8.814	AS-fabH_c2,Thioesterase_c35
BGC0002587	MG1423_M1723_M1852	74	-6.585	0.404	AS-DegT_DnrJ_EryC1_c47,Hexose_dehydrat
BGC0002587	MG1488_M0840_M1121	326	18.423	18.423	AS-MGT_c0,AS-dTDP_sugar_isom_c2,Hexose_dehydrat
BGC0002587	MG1490_M0790_M1414	198	24.625	32.434	AS-DegT_DnrJ_EryC1_c47,AS-MGT_c0,AS-dTDP_sugar_isom_c2,GFO_IDH_MocA_c21,Hexose_dehydrat
BGC0002587	MG276_M2671_M2745_M2836	43	-20.984	-16.234	AS-MGT_c0,AS-p450_c27
BGC0002587	MG476_M0463_M1027	192	9.949	9.949	AS-DegT_DnrJ_EryC1_c15,Thioesterase_c35
BGC0002588	M0293	70	8.12	8.12	Beta-lactamase,OCD_Mu_crystall
BGC0002588	M0474	242	8.202	8.202	Aminotran_1_2,OCD_Mu_crystall
BGC0002588	M1321	209	9.541	9.541	Aminotran_1_2,TauD_c9
BGC0002588	MG1162_M0489_M0995	227	2.859	6.171	OCD_Mu_crystall,TauD_c9
BGC0002588	MG403_M1476_M1496_M2005	63	-41.918	-24.911	Aminotran_1_2,TauD_c9
BGC0002591	MG276_M2671_M2745_M2836	43	-20.984	-13.917	AS-p450_c27,AS-p450_c35
BGC0002613	M1448	366	11.311	11.311	GFO_IDH_MocA_c1,Thioesterase_c3
BGC0002613	MG757_M1438_M1452_M1836	671	1.671	15.643	AS-AMP-binding_c48,GFO_IDH_MocA_c1,Thioesterase_c3
BGC0002620	MG545_M2523_M2524_M2544_M2563_M2565_M2566	728	-2.771	12.816	AS-IucA_IucC_c3,Acetyltransf_8,Lys_Orn_oxgnase_c8,Pyridoxal_deC
BGC0002620	MG547_M1280_M2554_M2621	1285	-3.467	22.264	AS-IucA_IucC_c3,Acetyltransf_8,Lys_Orn_oxgnase_c8,Pyridoxal_deC
BGC0002633	M1194	180	0.416	19.615	AS-Aminotran_3_c49,Acetyltransf_8,Lys_Orn_oxgnase_c9
BGC0002633	M1730	120	12.896	32.357	AS-Aminotran_3_c49,AS-IucA_IucC_c45,Acetyltransf_8,Lys_Orn_oxgnase_c9,Pyridoxal_deC
BGC0002633	M2626	261	-0.865	13.968	Lys_Orn_oxgnase_c9,Pyridoxal_deC
BGC0002633	MG547_M1280_M2554_M2621	1285	-3.467	7.567	Acetyltransf_8,Pyridoxal_deC
BGC0002634	M0437	179	8.37	8.37	AS-DegT_DnrJ_EryC1_c15,NTP_transferase
BGC0002634	M0712	147	10.472	10.472	AS-AMP-binding_c38,AS-Orn_Arg_deC_N_c0;AS-Orn_DAP_Arg_deC_c3
BGC0002634	M1199	295	4.574	19.752	AS-Orn_Arg_deC_N_c0;AS-Orn_DAP_Arg_deC_c3,B12-binding_c2,Met_asp_mut_E
BGC0002634	MG1200_M1237_M2686_M2732	609	2.048	12.859	B12-binding_c2,Met_asp_mut_E
BGC0002634	MG1887_M0366_M0416	424	-1.537	2.905	AS-PF00561,Aldo_ket_red
BGC0002634	MG1888_M0195_M0251	288	-9.164	7.056	AS-PF00561,Aldo_ket_red
BGC0002637	M0231	106	6.641	6.641	CoA_transf_3,TPP_enzyme_N;TPP_enzyme_M;TPP_enzyme_C
BGC0002637	M0955	134	8.036	8.036	Aminotran_1_2,TPP_enzyme_N;TPP_enzyme_M;TPP_enzyme_C
BGC0002637	M2114	79	13.672	22.914	AS-Trp_halogenase_c8,DAHP_snth_FXD;DAHP_synth_1,PDH_N;PDH_C
BGC0002637	M2116	130	11.27	27.254	AS-Trp_halogenase_c8,DAHP_snth_FXD;DAHP_synth_1,FMN_dh,PDH_N;PDH_C
BGC0002637	MG190_M0591_M0606	63	1.814	3.376	CoA_transf_3,FMN_dh
BGC0002637	MG389_M1921_M1922	411	5.228	21.923	AS-Trp_halogenase_c8,Aminotran_1_2,FMN_dh,PDH_N;PDH_C
BGC0002638	M0884	36	21.168	29.751	AS-Trp_halogenase_c8,AS-p450_c9,FMN_dh,PDH_N;PDH_C,PG_binding_1
BGC0002638	M2114	79	13.672	18.948	AS-Trp_halogenase_c8,PDH_N;PDH_C,PG_binding_1
BGC0002638	M2116	130	11.27	24.651	AS-Trp_halogenase_c8,FMN_dh,PDH_N;PDH_C,PG_binding_1
BGC0002638	MG389_M1921_M1922	411	5.228	21.923	AS-Trp_halogenase_c8,Aminotran_1_2,FMN_dh,PDH_N;PDH_C
BGC0002642	M0802	135	9.458	9.458	CoA_transf_3,SnoaL_4
BGC0002642	MG1357_M1293_M1551_M1552	336	-9.109	-4.736	MmgE_PrpD,Polyketide_cyc,Sugar_tr
BGC0002642	MG1484_M0032_M2806_M2894	31	-93.284	-70.938	CoA_transf_3,Cyclase,NAD_binding_10,Polyketide_cyc,SnoaL_4
BGC0002642	MG450_M0751_M2593_M2610	813	7.728	15.01	AS-RmlD_sub_bind_c29,GDP_Man_Dehyd,NTP_transferase
BGC0002649	MG1484_M0032_M2806_M2894	31	-93.284	-90.019	AS-p450_c26,AS-p450_c29,KR_c21
BGC0002652	M0213	76	7.053	7.053	SpoIIE,Sugar_tr
BGC0002652	M0848	88	9.632	9.632	Methyltransf_23,NTP_transferase
BGC0002652	M1854	31	-4.028	2.646	AS-DegT_DnrJ_EryC1_c47,Epimerase_c47
BGC0002652	MG1423_M1723_M1852	74	-6.585	9.18	AS-DegT_DnrJ_EryC1_c47,Epimerase_c47,Hexose_dehydrat
BGC0002652	MG1484_M0032_M2806_M2894	31	-93.284	-92.938	Aminotran_4,Methyltransf_23
BGC0002652	MG450_M0751_M2593_M2610	813	7.728	7.728	GDP_Man_Dehyd,NTP_transferase
BGC0002657	M0349	91	6.875	6.875	Flavin_Reduct,SBP_bac_1
BGC0002657	MG1592_M2862_M2876	470	-4.369	-4.369	Acyltransferase,ROK
BGC0002657	MG645_M2636_M2656_M2666_M2673_M2674_M2677_M2681_M2689_M2693_M2694_M2712_M2713	871	-16.591	-14.57	Acyltransferase,PAP2
BGC0002666	MG721_M2099_M2670	66	12.433	28.021	Fer4_11;Nitr_red_bet_C,Molybdopterin;Molydop_binding,Nitrate_red_del,Nitrate_red_gam
BGC0002671	M2113	429	3.211	13.539	MM_CoA_mutase,MM_CoA_mutase;B12-binding_c9
BGC0002671	MG1774_M0385_M0855	653	3.388	7.953	Aldedh,TPP_enzyme_N;TPP_enzyme_M;TPP_enzyme_C
BGC0002672	M0152	196	7.036	7.036	Bac_luciferase,Polyketide_cyc2
BGC0002672	M0296	192	6.02	6.02	FMN_red,Sugar_tr
BGC0002672	M0932	359	6.485	6.485	Carboxyl_trans,Sugar_tr
BGC0002672	M1279	59	2.264	2.264	Biotin_carb_N;CPSase_L_D2;Biotin_carb_C;Biotin_lipoyl,Carboxyl_trans,Sugar_tr
BGC0002672	M2301	903	7.681	7.681	Biotin_carb_N;CPSase_L_D2;Biotin_carb_C;Biotin_lipoyl,Carboxyl_trans
BGC0002672	MG1484_M0032_M2806_M2894	31	-93.284	-54.281	AS-PP-binding_c28,AS-p450_c29,Bac_luciferase,FMN_red,KR_c28,KR_c43,PAP2,SnoaL_4
BGC0002672	MG1523_M1029_M1031	539	14.904	33.495	AS-t2clf_c28,AS-t2clf_c39,Cyclase_polyket,FAD_binding_3_c46,Polyketide_cyc2,SnoaL_4
BGC0002672	MG1524_M0073_M0590	631	3.673	12.961	AS-t2clf_c28,AS-t2clf_c39
BGC0002672	MG1850_M0505_M0626	1246	4.101	7.582	Bac_luciferase,FMN_red,Sugar_tr
BGC0002672	MG1980_M1827_M1969_M1973_M1974_M1976_M1977	193	-44.001	-43.393	Carboxyl_trans,KR_c28
BGC0002672	MG534_M1402_M2238_M2261_M2265	1355	2.86	2.86	Biotin_carb_N;CPSase_L_D2;Biotin_carb_C;Biotin_lipoyl,Carboxyl_trans
BGC0002672	MG535_M1110_M1238_M2262_M2266	950	4.177	4.177	Biotin_carb_N;CPSase_L_D2;Biotin_carb_C;Biotin_lipoyl,Carboxyl_trans
BGC0002672	MG645_M2636_M2656_M2666_M2673_M2674_M2677_M2681_M2689_M2693_M2694_M2712_M2713	871	-16.591	-8.846	Bac_luciferase,Carboxyl_trans,PAP2
BGC0002675	M1510	44	21.743	32.064	AS-Aminotran_3_c27,AS-PF00881_c20;AS-PF00881_c13,AS-PPDK_N_c8;PEP-utilizers,NAD_binding_8_c34
BGC0002675	MG403_M1476_M1496_M2005	63	-41.918	-31.938	AS-AMP-binding_c26,Aminotran_1_2
BGC0002676	M0106	72	8.543	8.543	AS-AMP-binding_c38,AS-Abhydrolase_6
BGC0002676	M0163	280	6.233	6.233	Flavin_Reduct,Sugar_tr
BGC0002676	M0202	64	8.01	8.01	AS-AMP-binding_c48,Flavin_Reduct
BGC0002676	M0247	460	6.231	6.231	AS-Abhydrolase_6,Sugar_tr
BGC0002676	M0301	49	8.346	8.346	AS-p450_c16,Thioesterase_c35
BGC0002676	M0611	63	15.32	16.65	B12-binding_c2,Flavin_Reduct,Met_asp_mut_E
BGC0002676	M0662	57	37.402	48.583	4HBT_2,AS-A-OX_c1,AS-PP-binding_c29,B12-binding_c2,DSBA,FabA_c17,Met_asp_mut_E
BGC0002676	M0714	132	7.375	7.375	AS-Abhydrolase_6,Flavin_Reduct
BGC0002676	M0732	272	7.738	7.738	Flavin_Reduct,Thioesterase_c35
BGC0002676	M0932	359	6.485	6.485	Carboxyl_trans,Sugar_tr
BGC0002676	M0971	280	10.077	10.077	AS-AMP-binding_c38,Thioesterase_c35
BGC0002676	M1218	388	1.535	1.535	AS-AMP-binding_c48,Sugar_tr
BGC0002676	M1538	296	-2.272	23.11	AS-PP-binding_c29,AS-ladderane_c25,FabA_c17
BGC0002676	M1585	106	48.541	54.523	AS-APH_c44,AS-PP-binding_c29,AS-ladderane_c23,AS-t2fas_c13,DSBA,FabA_c17,FabA_c2,polyprenyl_synt_c22
BGC0002676	MG1126_M1540_M1548	90	40.129	53.886	AS-PKS_AT_c36,AS-PP-binding_c29,AS-ladderane_c23,AS-ladderane_c25,AS-t2clf_c21,AS-t2fas_c13,DSBA,FabA_c17,FabA_c2
BGC0002676	MG1127_M1539_M1553_M1584	345	12.868	64.279	4HBT_2,AS-APH_c44,AS-PP-binding_c29,AS-ladderane_c23,AS-ladderane_c25,AS-t2fas_c13,DSBA,FabA_c17,FabA_c2,polyprenyl_synt_c22
BGC0002676	MG1200_M1237_M2686_M2732	609	2.048	12.859	B12-binding_c2,Met_asp_mut_E
BGC0002676	MG1357_M1293_M1551_M1552	336	-9.109	0.626	AS-PP-binding_c16,Carboxyl_trans,Flavin_Reduct,Sugar_tr,Thioesterase_c35
BGC0002676	MG403_M1476_M1496_M2005	63	-41.918	-29.364	AS-AMP-binding_c38,AS-Abhydrolase_6
BGC0002678	M1448	366	11.311	25.788	AS-IPL_c2,Chorismate_bind_c6,GFO_IDH_MocA_c1,Thioesterase_c3
BGC0002678	MG757_M1438_M1452_M1836	671	1.671	32.119	AS-AMP-binding_c48,AS-IPL_c2,Chorismate_bind_c6,GFO_IDH_MocA_c1,Thioesterase_c3
BGC0002679	MG796_M2860_M2861_M2871_M2872	930	12.108	22.993	AS-AMP-binding_c48,AS-EntA_c5,AS-EntC_c0,Isochorismatase_c21;AS-PP-binding_c7
BGC0002679	MG797_M2791_M2868_M2869	756	-6.088	17.691	AS-EntA_c5,AS-EntC_c0,Isochorismatase_c21;AS-PP-binding_c7
BGC0002683	M1194	180	0.416	19.615	AS-Aminotran_3_c49,Acetyltransf_8,Lys_Orn_oxgnase_c9
BGC0002683	M1730	120	12.896	24.531	AS-Aminotran_3_c49,Acetyltransf_8,Lys_Orn_oxgnase_c9,Pyridoxal_deC
BGC0002683	M2626	261	-0.865	13.968	Lys_Orn_oxgnase_c9,Pyridoxal_deC
BGC0002683	MG545_M2523_M2524_M2544_M2563_M2565_M2566	728	-2.771	3.488	AS-IucA_IucC_c3,Acetyltransf_8,Pyridoxal_deC
BGC0002683	MG547_M1280_M2554_M2621	1285	-3.467	14.365	AS-IucA_IucC_c3,Acetyltransf_8,Pyridoxal_deC
BGC0002686	MG746_M0744_M1700	111	10.305	28.097	2OG-FeII_Oxy_2,AS-AMP-binding_c48,AS-Orn_monoox_c2,AS-SalSyn_c0,Asp_decarbox
BGC0002688	M1002	179	3.713	7.728	AS-AMP-binding_c48,AS-EntC_c5
BGC0002688	MG841_M1858_M1936	347	9.606	9.606	AS-EntC_c5,Isochorismatase_c21
BGC0002689	M0202	64	8.01	12.207	AS-AMP-binding_c48,AS-PP-binding_c7,Flavin_Reduct
BGC0002689	M0303	115	8.176	8.176	Bac_luciferase,FA_desaturase
BGC0002689	M0824	110	9.323	9.323	FAD_binding_6;NAD_binding_1;Fer2,FA_desaturase
BGC0002689	M1024	425	7.571	7.571	Bac_luciferase,Flavin_Reduct
BGC0002689	MG1357_M1293_M1551_M1552	336	-9.109	-6.735	Bac_luciferase,FA_desaturase,Flavin_Reduct
BGC0002689	MG840_M1570_M1573_M1574_M1576_M2008	796	8.263	9.363	AS-AMP-binding_c48,AS-PP-binding_c7,Isochorismatase_c21
BGC0002690	MG545_M2523_M2524_M2544_M2563_M2565_M2566	728	-2.771	12.816	AS-IucA_IucC_c3,Acetyltransf_8,Lys_Orn_oxgnase_c8,Pyridoxal_deC
BGC0002690	MG547_M1280_M2554_M2621	1285	-3.467	22.264	AS-IucA_IucC_c3,Acetyltransf_8,Lys_Orn_oxgnase_c8,Pyridoxal_deC
BGC0002692	MG545_M2523_M2524_M2544_M2563_M2565_M2566	728	-2.771	3.488	AS-IucA_IucC_c3,Acetyltransf_8,Pyridoxal_deC
BGC0002692	MG547_M1280_M2554_M2621	1285	-3.467	14.365	AS-IucA_IucC_c3,Acetyltransf_8,Pyridoxal_deC
BGC0002693	M0363	221	7.949	7.949	Abhydrolase_3,Aminotran_5
BGC0002693	M0479	95	2.544	2.544	AS-PF00561,Abhydrolase_3
BGC0002693	M2291	114	0.659	9.809	AS-Orn_monoox_c0,AS-PvdO_c0
BGC0002693	MG582_M2324_M2378	96	22.892	25.48	AS-Condensation_c20;AS-AMP-binding_c38;AS-PP-binding_c43,AS-PvdO_c0,AS-PvdP_c0,Aminotran_5,Peptidase_M19
BGC0002693	MG589_M2306_M2393	718	-4.028	33.577	AS-Orn_monoox_c0,AS-PvdO_c0,AS-PvdP_c0,Abhydrolase_3,Peptidase_M19,TREH_N;Glyco_hydro_15
BGC0002693	MG590_M2318_M2367_M2369_M2370_M2371_M2377	366	3.821	31.951	AS-Orn_monoox_c0,AS-PvdO_c0,AS-PvdP_c0,Abhydrolase_3,Aminotran_5,Peptidase_M19,TREH_N;Glyco_hydro_15
BGC0002694	M1485	105	1.329	10.248	AP_endonuc_2,AS-IucA_IucC_c21
BGC0002694	MG1397_M1657_M1658_M1659_M2313	151	-3.723	-1.905	AS-AMP-binding_c1,DAO
BGC0002695	M1647	463	2.65	23.013	AS-EntA_c1,AS-EntC_c1,Isochorismatase_c21;AS-PP-binding_c40
BGC0002695	MG777_M1635_M1641_M1642_M1646_M1648	171	-1.959	5.362	AS-AMP-binding_c48,AS-EntA_c1,AS-EntC_c1,Isochorismatase_c21;AS-PP-binding_c40
BGC0002695	MG779_M1630_M1637_M1676	190	-2.735	21.684	AS-EntA_c1,AS-EntC_c1,Esterase,Isochorismatase_c21;AS-PP-binding_c40
BGC0002695	MG781_M2561_M2736	532	6.041	31.836	AS-AMP-binding_c48,AS-EntA_c1,AS-EntC_c1,Esterase,Isochorismatase_c21;AS-PP-binding_c40
BGC0002696	M0491	78	7.506	27.148	AS-EntA_c7,AS-EntC_c10,AS-PP-binding_c7,FAD_binding_9;SIP
BGC0002696	MG835_M1313_M1329	584	8.476	15.836	AS-AMP-binding_c48,FAD_binding_9;SIP,Isochorismatase_c21
BGC0002696	MG840_M1570_M1573_M1574_M1576_M2008	796	8.263	13.721	AS-AMP-binding_c48,AS-PP-binding_c7,FAD_binding_9;SIP,Isochorismatase_c21
BGC0002707	MG1887_M0366_M0416	424	-1.537	-1.537	Aldo_ket_red,Sugar_tr
BGC0002711	M2296	191	8.784	18.348	AS-FabF,AS-PP-binding_c38,AS-fabH_c2
BGC0002712	M0098	170	7.497	7.497	Bac_luciferase,Methyltransf_2
BGC0002712	M0140	162	6.564	6.724	Lactamase_B,Polyketide_cyc2
BGC0002712	M0152	196	7.036	7.036	Bac_luciferase,Polyketide_cyc2
BGC0002712	MG1484_M0032_M2806_M2894	31	-93.284	-79.644	AS-PP-binding_c28,Bac_luciferase,KR_c28,SnoaL_4
BGC0002712	MG1523_M1029_M1031	539	14.904	25.788	AS-t2clf_c28,AS-t2clf_c39,Cyclase_polyket,Polyketide_cyc2,SnoaL_4
BGC0002712	MG1524_M0073_M0590	631	3.673	12.961	AS-t2clf_c28,AS-t2clf_c39
BGC0002712	MG1980_M1827_M1969_M1973_M1974_M1976_M1977	193	-44.001	-43.833	KR_c28,Lactamase_B
BGC0002713	MG1042_M1580_M1581_M1595_M1604	585	-4.714	-3.2	Methyltransf_31,PNP_UDP_1
BGC0002718	M1226	48	1.385	11.729	AS-APH_c24,MaoC_dehydratas
BGC0002718	MG746_M0744_M1700	111	10.305	21.397	AS-AMP-binding_c48,AS-Orn_monoox_c2,AS-SalSyn_c0,Asp_decarbox
BGC0002729	M0107	101	7.083	7.083	AS-Abhydrolase_6,KR_c24
BGC0002732	M0098	170	7.497	7.497	Bac_luciferase,Methyltransf_2
BGC0002732	M0152	196	7.036	7.036	Bac_luciferase,Polyketide_cyc2
BGC0002732	M0176	123	6.674	6.674	AS-MannoseP_isomer_c2,Polyketide_cyc2
BGC0002732	M0295	198	5.836	5.836	AS-MannoseP_isomer_c2,Methyltransf_2
BGC0002732	M0762	104	10.679	42.136	AS-t2clf_c33,AS-tabtoxin_c0,Anthrone_oxy,FAD_binding_3_c21,FAD_binding_3_c40,TENA_THI-4
BGC0002732	M1400	134	33.006	61.077	ABM_c6,AS-MannoseP_isomer_c2,AS-t2clf_c33,AS-t2clf_c39,AS-tabtoxin_c0,Anthrone_oxy,Cyclase_polyket,FAD_binding_3_c21,FAD_binding_3_c40,Methyltransf_2,NAD_binding_2;NAD_binding_11
BGC0002732	MG1484_M0032_M2806_M2894	31	-93.284	-85.06	Bac_luciferase,KR_c21,KR_c28,NAD_binding_10
BGC0002735	M0301	49	8.346	8.346	AS-p450_c16,Thioesterase_c35
BGC0002735	M0343	128	1.822	6.193	AS-fabH_c2,Thioesterase_c35
BGC0002735	M0870	293	8.943	8.943	AS-fabH_c2,Thioesterase_c35
BGC0002735	M1003	294	10.288	10.288	3HCDH_N;3HCDH,AS-fabH_c2
BGC0002735	MG1357_M1293_M1551_M1552	336	-9.109	-8.814	AS-fabH_c2,Thioesterase_c35
BGC0002788	MG872_M0725_M2236	402	3.624	26.554	AS-DUF692_c40,Abhydrolase_4,Chlor_dismutase,URO-D
BGC0002804	M0110	71	8.479	15.978	AS-Abhydrolase_6,FA_desaturase,Rubredoxin
BGC0002804	M0289	183	6.381	6.381	AS-Abhydrolase_6,DJ-1_PfpI
BGC0002805	M0958	63	-2.309	3.797	FA_desaturase,Lipase_2
BGC0002805	MG1357_M1293_M1551_M1552	336	-9.109	16.001	AS-vlmB_c0,FA_desaturase,Flavin_Reduct,LPG_synthase_C,Polyketide_cyc
BGC0002808	M0199	148	8.796	25.093	AS-AMP-binding_c21,AS-PP-binding_c39,AS-ladderane_c23,FabA_c21
BGC0002808	M0692	147	7.577	7.577	AS-AMP-binding_c21,Bac_luciferase
BGC0002810	M1885	174	19.601	19.601	AS-Chal_sti_synt_N_c36;HMG_CoA_synt_C,AS-t2pks2_c2,ECH_1_c18
BGC0002810	MG1484_M0032_M2806_M2894	31	-93.284	-93.109	AS-PP-binding_c19,AS-p450_c29
BGC0002814	M1885	174	19.601	19.601	AS-Chal_sti_synt_N_c36;HMG_CoA_synt_C,AS-t2pks2_c2,ECH_1_c18
BGC0002816	MG1314_M1251_M1842	399	11.441	11.441	3HCDH_N;3HCDH,AS-PP-binding_c23
BGC0002816	MG1318_M0707_M1134_M1253_M1254_M2037	648	2.128	25.797	3HCDH_N;3HCDH,AS-Methyltransf_3_c0,AS-PP-binding_c23,HAD_2_c20
BGC0002825	M0954	1108	-1.999	21.283	AS-Asn_synthase_c14,AS-PF13471_c2,AS-Stand_Alone_Lasso_RRE_c0
BGC0002835	M0098	170	7.497	15.641	AS-Flavoprotein_c8,Bac_luciferase,Methyltransf_2
BGC0002850	MG872_M0725_M2236	402	3.624	26.554	AS-DUF692_c40,Abhydrolase_4,Chlor_dismutase,URO-D
BGC0002862	M0448	314	7.189	7.189	AS-AMP-binding_c21,AS-PF00561
BGC0002862	MG1887_M0366_M0416	424	-1.537	5.269	AS-PF00561,Sugar_tr
BGC0002863	M0140	162	6.564	6.564	AS-ksIII_c2,Polyketide_cyc2
BGC0002863	M0562	75	11.047	11.047	AS-PKS_AT_c24,AS-ksIII_c2
BGC0002863	M0876	84	15.104	15.104	AS-ksIII_c2,AS-t2clf_c28,AS-t2clf_c39
BGC0002863	MG1484_M0032_M2806_M2894	31	-93.284	-74.455	AS-PKS_AT_c24,AS-PP-binding_c28,AS-ksIII_c2,NAD_binding_10
BGC0002863	MG1523_M1029_M1031	539	14.904	28.083	AS-t2clf_c28,AS-t2clf_c39,Cyclase_polyket,FAD_binding_3_c46,Polyketide_cyc2
BGC0002863	MG1524_M0073_M0590	631	3.673	12.961	AS-t2clf_c28,AS-t2clf_c39
BGC0002866	MG700_M2887_M2888	72	5.398	7.362	AS-Aminotran_3_c49,AS-IucA_IucC_c14,AS-IucA_IucC_c5,AS-Orn_Arg_deC_N_c0;AS-Orn_DAP_Arg_deC_c10,HpcH_HpaI_c3;HpcH_HpaI_c5
BGC0002866	MG701_M1534_M2853_M2898	304	-12.64	36.584	AS-Aminotran_3_c49,AS-IucA_IucC_c14,AS-IucA_IucC_c5,AS-Orn_Arg_deC_N_c0;AS-Orn_DAP_Arg_deC_c10,HpcH_HpaI_c3;HpcH_HpaI_c5,Sugar_tr
BGC0002866	MG704_M2882_M2883	725	2.19	8.657	AS-Orn_Arg_deC_N_c0;AS-Orn_DAP_Arg_deC_c10,HpcH_HpaI_c3;HpcH_HpaI_c5
BGC0002868	MG872_M0725_M2236	402	3.624	26.554	AS-DUF692_c40,Abhydrolase_4,Chlor_dismutase,URO-D
BGC0002869	M0172	130	8.463	8.463	AS-Abhydrolase_6,Hydrolase_4
BGC0002869	M1538	296	-2.272	31.968	AS-PP-binding_c29,AS-ladderane_c25,AS-t2clf_c12,FabA_c17
BGC0002869	MG1126_M1540_M1548	90	40.129	79.621	AS-PKS_AT_c36,AS-PP-binding_c29,AS-adh_short_C2,AS-ladderane_c17,AS-ladderane_c23,AS-ladderane_c25,AS-t2clf_c12,AS-t2fas_c24,DSBA,FabA_c17,FabA_c2,KR_c13
BGC0002869	MG1127_M1539_M1553_M1584	345	12.868	58.441	4HBT_2,AS-PP-binding_c29,AS-ladderane_c23,AS-ladderane_c25,AS-t2clf_c12,DSBA,FabA_c17,FabA_c2,KR_c13
BGC0002873	M1057	188	7.04	7.04	Aldedh,Bac_luciferase
BGC0002873	M1426	46	16.821	27.651	AS-AMP-binding_c8,ECH_1_c18,ECH_1_c43,NAD_binding_2;NAD_binding_11
BGC0002873	M1631	571	7.86	7.86	Aldedh,NAD_binding_2;NAD_binding_11
BGC0002873	M1885	174	19.601	37.968	AS-Chal_sti_synt_N_c36;HMG_CoA_synt_C,AS-PKS_AT_c20,AS-t2pks2_c2,Acyl_transf_1_c7,ECH_1_c18
BGC0002873	M2303	296	8.281	8.281	Aldedh,GAF
BGC0002873	MG1484_M0032_M2806_M2894	31	-93.284	-93.232	Bac_luciferase,Fer2
BGC0002873	MG1983_M1848_M1890	214	8.91	23.531	AS-t2pks2_c2,Acyl_transf_1_c7,ECH_1_c18,ECH_1_c37
BGC0002873	MG510_M0258_M0281	52	-26.516	-23.189	AS-PP-binding_c30,AS-Polysacc_synt_c7
BGC0002879	M0714	132	7.375	7.375	AS-Abhydrolase_6,Flavin_Reduct
BGC0002879	M1538	296	-2.272	31.968	AS-PP-binding_c29,AS-ladderane_c25,AS-t2clf_c12,FabA_c17
BGC0002879	MG1126_M1540_M1548	90	40.129	48.826	AS-PP-binding_c29,AS-ladderane_c23,AS-ladderane_c25,AS-t2clf_c12,DSBA,FabA_c17,FabA_c2,KR_c13
BGC0002879	MG1127_M1539_M1553_M1584	345	12.868	56.768	AS-APH_c44,AS-PP-binding_c29,AS-ladderane_c23,AS-ladderane_c25,AS-t2clf_c12,DSBA,FabA_c17,FabA_c2,KR_c13
BGC0002881	M0782	991	5.902	5.902	Aldedh,Sugar_tr
BGC0002881	MG149_M2827_M2837_M2838	23	-25.855	-22.588	MR_MLE_N;MR_MLE_C,Phosphoesterase;PLipase_C_C
BGC0002881	MG1774_M0385_M0855	653	3.388	3.766	Aldedh,FAA_hydrolase
BGC0002886	M0488	139	7.878	7.878	Amidohydro_2,Cyclase
BGC0002892	M0153	118	1.762	1.762	AS-p450_c7,Sugar_tr
BGC0002892	M0296	192	6.02	6.02	FMN_red,Sugar_tr
BGC0002892	M0314	28	5.158	5.158	Aminotran_1_2,Sugar_tr
BGC0002892	M0383	227	7.058	7.058	FAD_binding_9;SIP,Sugar_tr
BGC0002892	M0393	122	8.099	8.099	Bac_luciferase,FAD_binding_9;SIP
BGC0002892	MG1484_M0032_M2806_M2894	31	-93.284	-71.136	Bac_luciferase,FMN_red,Fer2,KR_c21,KR_c43,NAD_binding_10
BGC0002892	MG1850_M0505_M0626	1246	4.101	7.582	Bac_luciferase,FMN_red,Sugar_tr
BGC0002903	M0954	1108	-1.999	21.283	AS-Asn_synthase_c14,AS-PF13471_c2,AS-Stand_Alone_Lasso_RRE_c0
BGC0002912	M1449	135	12.813	12.813	GFO_IDH_MocA_c1,Sacchrp_dh_NADP
BGC0002912	M1837	225	17.785	17.785	AS-AMP-binding_c48,GFO_IDH_MocA_c1,Sacchrp_dh_NADP
BGC0002912	MG757_M1438_M1452_M1836	671	1.671	8.379	AS-AMP-binding_c48,GFO_IDH_MocA_c1
BGC0002912	MG766_M2575_M2797	256	15.275	15.275	AS-AMP-binding_c48,AS-SalSyn_c0,Sacchrp_dh_NADP
BGC0002919	M0353	31	6.552	17.695	AS-Condensation_c21;AS-AMP-binding_c38;AS-PP-binding_c23,AS-Orn_monoox_c2,Glyoxalase_6
BGC0002919	M0607	32	11.445	18.313	AS-AMP-binding_c38,AS-Condensation_c45,Lyase_1
BGC0002919	M1460	103	8.123	8.123	Glyoxalase_6,PALP
BGC0002919	MG1278_M1350_M2101	263	8.45	13.355	AS-AMP-binding_c38,Beta_elim_lyase,Lyase_1
BGC0002919	MG149_M2827_M2837_M2838	23	-25.855	-17.182	AS-p450_c26,Amino_oxidase_c27,FA_hydroxylase
BGC0002919	MG151_M2785_M2800_M2805_M2846	355	7.023	11.444	AS-p450_c26,Amino_oxidase_c27,FA_hydroxylase
BGC0002928	MG1774_M0385_M0855	653	3.388	7.953	Aldedh,TPP_enzyme_N;TPP_enzyme_M;TPP_enzyme_C
BGC0002931	M0895	79	9.888	9.888	FAD_binding_3_c36,Thioesterase_c35
BGC0002931	MG1336_M0511_M0964	411	6.665	8.531	AS-AMP-binding_c21,Thioesterase_c35
BGC0002931	MG1340_M2418_M2497	139	4.835	30.364	AS-KtzT_c1,AS-LmbU_c0,AS-Orn_monoox_c2,FAD_binding_3_c36,Thioesterase_c35,Thioesterase_c39
BGC0002932	M0098	170	7.497	7.497	Bac_luciferase,Methyltransf_2
BGC0002932	M0140	162	6.564	6.724	Lactamase_B,Polyketide_cyc2
BGC0002932	M0152	196	7.036	7.036	Bac_luciferase,Polyketide_cyc2
BGC0002932	M0163	280	6.233	6.233	Flavin_Reduct,Sugar_tr
BGC0002932	M0242	59	6.671	6.671	Bac_luciferase,PALP
BGC0002932	M0496	269	3.814	17.296	AS-Acyl-CoA_dh_N_c7;Acyl-CoA_dh_2,Flavin_Reduct,SnoaL_4
BGC0002932	M0515	260	6.786	6.786	PALP,Sugar_tr
BGC0002932	M1024	425	7.571	7.571	Bac_luciferase,Flavin_Reduct
BGC0002932	MG1484_M0032_M2806_M2894	31	-93.284	-85.048	ABM_c1,Bac_luciferase,SnoaL_4
BGC0002932	MG1524_M0073_M0590	631	3.673	12.961	AS-t2clf_c28,AS-t2clf_c39
BGC0002932	MG1850_M0505_M0626	1246	4.101	4.101	Bac_luciferase,Sugar_tr
BGC0002932	MG1980_M1827_M1969_M1973_M1974_M1976_M1977	193	-44.001	-43.915	Lactamase_B,PALP
BGC0002932	MG562_M2294_M2380	1678	0.005	11.774	Biotin_carb_N;CPSase_L_D2;Biotin_carb_C,Biotin_lipoyl
BGC0002939	M0190	114	9.129	9.129	AS-MannoseP_isomer_c2,FAD_binding_4;BBE
BGC0002939	M0252	68	6.733	6.733	AS-MannoseP_isomer_c2,AS-PF00561
BGC0002939	M0362	139	8.15	8.15	AS-MannoseP_isomer_c2,SpoIIE
BGC0002939	M0404	190	9.502	9.502	Glyoxalase_6,SpoIIE
BGC0002939	M1093	154	6.096	6.096	AS-PF00561,SpoIIE
BGC0002939	M1460	103	8.123	8.123	Glyoxalase_6,PALP
BGC0002939	MG1484_M0032_M2806_M2894	31	-93.284	-89.196	AS-PF00561,EHN,KR_c21
BGC0002948	MG1484_M0032_M2806_M2894	31	-93.284	-87.8	AS-PF00561,AS-PKS_AT_c24,AS-p450_c29
BGC0002958	M0377	118	6.266	6.266	NTP_transferase,PfkB
BGC0002958	M0437	179	8.37	8.37	AS-DegT_DnrJ_EryC1_c15,NTP_transferase
BGC0002958	M0560	43	7.733	22.539	AS-MGT_c0,AS-p450_c2,GDP_Man_Dehyd,Radical_SAM_c33
BGC0002958	M1090	59	10.581	10.581	AS-DegT_DnrJ_EryC1_c15,GDP_Man_Dehyd
BGC0002958	MG450_M0751_M2593_M2610	813	7.728	13.019	AS-MGT_c0,GDP_Man_Dehyd,NTP_transferase
BGC0002958	MG475_M1088_M1089	204	4.345	4.345	AS-DegT_DnrJ_EryC1_c15,GDP_Man_Dehyd
BGC0002958	MG476_M0463_M1027	192	9.949	9.949	AS-DegT_DnrJ_EryC1_c15,Thioesterase_c35
BGC0002961	M0199	148	8.796	36.932	4HBT_c6,AS-AMP-binding_c21,AS-PP-binding_c39,AS-ladderane_c23,FabA_c21,Transket_pyr;Transketolase_C
BGC0002961	M1137	91	8.46	8.46	AS-AMP-binding_c21,AS-PP-binding_c30
BGC0002962	M0201	135	7.691	7.691	AS-MannoseP_isomer_c2,Aldo_ket_red
BGC0002964	M0331	128	8.912	8.912	AS-p450_c29,Beta-lactamase
BGC0002964	M0465	184	8.162	8.162	Bac_luciferase,Thioesterase_c35
BGC0002964	M0496	269	3.814	8.699	Flavin_Reduct,SnoaL_4
BGC0002964	M0732	272	7.738	7.738	Flavin_Reduct,Thioesterase_c35
BGC0002964	M1024	425	7.571	7.571	Bac_luciferase,Flavin_Reduct
BGC0002964	MG1357_M1293_M1551_M1552	336	-9.109	-6.994	Bac_luciferase,Flavin_Reduct,Thioesterase_c35
BGC0002964	MG1484_M0032_M2806_M2894	31	-93.284	-88.858	AS-p450_c29,Bac_luciferase,SnoaL_4
BGC0002977	M0018	72	17.034	25.695	CT_A_B,CT_C_D,Peptidase_C15
BGC0002977	M0048	73	9.929	9.929	Lipase_GDSL,Metallophos
BGC0002977	M0065	57	8.887	13.971	CMD,DJ-1_PfpI,SGL
BGC0002977	M0070	133	7.595	34.52	AS-PF04055_c48;Mob_synth_C,AS-adh_short_C2,Aconitase;Aconitase_C,Ferrochelatase,KR_c22,NLPC_P60
BGC0002977	M0072	87	7.52	10.493	Aldo_ket_red,Lactamase_B,Peptidase_M20
BGC0002977	M0074	117	8.781	12.454	DJ-1_PfpI,HD,Metallophos
BGC0002977	M0089	65	7.348	7.348	AS-Abhydrolase_6,Aldo_ket_red
BGC0002977	M0094	93	8.839	14.937	Glycos_trans_3N;Glycos_transf_3,Hydrolase_4,Peptidase_M20
BGC0002977	M0096	160	8.665	8.665	Aldo_ket_red,CMD
BGC0002977	M0109	61	7.519	7.519	AS-Abhydrolase_6,PALP
BGC0002977	M0110	71	8.479	8.479	AS-Abhydrolase_6,FA_desaturase
BGC0002977	M0113	62	-6.35	80.072	AS-Abi,AS-PF00561,AS-Peptidase_S9,CoA_trans,ECH_1_c20,HI0933_like,Hydrolase_4,ICMT_c7,NUDIX,PEPCK_ATP,Peptidase_M17_N;Peptidase_M17,Peptidase_M20,Radical_SAM_c2,S-AdoMet_synt_N;S-AdoMet_synt_M;S-AdoMet_synt_C,TPP_enzyme_N;TPP_enzyme_C
BGC0002977	M0114	78	7.825	7.825	AS-MannoseP_isomer_c2,Beta-lactamase
BGC0002977	M0116	54	8.613	12.085	FA_desaturase,Hydrolase_4,KR_c25
BGC0002977	M0123	133	3.209	46.545	AS-Asn_synthase_c19;tRNA_Me_trans_C,Amidase,Asp_Glu_race,GatB_Yqey,Glyco_hydro_4C,Ham1p_like,ROK,SBP_bac_1,Sugar_tr,Transgly;Transpeptidase
BGC0002977	M0129	131	8.358	8.358	AS-adh_short_C2,Bac_luciferase
BGC0002977	M0130	110	8.238	12.659	AS-MannoseP_isomer_c2,KR_c12,NLPC_P60
BGC0002977	M0132	126	9.533	15.115	DAO,FAD_binding_4;FAD-oxidase_C,FGGY_N;FGGY_C
BGC0002977	M0133	136	7.92	15.329	Amidohydro_1,Peptidase_M20,Urocanase
BGC0002977	M0134	24	-3.324	20.068	AS-Polysacc_synt_c7,AS-tabtoxin_c0,Acyltransferase,GGDEF,SQS_PSY_c35
BGC0002977	M0138	178	7.072	7.072	AS-PF00561,DJ-1_PfpI
BGC0002977	M0140	162	6.564	12.308	Lactamase_B,NMO,Polyketide_cyc2
BGC0002977	M0144	100	1.604	15.372	AS-AMP-binding_c13,AS-MannoseP_isomer_c2,Acyl_transf_3,Bac_luciferase,FAA_hydrolase,Sugar_tr,Usp
BGC0002977	M0146	82	8.586	8.586	Aldo_ket_red,MDMPI_N
BGC0002977	M0149	55	-2.0	56.519	AS-PF00561,Acyltransferase,Aminotran_1_2,CLP_protease,Glutaminase,NLPC_P60,Radical_SAM_c25;AS-PF06968_c4,Urease_alpha;Amidohydro_1,Urease_beta,Urease_gamma
BGC0002977	M0150	112	8.687	13.745	AS-MannoseP_isomer_c2,Ald_Xan_dh_C;MoCoBD_1,TPP_enzyme_N;TPP_enzyme_M;TPP_enzyme_C
BGC0002977	M0152	196	7.036	7.036	Bac_luciferase,Polyketide_cyc2
BGC0002977	M0156	49	8.729	14.259	AS-fabH_c2,DeoC,MaoC_dehydratas
BGC0002977	M0160	129	8.117	15.25	Aminotran_1_2,FAD_binding_4;MurB_C,MaoC_dehydratas
BGC0002977	M0163	280	6.233	14.072	Flavin_Reduct,MmgE_PrpD,Sugar_tr
BGC0002977	M0164	98	8.231	8.231	PALP,Peptidase_M20
BGC0002977	M0165	154	7.044	11.058	Peptidase_M20,SIS,Sugar_tr
BGC0002977	M0166	163	5.232	9.354	AS-MannoseP_isomer_c2,FMN_red,Flavodoxin_2
BGC0002977	M0172	130	8.463	8.463	AS-Abhydrolase_6,Hydrolase_4
BGC0002977	M0174	101	8.066	8.066	SBP_bac_1,SpoIIE
BGC0002977	M0175	66	6.19	18.815	Bac_luciferase,FAD_binding_2;Succ_DH_flav_C,Gly_kinase,MaoC_dehydratas
BGC0002977	M0176	123	6.674	6.674	AS-MannoseP_isomer_c2,Polyketide_cyc2
BGC0002977	M0177	159	6.759	13.568	AS-Abhydrolase_6,NAD_binding_10,PRAI
BGC0002977	M0178	127	7.773	7.773	AS-Abhydrolase_6,KR_c25
BGC0002977	M0181	90	8.74	17.704	2-Hacid_dh_C,Acetyltransf_10;Acetyltransf_18,DAO
BGC0002977	M0183	303	0.178	22.359	2-Hacid_dh_C,ABM_c3,Aldo_ket_red,F_bP_aldolase,SBP_bac_1
BGC0002977	M0185	105	8.224	8.224	AS-Abhydrolase_6,SpoIIE
BGC0002977	M0186	141	7.038	7.038	AS-Abhydrolase_6,Polyketide_cyc2
BGC0002977	M0190	114	9.129	9.129	AS-MannoseP_isomer_c2,FAD_binding_4;BBE
BGC0002977	M0200	215	4.644	10.736	AS-MannoseP_isomer_c2,PfkB,TPP_enzyme_N;TPP_enzyme_M;TPP_enzyme_C
BGC0002977	M0201	135	7.691	7.691	AS-MannoseP_isomer_c2,Aldo_ket_red
BGC0002977	M0202	64	8.01	14.464	AS-AMP-binding_c48,Flavin_Reduct,IGPS
BGC0002977	M0207	80	8.519	8.519	AS-PP-binding_c23,Aminotran_1_2
BGC0002977	M0209	84	5.579	16.102	Bac_luciferase,KR_c25,Radical_SAM_c48
BGC0002977	M0210	152	7.632	7.632	Aldo_ket_red,SpoIIE
BGC0002977	M0211	103	5.534	22.267	AS-adh_short_C2,Beta-lactamase,CbiA,Ferrochelatase,NLPC_P60
BGC0002977	M0213	76	7.053	7.053	SpoIIE,Sugar_tr
BGC0002977	M0214	52	5.978	11.04	Amidase,Asp_Glu_race,SBP_bac_1
BGC0002977	M0219	91	8.711	8.711	AP_endonuc_2,NUDIX
BGC0002977	M0223	102	7.855	7.855	AS-MannoseP_isomer_c2,CMD
BGC0002977	M0228	32	5.242	10.512	Beta-lactamase,IMS_c0,NUDIX
BGC0002977	M0229	111	10.011	10.011	KR_c12,KR_c25
BGC0002977	M0241	147	6.609	14.592	AS-PF00561,CMD,KR_c25,MDMPI_N
BGC0002977	M0242	59	6.671	6.671	Bac_luciferase,PALP
BGC0002977	M0246	261	7.117	19.65	Aldo_ket_red,ApbA;ApbA_C,DJ-1_PfpI,THUMP;ThiI
BGC0002977	M0247	460	6.231	6.231	AS-Abhydrolase_6,Sugar_tr
BGC0002977	M0252	68	6.733	11.248	AS-MannoseP_isomer_c2,AS-PF00561,Flavodoxin_2
BGC0002977	M0253	145	4.078	11.916	AS-adh_short_C2,KR_c21,Thiolase_N;Thiolase_C
BGC0002977	M0259	170	-0.203	8.666	Esterase,FGGY_N;FGGY_C
BGC0002977	M0264	55	8.63	21.496	DSBA,GATase_c6,PALP,Transpeptidase
BGC0002977	M0267	159	6.713	22.448	Aminotran_1_2,FA_desaturase,Fer4_8;CCG,LMWPc,tRNA-synt_2
BGC0002977	M0276	113	8.073	8.073	Aminotran_1_2,Aminotran_5
BGC0002977	M0278	101	7.793	7.793	Aldo_ket_red,Polyketide_cyc2
BGC0002977	M0282	105	8.964	8.964	AS-adh_short_C2,AS-fabH_c2
BGC0002977	M0283	102	8.911	8.911	AP_endonuc_2,AS-Polysacc_synt_c7
BGC0002977	M0287	36	78.374	84.098	3HCDH_N;3HCDH,4HBT_c13,5_nucleotid_C,AS-Flavoprotein_c1;DFP,AS-adh_short_C2,Ala_racemase_N,CoaE,DHDPS,IPPT,LMWPc,MTS,Metallophos,dCMP_cyt_deam_1;RibD_C
BGC0002977	M0288	102	7.438	14.408	KR_c25,Methyltransf_11_c36,Polyketide_cyc2
BGC0002977	M0289	183	6.381	6.381	AS-Abhydrolase_6,DJ-1_PfpI
BGC0002977	M0296	192	6.02	6.02	FMN_red,Sugar_tr
BGC0002977	M0298	53	8.811	8.811	FMN_red,RibD_C
BGC0002977	M0303	115	8.176	8.176	Bac_luciferase,FA_desaturase
BGC0002977	M0304	159	6.874	6.874	AS-Abhydrolase_6,FMN_red
BGC0002977	M0314	28	5.158	5.158	Aminotran_1_2,Sugar_tr
BGC0002977	M0316	90	6.375	19.36	AS-PF00561,Chlor_dismutase,RibD_C,SelR
BGC0002977	M0320	121	6.9	11.586	AS-PF00561,Flavodoxin_2,NAD_binding_10
BGC0002977	M0322	106	7.482	7.482	AS-Abhydrolase_6,Beta-lactamase
BGC0002977	M0323	142	-2.542	28.137	AS-Aminotran_3_c34,FA_desaturase,MDMPI_N,NUDIX,OTCace_N;OTCace,Peptidase_C15,Sugar_tr
BGC0002977	M0325	78	7.147	7.147	Aldo_ket_red,PALP
BGC0002977	M0329	87	7.501	7.501	AS-p450_c29,Aminotran_1_2
BGC0002977	M0330	31	7.79	11.722	AS-p450_c29,Beta-lactamase,Lactamase_B,NAD_binding_10
BGC0002977	M0331	128	8.912	8.912	AS-p450_c29,Beta-lactamase
BGC0002977	M0333	41	6.56	13.953	E1_dh,Flavin_Reduct,Transket_pyr;Transketolase_C
BGC0002977	M0335	140	7.81	7.81	Bac_luciferase,RibD_C
BGC0002977	M0340	250	8.375	15.945	Aminotran_1_2,Lactamase_B_3,Thioredoxin_3;Pyr_redox_2_c36
BGC0002977	M0343	128	1.822	1.822	AS-Abhydrolase_6,AS-fabH_c2
BGC0002977	M0349	91	6.875	6.875	Flavin_Reduct,SBP_bac_1
BGC0002977	M0354	59	8.68	8.68	DJ-1_PfpI,FMN_red
BGC0002977	M0356	116	7.632	7.632	AS-fabH_c2,Lactamase_B
BGC0002977	M0361	83	8.276	14.639	Aldedh,Lipase_2,MaoC_dehydratas
BGC0002977	M0362	139	8.15	8.15	AS-MannoseP_isomer_c2,SpoIIE
BGC0002977	M0371	234	6.714	14.239	COX4_pro,DJ-1_PfpI,Sugar_tr
BGC0002977	M0374	121	7.496	7.496	AS-Abhydrolase_6,Thiolase_N;Thiolase_C
BGC0002977	M0376	97	7.177	12.793	AS-PF00561,CMD,Molybdop_Fe4S4;Molybdopterin;Molydop_binding
BGC0002977	M0377	118	6.266	27.869	Aldolase,Aldose_epim,NTP_transferase,PfkB,UxuA
BGC0002977	M0379	47	1.015	19.92	Gln-synt_N;Gln-synt_C,His_Phos_1,Pro_CA,RuBisCO_large
BGC0002977	M0380	75	9.381	9.381	KR_c25,TPP_enzyme_N;TPP_enzyme_M;TPP_enzyme_C
BGC0002977	M0382	120	8.437	14.913	AS-Chal_sti_synt_N_c13,SpoIIE,Usp
BGC0002977	M0386	103	7.881	40.561	FtsJ,Ldh_1_N;Ldh_1_C,PGM_PMM_I;PGM_PMM_II;PGM_PMM_III;PGM_PMM_IV,Pterin_bind,TIM,polyprenyl_synt_c2
BGC0002977	M0396	182	7.368	12.744	Beta-lactamase,Glu_synthase,PALP
BGC0002977	M0398	117	11.94	19.29	FAD_binding_4,FAD_binding_4;FAD-oxidase_C,Fer4_8;CCG
BGC0002977	M0400	135	7.717	7.717	Bac_luciferase,Peptidase_M20
BGC0002977	M0412	117	9.229	9.229	Amidase,Beta-lactamase
BGC0002977	M0414	109	6.263	10.619	Bac_luciferase,Formyl_trans_N;Formyl_trans_C,ROK
BGC0002977	M0423	66	8.602	8.602	AS-AMP-binding_c21,Flavin_Reduct
BGC0002977	M0427	83	4.946	4.946	AS-Polysacc_synt_c7,Aminotran_1_2
BGC0002977	M0431	90	5.045	37.59	AS-Polysacc_synt_c7,DHH,DapB_N;DapB_C,FAD_syn;Flavokinase,Lactamase_B,TruB_N
BGC0002977	M0437	179	8.37	19.806	AS-DegT_DnrJ_EryC1_c15,Epimerase_c16,NTP_transferase,UDPG_MGDP_dh_N;UDPG_MGDP_dh;UDPG_MGDP_dh_C
BGC0002977	M0443	212	7.741	7.741	NUDIX,PALP
BGC0002977	M0448	314	7.189	7.189	AS-AMP-binding_c21,AS-PF00561
BGC0002977	M0450	148	9.458	9.458	Acyl_transf_3,Flavin_Reduct
BGC0002977	M0453	154	3.265	17.916	Fer2_3;Fer4_8,Hydrolase_4,Lactamase_B,NMO
BGC0002977	M0454	321	7.756	7.756	AP_endonuc_2,Sugar_tr
BGC0002977	M0455	329	6.559	19.634	Aldolase,GFO_IDH_MocA_c8;GFO_IDH_MocA_C,PfkB,Sugar_tr
BGC0002977	M0466	98	7.645	7.645	Lactamase_B,Peptidase_M20
BGC0002977	M0467	60	4.252	13.41	Aldedh,Bac_luciferase,Flavin_Reduct,RibD_C,Sugar_tr
BGC0002977	M0470	98	5.362	16.439	AS-PF00561,AS-p450_c16,Creatinase_N;Peptidase_M24,Peptidase_M14
BGC0002977	M0484	181	9.774	14.633	MR_MLE_N;MR_MLE_C,Peptidase_M20,SIS
BGC0002977	M0490	97	0.595	42.615	AS-HMGL-like_c18;LeuA_dimer,Esterase,Globin;FAD_binding_6;NAD_binding_1,Hydrolase_3,ICMT_c7,MDMPI_N,Rhodanese,Rhodanese;Lactamase_B
BGC0002977	M0514	217	7.062	24.643	AS-bacilysin_c1,AS-dTDP_sugar_isom_c0,KR_c12,Sugar_tr
BGC0002977	M0515	260	6.786	6.786	PALP,Sugar_tr
BGC0002977	M0517	149	9.944	17.597	AP_endonuc_2,FGGY_N;FGGY_C,rhaM
BGC0002977	M0525	55	15.236	23.535	3HCDH_N;3HCDH,AS-PP-binding_c23,Beta-lactamase,HAD_2_c13
BGC0002977	M0534	94	7.216	7.216	PALP,ROK
BGC0002977	M0539	146	7.309	14.489	AS-DXP_synthase_N_c0;Transket_pyr;Transketolase_C,His_Phos_1,NUDIX,polyprenyl_synt_c16
BGC0002977	M0542	130	8.405	23.791	Aldolase,His_Phos_1,KR_c5,MaoC_dehydratas
BGC0002977	M0549	76	5.678	10.122	AS-PF00561,Cytochrome_CBB3,Lactamase_B
BGC0002977	M0552	73	5.532	11.835	Aldedh,DAO,DHDPS,SBP_bac_1
BGC0002977	M0564	187	7.655	7.655	Aldedh,Esterase
BGC0002977	M0566	35	5.103	19.59	2OG-Fe_Oxy_2,Catalase;Catalase-rel,PA;Peptidase_M28,SHMT
BGC0002977	M0572	195	7.07	17.446	Acetyltransf_10;GrpB,Aldo_ket_red,KR_c28
BGC0002977	M0574	236	8.311	31.34	Amidohydro_1,Guanylate_kin,OMPdecase,OTCace_N;OTCace,Pribosyltran,ThiS
BGC0002977	M0577	136	10.173	15.513	2-Hacid_dh_C,Aldolase_II,FGGY_N;FGGY_C
BGC0002977	M0578	52	8.063	8.063	AS-AMP-binding_c21,NMO
BGC0002977	M0581	101	10.025	10.025	KR_c21,NMO
BGC0002977	M0589	100	6.334	31.248	AS-AMP-binding_c48,Aminotran_1_2,GARS_N;GARS_A;GARS_C,HIT,Lyase_1;ADSL_C,SAICAR_synt,Sugar_tr
BGC0002977	M0593	109	69.351	167.868	AS-Capsule_synth_c5,AS-DegT_DnrJ_EryC1_c15,AS-Glyco_tran_28_C_c16,AS-Glycos_transf_2_c17,AS-Glycos_transf_2_c18,AS-Glycos_transf_2_c28,AS-MannoseP_isomer_c2,AS-RmlD_sub_bind_c29,AS-bacilysin_c1,AS-dTDP_sugar_isom_c0,Aldedh,Aminotran_1_2,BPL_LplA_LipB,CTP_transf_3,Chlor_dismutase,GDP_Man_Dehyd,HD,KR_c12,KR_c26,NAD_binding_2,NTP_transferase,NeuB,PTA_PTB,Peptidase_M20,SIS,Sugar_tr,Tautomerase
BGC0002977	M0599	418	5.307	23.141	AS-MannoseP_isomer_c2,AS-bacilysin_c1,AS-dTDP_sugar_isom_c0,Sugar_tr
BGC0002977	M0620	97	7.559	20.128	Histidinol_dh,Peptidase_M20,SGL,TPP_enzyme_N;TPP_enzyme_M;TPP_enzyme_C
BGC0002977	M0621	88	10.028	10.028	Amidase,CMD
BGC0002977	M0632	50	-14.127	26.517	AS-Asn_synthase_c19;tRNA_Me_trans_C,GatB_Yqey,Glyco_hydro_4C,Ham1p_like
BGC0002977	M0644	155	8.827	8.827	DJ-1_PfpI,NAD_binding_10
BGC0002977	M0650	95	-4.622	35.018	AS-MannoseP_isomer_c2,AS-Peptidase_S9,Acetyltransf_10,Amidohydro_1;Adenine_deam_C,Hpt,Hydrolase_4,Lipase_GDSL,Putative_PNPOx_c7,Sugar_tr
BGC0002977	M0651	68	1.255	96.002	AS-EntA_c1,AS-EntC_c1,Acetyltransf_1_c0,Adenylsucc_synt,AhpC-TSA,Catalase;Catalase-rel,DHH,DHH;DHHA2,DLH,FMN_red,Glyoxalase_c3,Glyoxalase_c3;Glyoxalase_c49,Glyoxalase_c45,Lactamase_B
BGC0002977	M0652	59	9.275	9.275	AS-DegT_DnrJ_EryC1_c15,Epimerase_c16
BGC0002977	M0674	165	7.524	7.524	AS-PF00561,Metallophos
BGC0002977	M0678	47	6.467	23.686	AS-Bac_transf_c4,AS-Polysacc_synt_c1,GDP_Man_Dehyd,Glyco_tran_WecG
BGC0002977	M0681	165	7.28	7.28	AS-AMP-binding_c13,FAA_hydrolase
BGC0002977	M0684	176	8.722	8.722	AS-AMP-binding_c21,FA_desaturase
BGC0002977	M0689	391	6.955	29.765	Amidohydro_1,DAO,DHDPS,TMP-TENI,ThiG,ThiS
BGC0002977	M0690	249	6.886	12.233	AS-PF00561,Beta-lactamase,NmrA
BGC0002977	M0692	147	7.577	7.577	AS-AMP-binding_c21,Bac_luciferase
BGC0002977	M0708	66	9.333	9.333	PALP,TPP_enzyme_N;TPP_enzyme_M;TPP_enzyme_C
BGC0002977	M0713	227	8.749	8.749	NTP_transferase,Peptidase_M23
BGC0002977	M0714	132	7.375	7.375	AS-Abhydrolase_6,Flavin_Reduct
BGC0002977	M0719	39	20.13	49.728	AS-Flavoprotein_c1;DFP,Amidohydro_1,Beta-lactamase,Guanylate_kin,OMPdecase,OTCace_N;OTCace,Pribosyltran,Ribul_P_3_epim,S-AdoMet_synt_N;S-AdoMet_synt_M;S-AdoMet_synt_C
BGC0002977	M0722	86	-3.766	12.978	AS-MannoseP_isomer_c2,CoA_binding_2,Hexapep_2,NTP_transferase
BGC0002977	M0755	398	9.109	9.109	AP_endonuc_2,ROK
BGC0002977	M0756	228	7.533	21.011	Aminotran_1_2,Fer4_8;CCG,LMWPc,UDPG_MGDP_dh_N;UDPG_MGDP_dh;UDPG_MGDP_dh_C
BGC0002977	M0769	204	8.63	8.63	3HCDH_N;3HCDH,Beta-lactamase
BGC0002977	M0779	70	0.03	4.347	AS-Pkinase_c3,Bac_luciferase,Rieske
BGC0002977	M0782	991	5.902	11.22	Aldedh,Citrate_synt,Sugar_tr
BGC0002977	M0808	62	7.435	13.999	CMD,FAD_binding_5,NAD_binding_2;NAD_binding_11
BGC0002977	M0845	62	13.839	13.839	AS-Bac_transf_c8,GDP_Man_Dehyd,UDPG_MGDP_dh_N;UDPG_MGDP_dh;UDPG_MGDP_dh_C
BGC0002977	M0850	362	9.538	9.538	KR_c26,Thiolase_N;Thiolase_C
BGC0002977	M0854	80	6.579	6.579	Esterase,Sugar_tr
BGC0002977	M0860	144	8.533	8.533	Aminotran_5,DJ-1_PfpI
BGC0002977	M0866	151	6.772	6.772	Aldo_ket_red,NUDIX
BGC0002977	M0867	66	9.696	9.696	Acyl_transf_3,Lipase_GDSL
BGC0002977	M0869	90	8.758	23.709	GFO_IDH_MocA_c8;GFO_IDH_MocA_C,KduI,PfkB,TPP_enzyme_N;TPP_enzyme_M;TPP_enzyme_C
BGC0002977	M0889	152	6.563	22.102	AS-AMP-binding_c21,Acetyltransf_10;GrpB,Carboxyl_trans,Glyoxalase_4
BGC0002977	M0892	181	6.366	6.366	Aminotran_1_2,His_Phos_1
BGC0002977	M0899	102	7.052	36.266	AS-Flavoprotein_c1;DFP,Guanylate_kin,OMPdecase,OTCace_N;OTCace,Pribosyltran,ThiG
BGC0002977	M0910	107	6.201	6.201	Aldo_ket_red,FMN_red
BGC0002977	M0919	98	10.382	17.359	ArsC,FMN_red,LMWPc
BGC0002977	M0932	359	6.485	6.485	Carboxyl_trans,Sugar_tr
BGC0002977	M0937	79	-13.753	19.339	FAD_binding_2;Succ_DH_flav_C,Fer2_3;Fer4_8,KR_c12,NLPC_P60,NMO
BGC0002977	M0952	171	4.508	4.508	ICL,PTPS
BGC0002977	M0955	134	8.036	8.036	Aminotran_1_2,TPP_enzyme_N;TPP_enzyme_M;TPP_enzyme_C
BGC0002977	M0958	63	-2.309	36.194	AS-Bac_transf_c8,FA_desaturase,Fer4_8;CCG,LMWPc,Lipase_2,PS_pyruv_trans
BGC0002977	M0960	191	7.582	27.291	ACPS_c47,Acetyltransf_3_c14,Beta-lactamase,Glyco_hydro_3;Glyco_hydro_3_C,Lipase_GDSL
BGC0002977	M0973	384	-0.566	25.928	Urease_alpha;Amidohydro_1,Urease_beta,Urease_gamma
BGC0002977	M0987	305	7.531	12.938	Aldedh,Flavin_Reduct,Tautomerase
BGC0002977	M1003	294	10.288	10.288	3HCDH_N;3HCDH,AS-fabH_c2
BGC0002977	M1008	152	6.641	13.287	AS-FabF,Aldo_ket_red,His_Phos_1
BGC0002977	M1021	307	7.156	7.156	AS-AMP-binding_c48,Aldedh
BGC0002977	M1024	425	7.571	7.571	Bac_luciferase,Flavin_Reduct
BGC0002977	M1028	150	9.525	9.525	Aldolase_II,Bac_luciferase
BGC0002977	M1038	227	6.824	14.552	Aldo_ket_red,Beta-lactamase,GFO_IDH_MocA_c34;GFO_IDH_MocA_C
BGC0002977	M1054	24	3.741	35.287	AS-ATP-grasp_c31,AS-Pkinase_c3,Acetate_kinase,PTA_PTB,Rhodanese,ThiS
BGC0002977	M1057	188	7.04	7.04	Aldedh,Bac_luciferase
BGC0002977	M1068	405	6.422	6.422	Aldo_ket_red,Bac_luciferase
BGC0002977	M1074	53	19.328	45.86	AS-DHQ_synthase_c2,Chorismate_synt,Creatinase_N;Peptidase_M24,DHquinase_II,NusB,Peptidase_A24,SKI
BGC0002977	M1075	80	16.735	44.737	Chorismate_synt,Creatinase_N;Peptidase_M24,DHquinase_II,FtsJ,Guanylate_kin,NAD_kinase,NusB
BGC0002977	M1090	59	10.581	10.581	AS-DegT_DnrJ_EryC1_c15,GDP_Man_Dehyd
BGC0002977	M1093	154	6.096	18.632	AS-Chal_sti_synt_N_c13,AS-PF00561,Acetyltransf_1_c46,SpoIIE
BGC0002977	M1096	154	8.398	8.398	Acyl_transf_3,CbiA
BGC0002977	M1108	73	13.364	30.502	AS-AMP-binding_c21,AS-HMGL-like_c8,Carboxyl_trans,ECH_1_c37,SAM_MT,Thiolase_N;Thiolase_C
BGC0002977	M1109	40	5.837	47.778	ACT;ALS_ss_C,His_biosynth,ILVD_EDD,IlvN;IlvC,Iso_dh,Methyltransf_31,PRA-CH;PRA-PH,Sugar_tr,TPP_enzyme_N;TPP_enzyme_M;TPP_enzyme_C
BGC0002977	M1111	423	10.409	22.589	AS-AMP-binding_c21,AS-HMGL-like_c8,Biotin_carb_N;CPSase_L_D2;Biotin_carb_C,Biotin_lipoyl,Carboxyl_trans
BGC0002977	M1126	225	7.431	15.205	ICMT_c7,NUDIX,PEPCK_ATP
BGC0002977	M1136	27	5.513	17.856	AS-Abhydrolase_6,Catalase;Catalase-rel,NUDIX,Peptidase_M48,UbiA
BGC0002977	M1138	98	9.5	33.299	AS-Flavoprotein_c1;DFP,DHO_dh,Guanylate_kin,OMPdecase,Pribosyltran
BGC0002977	M1164	778	7.934	7.934	DAO,SBP_bac_1
BGC0002977	M1185	200	9.252	9.252	DJ-1_PfpI,HD
BGC0002977	M1188	36	2.287	20.873	Biotin_carb_N;CPSase_L_D2;Biotin_carb_C;AS-HMGL-like_c15;PYC_OADA;Biotin_lipoyl,CDP-OH_P_transf_c2,NUDIX,ROK,UbiA
BGC0002977	M1193	49	7.159	19.127	3HCDH_N;3HCDH,AS-DegT_DnrJ_EryC1_c15,AS-PKS_AT_c20,DHquinase_II
BGC0002977	M1212	73	10.355	10.355	AS-AMP-binding_c21,AS-PP-binding_c38
BGC0002977	M1218	388	1.535	44.926	AS-AMP-binding_c48,AS-EntA_c1,AS-EntC_c1,Chorismate_bind_c6,ICL,MmgE_PrpD,Sugar_tr,TGS
BGC0002977	M1219	82	9.705	14.151	AS-PP-binding_c38,AS-Polysacc_synt_c7,Hydrolase_3
BGC0002977	M1247	240	1.315	12.881	AS-PP-binding_c40,FabA_c1
BGC0002977	M1262	76	10.524	16.78	Amidase,BPL_LplA_LipB,CN_hydrolase
BGC0002977	M1272	330	7.271	7.271	AS-AMP-binding_c21,AS-Abhydrolase_6
BGC0002977	M1281	77	13.013	38.647	CBS,DHBP_synthase;GTP_cyclohydro2,DMRL_synthase,IMPDH,Lum_binding,Ribul_P_3_epim,dCMP_cyt_deam_1;RibD_C
BGC0002977	M1284	112	4.342	14.331	Bac_luciferase,FAD_binding_2;Succ_DH_flav_C,Fer2_3;Fer4_8
BGC0002977	M1315	68	9.078	22.539	Aldose_epim,Arabinose_Isome;Arabinose_Iso_C,FGGY_N;FGGY_C,Molybdop_Fe4S4;Molybdopterin;Molydop_binding
BGC0002977	M1317	117	9.035	25.941	DeoC,FGGY_N;FGGY_C,LacAB_rpiB,Sugar-bind
BGC0002977	M1322	377	7.581	7.581	AS-MannoseP_isomer_c2,DAO
BGC0002977	M1331	254	7.108	13.104	AS-FabF,AS-fabH_c2,Aldo_ket_red
BGC0002977	M1335	256	7.006	16.445	Bac_luciferase,CN_hydrolase,G_glu_transpept,Peptidase_M24
BGC0002977	M1359	30	97.127	155.572	AIRS;AIRS_C,AS-APH_c42,AS-Acyl-CoA_dh_N_c46;AS-Acyl-CoA_dh_M_c11;AS-Acyl-CoA_dh_1_c22,AS-Condensation_c32;AS-AMP-binding_c43;AS-PP-binding_c36,AS-hyb_KS_c16;AS-PKS_AT_c12;AS-PP-binding_c18;AS-Condensation_c29,AS-tra_KS_c21;AS-PKS_AT_c12;AS-adh_short;AS-PP-binding_c32,Alk_phosphatase,Amidohydro_1;Adenine_deam_C,Formyl_trans_N,GARS_N;GARS_A;GARS_C,GatB_Yqey,Glu_synthase,HAD_2_c13,MGS;AICARFT_IMPCHas,MgtC,PcrB,Thioesterase_c43
BGC0002977	M1368	142	2.525	25.322	AS-DXP_synthase_N_c0;Transket_pyr;Transketolase_C,GGDEF,NusB,PgpA,polyprenyl_synt_c16
BGC0002977	M1371	51	10.773	10.773	AS-Polysacc_synt_c7,ClpB_D2-small
BGC0002977	M1382	54	22.724	22.724	AS-Bac_transf_c4,AS-Polysacc_synt_c5,Acyl_transf_3,UDPG_MGDP_dh_N;UDPG_MGDP_dh;UDPG_MGDP_dh_C
BGC0002977	M1404	25	57.154	64.201	Acyl_transf_3,Asparaginase;Asparaginase_C,CMD,GDP_Man_Dehyd,IMS_c0,KR_c15,KR_c25,LCM,Methyltransf_11_c36,NMO,PHP,Peptidase_A8,Polyketide_cyc2
BGC0002977	M1410	302	3.351	37.938	CTP_transf_like,FGAR-AT_linker;AIRS;AIRS_C,IPPT,Pro_isomerase,Queuosine_synth,polyprenyl_synt_c16
BGC0002977	M1413	198	1.683	16.503	CCG,Fer4_8
BGC0002977	M1415	124	8.056	32.491	Aldose_epim,ClpB_D2-small,F_bP_aldolase,Fer4_8;CCG,Pribosyltran,Spermine_synth
BGC0002977	M1426	46	16.821	16.821	AS-AMP-binding_c8,ECH_1_c18,NAD_binding_2;NAD_binding_11
BGC0002977	M1461	23	15.933	33.453	AS-Bac_transf_c4,AS-Polysacc_synt_c4,CbiA,Epimerase_c39,Hexapep_2,Polysacc_deac_1,Trypsin
BGC0002977	M1471	280	14.285	29.326	Anth_synt_I_N;Chorismate_bind_c7,GATase_c6,Glycos_trans_3N;Glycos_transf_3,IGPS
BGC0002977	M1483	122	6.774	6.774	Cytochrome_CBB3,GAF
BGC0002977	M1502	240	13.018	25.961	AS-Mac;Hexapep_2,Aminotran_1_2,Biotin_carb_N;CPSase_L_D2;Biotin_carb_C,Biotin_lipoyl,Dus
BGC0002977	M1544	34	11.214	28.731	AS-Bac_transf_c4,AS-Polysacc_synt_c5,GGDEF,Glyco_tran_WecG,TPK_catalytic;TPK_B1_binding
BGC0002977	M1582	65	16.833	77.207	2-Hacid_dh_C;PGDH_inter;ACT,ACT;ALS_ss_C,AS-Aminotran_3_c21,Aconitase,Aconitase_C,Aminotran_4,FAA_hydrolase,GatB_Yqey,IlvN;IlvC,Iso_dh,Mannitol_dh;Mannitol_dh_C,TPP_enzyme_N;TPP_enzyme_M;TPP_enzyme_C
BGC0002977	M1590	51	5.285	21.602	AS-Polysacc_synt_c5,Acyl_transf_3,FAD_binding_4,Glyco_tran_WecG
BGC0002977	M1593	613	3.497	48.69	ACT;ALS_ss_C,AS-HMGL-like_c18;LeuA_dimer,Aconitase,Aconitase_C,ILVD_EDD,IlvN;IlvC,Iso_dh,TPP_enzyme_N;TPP_enzyme_M;TPP_enzyme_C
BGC0002977	M1614	145	7.742	7.742	Aminotran_1_2,CMD
BGC0002977	M1631	571	7.86	19.576	Aldedh,ICL,MmgE_PrpD,NAD_binding_2;NAD_binding_11
BGC0002977	M1632	419	1.031	20.442	Citrate_synt,ICL,MmgE_PrpD
BGC0002977	M1640	92	7.121	19.848	AS-ThiF,GGDEF,HD,Peptidase_A24
BGC0002977	M1647	463	2.65	30.414	AS-EntA_c1,AS-EntC_c1,Isochorismatase_c21;AS-PP-binding_c40,TGS
BGC0002977	M1683	60	-5.505	-0.153	Metallophos;5_nucleotid_C,PLDc_2
BGC0002977	M1686	172	15.745	18.156	APS_kinase,Inositol_P,PAPS_reduct
BGC0002977	M1690	495	8.715	16.102	AS-HMGL-like_c8,Carboxyl_trans,ECH_1_c37
BGC0002977	M1738	121	9.375	23.343	AS-Peptidase_S9,Catalase;Catalase-rel;Catalase_C,Peptidase_M20,Peptidase_S66
BGC0002977	M1746	103	12.57	55.09	AS-Lant_dehydr_C_c6,AS-Lant_dehydr_N_c11,AS-PF00881_c1,AS-Stand_Alone_Lasso_RRE_c7,AS-TIGR03604_c6,AS-Thiopeptide_F_RRE_c0;AS-PF00881_c12
BGC0002977	M1776	79	15.599	31.801	AP_endonuc_2,AS-AMP-binding_c8,Catalase;Catalase-rel,NAD_binding_2;NAD_binding_11,TPP_enzyme_N;TPP_enzyme_M;TPP_enzyme_C,Transthyretin,XdhC_CoxI;XdhC_C
BGC0002977	M1797	218	5.9	25.983	AS-DHQ_synthase_c2,GATase_2;Glu_syn_central;Glu_synthase;GXGXG,SKI,SPOR,URO-D
BGC0002977	M1841	38	-2.722	6.882	HD,NAD_kinase,SLT,Transgly;Transpeptidase
BGC0002977	M1854	31	-4.028	5.84	AS-DegT_DnrJ_EryC1_c47,AS-MGT_c4,PNP_UDP_1
BGC0002977	M1864	139	26.035	67.948	AS-Flavoprotein_c4,AS-PF00561,Aminotran_1_2,Glyco_hydro_1,Molybdop_Fe4S4;Molybdopterin;Molydop_binding,NosD,OMPdecase,Putative_PNPOx_c7,SIS,Thioesterase_c29,UbiD
BGC0002977	M1879	386	3.385	23.827	AS-Flavoprotein_c4,Putative_PNPOx_c7,UbiD
BGC0002977	M1885	174	19.601	26.492	AS-Chal_sti_synt_N_c36;HMG_CoA_synt_C,AS-PKS_AT_c20,AS-t2pks2_c2,ECH_1_c18
BGC0002977	M1893	199	13.118	37.193	OMPdecase,Putative_PNPOx_c7,Pyr_redox_2_c19;Rubredoxin_C;Fer2_BFD,Pyr_redox_2_c21,Thioesterase_c29
BGC0002977	M1897	105	16.31	19.663	Amidohydro_1,CN_hydrolase,G_glu_transpept,Lactamase_B_3,Peptidase_M24
BGC0002977	M1940	190	13.994	25.958	CLP_protease,ClpB_D2-small,FKBP_C,LON_substr_bdg;Lon_C
BGC0002977	M1999	60	10.136	16.568	Ldh_2,Polysacc_deac_1,UDPG_MGDP_dh_N;UDPG_MGDP_dh;UDPG_MGDP_dh_C
BGC0002977	M2010	36	11.463	23.318	Aminotran_4,Biotin_lipoyl;E3_binding;2-oxoacid_dh,E1_dh,Transket_pyr;Transketolase_C
BGC0002977	M2033	208	5.944	6.302	AS-Peptidase_S8,GAF_2
BGC0002977	M2045	147	10.147	33.59	Aldolase,MR_MLE_N;MR_MLE_C,Mannitol_dh;Mannitol_dh_C,PfkB,UxaC
BGC0002977	M2059	420	9.689	16.606	KR_c5,MaoC_dehydratas,Thiolase_N;Thiolase_C
BGC0002977	M2068	316	11.271	18.54	CoA_trans,KR_c5,Thiolase_N;Thiolase_C
BGC0002977	M2084	356	2.036	8.501	Fer2;Fer2_2,XdhC_CoxI;XdhC_C
BGC0002977	M2174	42	85.851	176.291	4HBT_c22,AS-AMP-binding_c48,AS-EntA_c1,AS-EntC_c1,AlaDh_PNT_N;AlaDh_PNT_C,EAL,Esterase,HD,IMPDH,Isochorismatase_c21;AS-PP-binding_c40,Isochorismatase_c45,KR_c15,KR_c25,NAPRTase_N;NAPRTase;NAPRTase_C,Oxidored_molyb,Oxidored_q2,Peptidase_M17_N;Peptidase_M17,PhzC-PhzF_c1,Proton_antipo_N_c1,Pyr_redox_2_c3,Pyr_redox_2_c37,Pyr_redox_2_c9,polyprenyl_synt_c20
BGC0002977	M2192	111	12.589	12.589	Aconitase;Aconitase_C,EPSP_synthase
BGC0002977	M2215	689	12.52	12.52	APS_kinase,PAPS_reduct
BGC0002977	M2256	52	15.979	37.503	AS-Glyco_tran_28_C_c16,CTP_transf_3,CTP_transf_like,NeuB,TPP_enzyme_N;TPP_enzyme_C
BGC0002977	M2284	342	4.329	20.744	AS-DXP_synthase_N_c0;Transket_pyr;Transketolase_C,GCHY-1,Rhodanese,polyprenyl_synt_c16
BGC0002977	M2287	69	36.571	73.402	AS-Flavoprotein_c1;DFP,CN_hydrolase,Formyl_trans_N;Formyl_trans_C,Guanylate_kin,IMPDH,NusB,OMPdecase,Ribul_P_3_epim,S-AdoMet_synt_N;S-AdoMet_synt_M;S-AdoMet_synt_C,Sugar-bind,dCMP_cyt_deam_1;RibD_C
BGC0002977	M2295	188	16.388	41.839	AS-Mac;Hexapep_2,Biotin_carb_N;CPSase_L_D2;Biotin_carb_C,Biotin_lipoyl,DHquinase_II,Dus,GATase_c0,Methyltransf_31
BGC0002977	M2296	191	8.784	18.348	AS-FabF,AS-PP-binding_c38,AS-fabH_c2
BGC0002977	M2303	296	8.281	13.391	Aldedh,Cytochrome_CBB3,GAF
BGC0002977	M2314	33	12.405	28.441	AS-Aminotran_3_c46,AS-Bac_transf_c8,Glyco_hydro_65N;Glyco_hydro_65m;Glyco_hydro_65C,PS_pyruv_trans
BGC0002977	M2374	45	7.923	26.411	AS-Bac_transf_c4,AS-Polysacc_synt_c1,Glyco_hydro_16,PS_pyruv_trans
BGC0002977	M2381	30	32.034	64.359	AA_kinase_c6;PUA,AS-Glycos_transf_2_c42,AS-HMGL-like_c8,Biotin_carb_N;CPSase_L_D2;Biotin_carb_C,Biotin_lipoyl,ComA,ECH_1_c22,F420_oxidored;P5CR_dimer,Peptidase_S13,Pyr_redox_2_c11
BGC0002977	M2394	265	10.092	10.092	AS-Bac_transf_c4,CbiA
BGC0002977	M2430	155	11.344	19.768	AS-Bac_transf_c4,AS-TunD_c1,UDPG_MGDP_dh_N;UDPG_MGDP_dh;UDPG_MGDP_dh_C
BGC0002977	M2431	40	12.218	30.26	AS-Bac_transf_c4,AS-Wzy_C_c4,Epimerase_c39,Glyco_hydro_16,UDPG_MGDP_dh_N;UDPG_MGDP_dh;UDPG_MGDP_dh_C
BGC0002977	M2454	43	28.402	61.135	Dynamin_N,GSHPx,HD,HTS,ICMT_c7,ILVD_EDD,Peptidase_M32,SAM_MT,THUMP;MTS
BGC0002977	M2457	278	0.815	14.756	DHFR_1,Thymidylat_synt
BGC0002977	M2465	299	4.816	4.816	Carboxyl_trans,Esterase
BGC0002977	M2485	158	5.805	29.87	AA_kinase_c20,DHH,HD;RelA_SpoT;TGS;ACT,Lactamase_B,Pribosyltran
BGC0002977	M2509	59	33.971	50.412	Acetate_kinase,PA;Peptidase_M28,PTA_PTB,Phos_pyr_kin,TMP-TENI,ThiG,ThiS
BGC0002977	M2519	84	9.748	9.748	Inositol_P,NUDIX
BGC0002977	M2534	53	7.617	21.24	AS-AMP-binding_c48,GARS_N;GARS_A;GARS_C,GSHPx,HIT,SAICAR_synt
BGC0002977	M2551	364	12.831	30.136	FAD_binding_2;Succ_DH_flav_C,NadA,Pan_kinase,QRPTase_N;QRPTase_C
BGC0002977	M2570	65	5.077	23.396	Asparaginase;Asparaginase_C,GDP_Man_Dehyd,Methyltransf_11_c36,Peptidase_A8
BGC0002977	M2595	340	-3.341	52.844	AA_kinase_c6;PUA,AS-ADH_N_c22;AS-ADH_zinc_N_c16,AS-Chal_sti_synt_C_c12,AS-Condensation_c40;AS-AMP-binding_c38;AS-PP-binding_c23,Cellulase;CBM_3,ECH_1_c22,Glyco_hydro_43;CBM_6
BGC0002977	M2632	333	2.642	24.113	CoA_binding,Cpn10,Cpn60_TCP1
BGC0002977	M2638	429	9.068	15.381	COX1,COX3,Cytochrome_CBB3
BGC0002977	M2676	117	15.097	24.365	AS-Bac_transf_c8,AS-Polysacc_synt_c5,CbiA,Glyco_tran_WecG
BGC0002977	M2708	197	-8.933	14.998	AS-TIGR03651_c1,BioW,UxuA
BGC0002977	M2730	78	-8.571	8.591	ACT;ALS_ss_C,DPPIV_N;AS-Peptidase_S9,IlvN;IlvC,Rieske
BGC0002977	M2754	189	7.842	16.086	Acyltransferase,CbiA,Cytidylate_kin
BGC0002977	M2777	92	-0.504	7.288	Pro_CA,dCMP_cyt_deam_1
BGC0002977	M2789	85	38.134	62.815	AS-Glycos_transf_4_c5,AS-Orn_Arg_deC_N_c9;AS-Orn_DAP_Arg_deC_c13,ATP-synt_ab,GHMP_kinases_N;GHMP_kinases_C,LMWPc,NAD_binding_3;Homoserine_dh;ACT,NLPC_P60,PALP,SHMT,Transpeptidase
BGC0002977	M2801	280	5.991	5.991	Asp_decarbox,NAD_binding_2;6PGD
BGC0002977	M2814	338	3.089	22.445	PTPS,QueC,QueF
BGC0002977	M2907	280	1.286	5.429	Aconitase;Aconitase_C,Rotamase
BGC0002977	M3001	264	0.163	3.581	AS-RmlD_sub_bind_c29;DUF1731,Peptidase_M17_N;Peptidase_M17
BGC0002977	MG029_M0969_M0970	113	4.635	31.502	AS-PF00881_c8,PRAI,Pribosyltran_N;Pribosyl_synth,Tautomerase,UPRTase
BGC0002977	MG069_M1320_M2345	187	2.383	16.709	GCV_T;GCV_T_C,Lactonase,Polysacc_deac_1,SHMT
BGC0002977	MG100_M1939_M2488	496	9.533	18.644	CLP_protease,ClpB_D2-small,FKBP_C
BGC0002977	MG1042_M1580_M1581_M1595_M1604	585	-4.714	1.805	AS-adh_short_C2,Methyltransf_31,PNP_UDP_1
BGC0002977	MG1047_M2790_M2813	184	28.516	56.937	AS-Glycos_transf_4_c5,AS-Orn_Arg_deC_N_c9;AS-Orn_DAP_Arg_deC_c13,ATP-synt_ab,GHMP_kinases_N;GHMP_kinases_C,LMWPc,MTS,NAD_binding_3;Homoserine_dh;ACT,PALP,SHMT
BGC0002977	MG1071_M1270_M1743_M1789	672	-6.161	-0.371	FMN_dh,GHMP_kinases_N;GHMP_kinases_C
BGC0002977	MG1081_M1992_M2018_M2362_M2363	50	6.51	18.258	AS-FabF,AS-PP-binding_c38,Acetyltransf_1_c12,AhpC-TSA,His_Phos_1,PHP,ROK
BGC0002977	MG1148_M1200_M2213	243	-0.919	24.476	APS_kinase,GAF,Glyco_hydro_43;GH43_C2,PAPS_reduct,SBP_bac_1
BGC0002977	MG1174_M0816_M0940	339	5.01	15.368	AS-AMP-binding_c21,OTCace_N;OTCace,PALP,Peptidase_S51
BGC0002977	MG1211_M1361_M1362	131	-8.895	71.95	AS-APH_c42,AS-Condensation_c32;AS-AMP-binding_c43;AS-PP-binding_c36,Alk_phosphatase,Amidohydro_1;Adenine_deam_C,GatB_Yqey,HAD_2_c13,MgtC,PcrB,Thioesterase_c43
BGC0002977	MG1213_M1353_M1356_M1357_M1360	92	28.203	143.49	3HCDH_N;3HCDH,AS-APH_c42,AS-Condensation_c32;AS-AMP-binding_c43;AS-PP-binding_c36,AS-PP-binding_c40,AS-tra_KS_c21;AS-PKS_AT_c12;AS-adh_short;AS-PP-binding_c32,Alk_phosphatase,Amidase,Amidohydro_1;Adenine_deam_C,Beta-lactamase,CoA_trans,DAGK_cat;YegS_C,GARS_N;GARS_A;GARS_C,GatB_Yqey,Glu_synthase,HAD_2_c13,MGS;AICARFT_IMPCHas,Methyltransf_31,MgtC,PcrB,Thioesterase_c43
BGC0002977	MG1243_M0456_M0500	95	-4.011	4.031	Citrate_synt,FAD_binding_4;FAD-oxidase_C,FA_desaturase
BGC0002977	MG1314_M1251_M1842	399	11.441	11.441	3HCDH_N;3HCDH,AS-PP-binding_c23
BGC0002977	MG1348_M1323_M1324_M2537_M2542	80	-3.704	8.1	AS-MannoseP_isomer_c2,Bac_luciferase,CMD,DAO,DoxD,G_glu_transpept,Glyoxalase_4,SGL
BGC0002977	MG1357_M1293_M1551_M1552	336	-9.109	27.279	AS-AMP-binding_c14,AS-adh_short_C2,AS-fabH_c2,Aldedh,Bac_luciferase,Carboxyl_trans,DAGK_cat;YegS_C,FA_desaturase,Flavin_Reduct,MmgE_PrpD,Sugar_tr
BGC0002977	MG139_M1481_M2482	189	6.55	19.88	Asp_Glu_race,Asp_decarbox,GIDA,NAD_binding_2;6PGD,Peptidase_M23
BGC0002977	MG1403_M0477_M0478	246	-1.6	5.82	Acetyltransf_1_c23,Amidohydro_1,Aminotran_5,DSBA
BGC0002977	MG1408_M1302_M1726_M1734_M1735	78	-34.685	108.53	Amidohydro_1;Adenine_deam_C,ApbA;ApbA_C,Beta-lactamase,Biotin_lipoyl;E3_binding;2-oxoacid_dh,E1_dh,Hydrolase_3,Inositol_P,Lactamase_B,NAD_binding_2,OKR_DC_1;OKR_DC_1_C,PepSY;Peptidase_M4;Peptidase_M4_C,Pep_deformylase,Peptidase_M29,Peptidase_S26,PfkB,Polysacc_deac_1,Pyr_redox_2_c36;Pyr_redox_dim,Pyr_redox_2_c4;Pyr_redox_2_c36;Pyr_redox_dim,Transket_pyr;Transketolase_C
BGC0002977	MG1410_M0344_M0429_M2012_M2015	1046	-3.047	18.786	Biotin_lipoyl;E3_binding;2-oxoacid_dh,E1_dh,Transket_pyr;Transketolase_C
BGC0002977	MG1412_M0921_M2016_M2017	621	3.807	13.76	AS-AMP-binding_c21,E1_dh,Transket_pyr;Transketolase_C
BGC0002977	MG1423_M1723_M1852	74	-6.585	1.999	AS-DegT_DnrJ_EryC1_c47,AS-MGT_c4
BGC0002977	MG1439_M2628_M2704	291	0.288	30.08	Cpn60_TCP1,IspD,TOBE_c1,ThiS,YgbB
BGC0002977	MG1484_M0032_M2806_M2894	31	-93.284	92.808	ACT,AS-PF00561,AS-RmlD_sub_bind_c29;DUF1731,AS-p450_c29,Acyltransferase,Aldo_ket_red,Aminotran_4,Bac_luciferase,Biotin_lipoyl;E3_binding;2-oxoacid_dh,COX2_TM;COX2,COX3,Cytochrome_CBB3,FMN_red,Gly_kinase,Glycos_trans_3N;Glycos_transf_3,KR_c21,KR_c23,KR_c28,KR_c29,NAD_binding_10,OsmC,PAP2,Peptidase_M17_N;Peptidase_M17,PfkB,Rieske,TPP_enzyme_N;TPP_enzyme_M;TPP_enzyme_C
BGC0002977	MG1485_M2994_M3002	83	-9.945	34.108	AS-RmlD_sub_bind_c29,AS-RmlD_sub_bind_c29;DUF1731,ArsC,Biotin_lipoyl;E3_binding;2-oxoacid_dh,Gln-synt_N;Gln-synt_C,Peptidase_M17_N;Peptidase_M17,Peptidase_M48,Trypsin
BGC0002977	MG149_M2827_M2837_M2838	23	-25.855	18.765	AS-Flavoprotein_c4,Alk_phosphatase,HAD_2_c29,KR_c9,MR_MLE_N;MR_MLE_C,Radical_SAM_c1
BGC0002977	MG1556_M2658_M2733_M2764	714	-14.074	15.024	Acyltransferase,Mur_ligase_M,PFK,Pep_deformylase
BGC0002977	MG1590_M2030_M2031_M2032_M2233_M2504_M2627_M2637_M2755_M2773_M2774	1112	-25.995	-12.316	Rieske,SpoIIE
BGC0002977	MG1592_M2862_M2876	470	-4.369	31.893	AS-Pkinase_c33,Acyltransferase,Methyltransf_5,Mur_ligase;Mur_ligase_M;Mur_ligase_C,PBP_dimer;Transpeptidase,ROK
BGC0002977	MG1593_M2906_M2946_M2956_M2957_M2985_M2986	1002	-9.004	47.475	AS-Pkinase_c33,Acyltransferase,Biotin_carb_N;CPSase_L_D2;Biotin_carb_C;AS-HMGL-like_c15;PYC_OADA;Biotin_lipoyl,CbiA,Methyltransf_5,Mur_ligase;Mur_ligase_M;Mur_ligase_C,Mur_ligase_M;Mur_ligase_C,PBP_dimer;Transpeptidase,Pep_deformylase
BGC0002977	MG1595_M2146_M2795_M2969	372	0.888	3.388	AS-Pkinase_c3,Acyltransferase,Methyltransf_5
BGC0002977	MG1619_M1033_M1514	99	0.004	17.299	Isochorismatase_c20,Oxidored_molyb,PALP,RibD_C,Usp
BGC0002977	MG1633_M1865_M1892	151	8.29	65.384	ACPS_c28,AS-Flavoprotein_c4,AS-PF00561,GCHY-1,OMPdecase,Putative_PNPOx_c7,Pyr_redox_2_c47;Rubredoxin_C;Fer2_BFD,Thioesterase_c29,UbiD
BGC0002977	MG1634_M1863_M1877_M1880_M1891	205	1.936	113.263	ACPS_c28,AS-Flavoprotein_c4,AS-TP_methylase_c6,Aminotran_1_2,GCHY-1,Glyco_hydro_1,Molybdop_Fe4S4;Molybdopterin;Molydop_binding,NosD,OMPdecase,Putative_PNPOx_c7,Pyr_redox_2_c19;Rubredoxin_C;Fer2_BFD,Pyr_redox_2_c21,Pyr_redox_2_c47;Rubredoxin_C;Fer2_BFD,Rieske,SIS,Thioesterase_c29,UbiD
BGC0002977	MG1649_M2840_M2857_M2858	655	0.394	19.943	GTP_cyclohydroI,PTPS,QueC
BGC0002977	MG1667_M2442_M2719_M2897	145	10.345	12.147	Aconitase;Aconitase_C,Pribosyltran,Rotamase,SKI,Transket_pyr;Transketolase_C
BGC0002977	MG1672_M0826_M0838	357	5.704	13.588	NUDIX,Oxidored_molyb,SKI
BGC0002977	MG1673_M0842_M0843_M0844	186	17.402	35.125	Aldo_ket_red,Bac_luciferase,His_Phos_1,KR_c17,KR_c28,NUDIX,Oxidored_molyb,Peptidase_M20,SKI
BGC0002977	MG1695_M0822_M0868_M0886_M1041_M2096_M2097	1035	-2.539	14.792	Ald_Xan_dh_C;MoCoBD_1,Fer2;Fer2_2,XdhC_CoxI;XdhC_C
BGC0002977	MG1743_M0814_M1517	190	6.319	11.342	Glyco_hydro_3;Glyco_hydro_3_C,SBP_bac_1,SIS
BGC0002977	MG1754_M0227_M0464	179	0.775	14.758	Beta-lactamase,NUDIX,Peripla_BP_6,Polysacc_deac_1,Rieske
BGC0002977	MG1774_M0385_M0855	653	3.388	15.319	AS-adh_short_C2,Aldedh,FAA_hydrolase,TPP_enzyme_N;TPP_enzyme_M;TPP_enzyme_C
BGC0002977	MG1787_M0501_M0502	474	6.14	10.835	AS-MannoseP_isomer_c2,Aldedh,DAO
BGC0002977	MG1850_M0505_M0626	1246	4.101	12.369	Aldo_ket_red,Bac_luciferase,FMN_red,Sugar_tr
BGC0002977	MG1887_M0366_M0416	424	-1.537	8.325	AS-PF00561,Aldo_ket_red,Sugar_tr
BGC0002977	MG1888_M0195_M0251	288	-9.164	7.056	AS-PF00561,Aldo_ket_red
BGC0002977	MG1907_M0403_M2546	315	4.442	4.442	RibD_C,SpoIIE
BGC0002977	MG190_M0591_M0606	63	1.814	5.856	FMN_dh,Peptidase_M23,Peptidase_S26
BGC0002977	MG1936_M0754_M1458	385	7.371	10.367	AP_endonuc_2,ROK,UbiA
BGC0002977	MG1980_M1827_M1969_M1973_M1974_M1976_M1977	193	-44.001	118.072	ABM_c5,AS-AMP-binding_c21,AS-PF00561,Acetyltransf_10;GrpB,Acetyltransf_1_c46,Acyl_transf_1_c7;NMO,Aldo_ket_red,Carboxyl_trans,F420_oxidored;P5CR_dimer,G6PD_N;G6PD_C,Glyoxalase_4,Hydrolase_4,IMS_c0,IMS_c7,KR_c25,KR_c28,Lactamase_B,NAD_binding_2;6PGD,NUDIX,Oxidored_FMN_c16,PALP,PRK,Peptidase_M20
BGC0002977	MG1983_M1848_M1890	214	8.91	25.757	AS-t2pks2_c2,Amidase_3;SPOR,ECH_1_c18,ECH_1_c37,Lactamase_B
BGC0002977	MG201_M2723_M2724	153	20.564	51.484	AS-Pkinase_c3,GATase_c6,PP2C,Pro_isomerase,Rhodanese,Rhomboid,Sortase,Transpeptidase
BGC0002977	MG214_M1487_M2973	71	18.543	68.167	AS-PF04055_c48;Mob_synth_C,AS-ThiF,CbiA,MoCF_biosynth,MoaC,MoaE,MobB,MoeA_N;MoCF_biosynth;MoeA_C,NTP_transf_3,ThiS
BGC0002977	MG219_M2342_M2508	666	1.464	25.172	DAO,TMP-TENI,ThiG,ThiS
BGC0002977	MG276_M2671_M2745_M2836	43	-20.984	-15.969	AS-AMP-binding_c20,Glyco_hydro_11
BGC0002977	MG291_M0945_M2904	50	1.501	30.149	AS-Bac_transf_c4,AS-DegT_DnrJ_EryC1_c15,AS-Polysacc_synt_c5,Glyco_hydro_16,PS_pyruv_trans
BGC0002977	MG302_M1369_M2612	150	9.94	14.348	AS-Bac_transf_c8,NosD,UDPG_MGDP_dh_N;UDPG_MGDP_dh;UDPG_MGDP_dh_C
BGC0002977	MG303_M1948_M1951_M1952	151	3.279	22.432	AS-Aminotran_3_c34,AS-Bac_transf_c8,AS-PIG-L_c4,PAP2,PS_pyruv_trans
BGC0002977	MG304_M2189_M2839	176	5.263	33.736	AS-Bac_transf_c8,CbiA,Fer4_8;CCG,LMWPc,PS_pyruv_trans,UDPG_MGDP_dh_N;UDPG_MGDP_dh;UDPG_MGDP_dh_C
BGC0002977	MG305_M1346_M2611	107	9.719	45.361	AS-Bac_transf_c8,CbiA,Fer4_8;CCG,Glyco_tran_WecG,LMWPc,NTP_transferase,PS_pyruv_trans,UDPG_MGDP_dh_N;UDPG_MGDP_dh;UDPG_MGDP_dh_C
BGC0002977	MG306_M0894_M1259	132	6.856	37.63	AS-Bac_transf_c8,Aminotran_1_2,Fer4_8;CCG,LMWPc,NTP_transferase,PS_pyruv_trans,UDPG_MGDP_dh_N;UDPG_MGDP_dh;UDPG_MGDP_dh_C
BGC0002977	MG321_M2993_M3000	346	4.026	14.011	AS-Polysacc_synt_c5,Glyco_tran_WecG
BGC0002977	MG323_M2984_M2996	81	14.719	22.211	AS-Bac_transf_c8,AS-Glycos_transf_2_c29,AS-Polysacc_synt_c5,Glyco_tran_WecG
BGC0002977	MG337_M2945_M2967	187	6.632	8.066	AS-Bac_transf_c4,AS-Epimerase_2_c1,AS-Polysacc_synt_c5,Polysacc_deac_1,UDPG_MGDP_dh_N;UDPG_MGDP_dh;UDPG_MGDP_dh_C
BGC0002977	MG342_M0739_M2410	91	10.846	16.226	AS-Bac_transf_c4,Hydrolase_4,Polysacc_deac_1,UDPG_MGDP_dh_N;UDPG_MGDP_dh;UDPG_MGDP_dh_C
BGC0002977	MG345_M2530_M2911	312	4.812	24.01	AS-Bac_transf_c4,AS-Polysacc_synt_c5,CbiA,Glyco_tran_WecG,Trypsin
BGC0002977	MG350_M2411_M2910	326	4.25	11.355	AS-Bac_transf_c4,Glyco_hydro_26,Polysacc_deac_1
BGC0002977	MG372_M2885_M2886_M2890_M2891_M2900	605	2.165	15.348	Amidohydro_1,Aminotran_1_2,His_Phos_1,NTP_transf_3,SCP2,Transthyretin
BGC0002977	MG389_M1921_M1922	411	5.228	5.228	Aminotran_1_2,FMN_dh
BGC0002977	MG403_M1476_M1496_M2005	63	-41.918	2.672	AS-APH_c48,AS-Abhydrolase_6,AS-PIG-L_c4,Acetyltransf_1_c1,Aminotran_1_2
BGC0002977	MG414_M2251_M2254_M2255_M2276	109	20.665	146.163	AS-Capsule_synth_c5,AS-DegT_DnrJ_EryC1_c15,AS-Glyco_tran_28_C_c16,AS-Glycos_transf_2_c17,AS-Glycos_transf_2_c18,AS-Glycos_transf_2_c28,AS-MannoseP_isomer_c2,AS-Peptidase_M50,AS-bacilysin_c1,AS-dTDP_sugar_isom_c0,Aldedh,Aminotran_1_2,BPL_LplA_LipB,CTP_transf_3,Chlor_dismutase,ELFV_dehydrog_N;ELFV_dehydrog,GDP_Man_Dehyd,HD,KR_c26,NTP_transferase,NeuB,PTA_PTB,Tautomerase
BGC0002977	MG417_M2244_M2277	354	-0.968	37.587	AS-Glyco_tran_28_C_c16,AS-dTDP_sugar_isom_c0,CTP_transf_3,NTP_transferase,NeuB
BGC0002977	MG439_M0584_M2933	320	2.579	2.952	GGDEF,Sulfatase
BGC0002977	MG440_M1929_M2445	69	6.724	18.974	AS-RmlD_sub_bind_c29,Aminotran_1_2,GDP_Man_Dehyd,NTP_transferase,Sulfatase
BGC0002977	MG450_M0751_M2593_M2610	813	7.728	15.01	AS-RmlD_sub_bind_c29,GDP_Man_Dehyd,NTP_transferase
BGC0002977	MG464_M1403_M1405	101	13.466	36.88	Asparaginase;Asparaginase_C,CMD,IMS_c0,Methyltransf_11_c36,NMO,Peptidase_A8
BGC0002977	MG465_M1040_M1406	100	0.783	50.853	Asparaginase;Asparaginase_C,CMD,IMS_c0,KR_c15,KR_c25,Methyltransf_11_c36,NMO,PHP,Peptidase_A8
BGC0002977	MG475_M1088_M1089	204	4.345	4.345	AS-DegT_DnrJ_EryC1_c15,GDP_Man_Dehyd
BGC0002977	MG494_M1556_M1899_M1903_M1908_M1909_M1911_M1914_M1916_M1917	269	-1.697	22.102	AS-DHQ_synthase_c2,AS-DegT_DnrJ_EryC1_c15,Acetyltransf_2,DHquinase_II,ROK
BGC0002977	MG510_M0258_M0281	52	-26.516	58.746	AS-Polysacc_synt_c7,Aldose_epim,Amidase_3,Dus,FAA_hydrolase,GD_AH_C,GalKase_gal_bdg;GHMP_kinases_N;GHMP_kinases_C,GalP_UDP_transf;GalP_UDP_tr_C,KR_c21,NUDIX,rhaM
BGC0002977	MG529_M0703_M1107	217	2.966	10.884	2-Hacid_dh_C,AS-HMGL-like_c8,Carboxyl_trans,DSBA
BGC0002977	MG533_M0912_M1267	327	4.299	26.098	AS-HMGL-like_c8,Carboxyl_trans,CoA_trans,ECH_1_c20,ECH_1_c31,Thiolase_N;Thiolase_C
BGC0002977	MG535_M1110_M1238_M2262_M2266	950	4.177	19.121	AS-AMP-binding_c48,AS-HMGL-like_c8,Carboxyl_trans,ECH_1_c1,ECH_1_c20
BGC0002977	MG545_M2523_M2524_M2544_M2563_M2565_M2566	728	-2.771	-0.907	AS-GATase_7_c20;SIS,AS-HMGL-like_c8,Carboxyl_trans,DJ-1_PfpI,Usp
BGC0002977	MG552_M1737_M2267_M2329	84	-24.673	67.065	AS-Mac;Hexapep_2,Ala_racemase_N;Ala_racemase_C,Aminotran_1_2,Biotin_carb_N;CPSase_L_D2;Biotin_carb_C,Biotin_lipoyl,DHquinase_II,Dus,GATase_c0,GGDEF;EAL,Glyoxalase_c4,KR_c28,Methyltransf_31,Oxidored_molyb
BGC0002977	MG558_M2415_M2634_M2635_M2678_M2679_M2728_M2729	204	-83.395	162.242	AS-Aminotran_3_c43,AS-Chal_sti_synt_C_c12,AS-Condensation_c40;AS-AMP-binding_c38;AS-PP-binding_c23,AS-HMGL-like_c8,AS-Polysacc_synt_c7,AS-TIGR03651_c1,AS-p450_c16,AS-p450_c29,Aldolase,Aldose_epim,Aminotran_1_2,BioW,Biotin_carb_N;CPSase_L_D2;Biotin_carb_C,Biotin_lipoyl,Carboxyl_trans,CbiA,Cellulase;CBM_3,CoA_trans,ECH_1_c22,GATase_2;Glu_syn_central;Glu_synthase;GXGXG,G_glu_transpept,Glyco_hydro_43;CBM_6,KR_c12,NTP_transferase,Peptidase_S13,PfkB,Radical_SAM_c25;AS-PF06968_c4,Sugar_tr,TGS,UxuA
BGC0002977	MG560_M2387_M2388_M2493_M2494_M2499_M2511_M2512_M2631_M2647_M2648	337	-10.648	136.93	AA_kinase_c6;PUA,AS-ADH_N_c22;AS-ADH_zinc_N_c16,AS-AMP-binding_c48,AS-Chal_sti_synt_C_c12,AS-Condensation_c40;AS-AMP-binding_c38;AS-PP-binding_c23,AS-HMGL-like_c8,AS-Polysacc_synt_c7,AS-TIGR03651_c1,Aldose_epim,BioW,Biotin_carb_N;CPSase_L_D2;Biotin_carb_C,Biotin_lipoyl,Carboxyl_trans,Cellulase;CBM_3,ECH_1_c22,F420_oxidored;P5CR_dimer,GATase_2;Glu_syn_central;Glu_synthase;GXGXG,G_glu_transpept,Glyco_hydro_43;CBM_6,NTP_transferase,Peptidase_S13
BGC0002977	MG562_M2294_M2380	1678	0.005	11.774	Biotin_carb_N;CPSase_L_D2;Biotin_carb_C,Biotin_lipoyl
BGC0002977	MG563_M2382_M2480_M2481	876	-5.25	36.918	AS-Chal_sti_synt_C_c12,AS-HMGL-like_c8,Biotin_carb_N;CPSase_L_D2;Biotin_carb_C,Biotin_lipoyl,Carboxyl_trans,ECH_1_c22
BGC0002977	MG568_M2275_M2492_M2567	547	1.858	24.989	COX1,COX3,COX4_pro,UbiA
BGC0002977	MG589_M2306_M2393	718	-4.028	5.698	Cytochrome_CBB3,Hpt,Hydrolase,MgtC
BGC0002977	MG630_M2650_M2651_M2690_M2705	168	-10.699	71.311	ACT,AS-CaiA_c2,ATPase,Aminotran_1_2,ClpB_D2-small,FAD_binding_2;Succ_DH_flav_C,IspD,Pan_kinase,Pep_deformylase,Polyketide_cyc2,QRPTase_N;QRPTase_C,YgbB,tRNA-synt_2
BGC0002977	MG645_M2636_M2656_M2666_M2673_M2674_M2677_M2681_M2689_M2693_M2694_M2712_M2713	871	-16.591	6.032	Acyltransferase,Bac_luciferase,Carboxyl_trans,Esterase,Hydrolase_3,PAP2
BGC0002977	MG701_M1534_M2853_M2898	304	-12.64	-4.378	LacAB_rpiB,Sugar_tr
BGC0002977	MG706_M0668_M0993	53	-4.662	35.401	AS-Stand_Alone_Lasso_RRE_c7,Acyl_transf_3,CbiA,Dak2,Metallophos,NTP_transferase,PEP-utilisers_N;PEP-utilizers;PEP-utilizers_C,TOBE_c1
BGC0002977	MG721_M2099_M2670	66	12.433	38.068	CbiX,Esterase,HEM4,Nitrate_red_del,Nitrate_red_gam,Pyr_redox_2_c47;Rubredoxin_C;Fer2_BFD
BGC0002977	MG757_M1438_M1452_M1836	671	1.671	3.46	AS-AMP-binding_c48,Chorismate_bind_c6
BGC0002977	MG776_M1638_M1639	122	44.646	74.452	AS-AMP-binding_c48,AS-EntA_c1,AS-EntC_c1,AS-PF00561,AS-Peptidase_S8,Aldedh,Citrate_synt,ICL,Isochorismatase_c21;AS-PP-binding_c40,Metallophos,MmgE_PrpD,NAD_binding_2;NAD_binding_11,Sugar_tr,TGS
BGC0002977	MG777_M1635_M1641_M1642_M1646_M1648	171	-1.959	51.632	AS-AMP-binding_c48,AS-EntA_c1,AS-EntC_c1,Citrate_synt,ICL,Isochorismatase_c21;AS-PP-binding_c40,MmgE_PrpD,NAD_binding_2;NAD_binding_11,TGS
BGC0002977	MG779_M1630_M1637_M1676	190	-2.735	79.754	AS-EntA_c1,AS-EntC_c1,Adenylsucc_synt,AhpC-TSA,Catalase;Catalase-rel,DHH,DHH;DHHA2,Esterase,Glyoxalase_c3;Glyoxalase_c49,Glyoxalase_c45,Isochorismatase_c21;AS-PP-binding_c40,Lactamase_B,Trypsin
BGC0002977	MG781_M2561_M2736	532	6.041	31.836	AS-AMP-binding_c48,AS-EntA_c1,AS-EntC_c1,Esterase,Isochorismatase_c21;AS-PP-binding_c40
BGC0002977	MG797_M2791_M2868_M2869	756	-6.088	15.026	4HBT_c22,AhpC-TSA;1-cysPrx_C,Esterase,Fe-ADH,Thioredoxin_3;Pyr_redox_2_c36
BGC0002977	MG798_M2786_M2787_M2835_M2841_M2859	203	10.214	29.293	4HBT_c22,AS-AMP-binding_c48,AhpC-TSA;1-cysPrx_C,Aminotran_1_2,Esterase,Fe-ADH,Lactamase_B_3,PAPS_reduct,Thioredoxin_3;Pyr_redox_2_c36,Usp
BGC0002977	MG804_M2197_M2198_M2199_M2206_M2209_M2210_M2230_M2231_M2248	188	-2.105	15.851	AS-AMP-binding_c48,Amidase,CBS,CbiX,PAPS_reduct,Prenyltransf,SBP_bac_1
BGC0002977	MG866_M0519_M1942	73	-13.366	67.185	AS-PF00561,ATP-synt_ab,Acetyltransf_1_c22,Acyltransferase,Aminotran_1_2,CoaE,DLH,GAF,Kinase-PPPase,SelR,Shikimate_dh_N;Shikimate_DH;SDH_C,Transgly;Transpeptidase,URO-D
BGC0002977	MG872_M0725_M2236	402	3.624	24.377	Amino_oxidase_c43,Chlor_dismutase,SelR,URO-D
BGC0002977	MG873_M2039_M2300	155	5.082	28.309	Chlor_dismutase,Creatinase_N;Peptidase_M24,Mur_ligase;Mur_ligase_M;Mur_ligase_C,RibD_C,SelR
BGC0002977	MG874_M0308_M0458	148	-0.536	47.682	Chlor_dismutase,DAO;Rieske,MDMPI_N,Mur_ligase;Mur_ligase_M;Mur_ligase_C,OsmC,Polysacc_deac_1,Pro_CA,RibD_C,SelR
BGC0002977	MG894_M2064_M2772_M2793	71	-12.631	13.614	AS-TP_methylase_c6,Aconitase,Aconitase_C,G_glu_transpept,Pro_CA,Rieske
BGC0002977	MG928_M0849_M0851_M2436	458	2.038	16.613	GcpE,KR_c26,Thiolase_N;Thiolase_C,polyprenyl_synt_c16
BGC0002977	MG938_M2293_M2464	468	1.983	62.557	AS-DXP_synthase_N_c0;Transket_pyr;Transketolase_C,Biotin_carb_N;CPSase_L_D2;Biotin_carb_C,Biotin_lipoyl,Creatinase_N;Peptidase_M24,FtsJ,NAD_kinase,NusB,Peptidase_S55,THF_DHG_CYH;THF_DHG_CYH_C,TsaD,polyprenyl_synt_c16
BGC0002977	MG941_M0697_M2366	260	1.975	20.985	AS-DXP_synthase_N_c0;Transket_pyr;Transketolase_C,Aminotran_4,Chorismate_synt,SBP_bac_1,polyprenyl_synt_c16
BGC0002977	MG942_M0905_M0975_M2463	1559	-1.823	10.071	AS-DXP_synthase_N_c0;Transket_pyr;Transketolase_C,polyprenyl_synt_c16
BGC0002977	MG958_M0885_M1016_M2051	150	1.978	25.538	FAD_binding_2;Succ_DH_flav_C,Fer2_3;Fer4_8,Flavin_Reduct,MaoC_dehydratas,Thiolase_N;Thiolase_C
BGC0002977	MG960_M1629_M2515	560	14.391	14.391	FAD_binding_2;Succ_DH_flav_C,Fer2_3;Fer4_8
BGC0002977	MG968_M2556_M2726_M2752	384	0.073	6.522	ECH_1_c20,OTCace_N;OTCace
BGC0002977	MG994_M1983_M2521_M2525_M2526	1036	-2.706	-2.706	AS-PF00561,FAA_hydrolase
BGC0002978	MG872_M0725_M2236	402	3.624	26.554	AS-DUF692_c40,Abhydrolase_4,Chlor_dismutase,URO-D
BGC0002981	M0954	1108	-1.999	11.897	AS-PF13471_c2,AS-Stand_Alone_Lasso_RRE_c0
BGC0002982	M0298	53	8.811	8.811	FMN_red,RibD_C
BGC0002982	M0437	179	8.37	13.41	AS-DegT_DnrJ_EryC1_c15,Epimerase_c16,NTP_transferase
BGC0002982	M0560	43	7.733	7.733	AS-MGT_c0,GDP_Man_Dehyd
BGC0002982	M0652	59	9.275	16.372	AS-DegT_DnrJ_EryC1_c15,AS-PhyH_c3,Epimerase_c16
BGC0002982	M0680	56	10.538	10.538	Methyltransf_13;Methyltransf_23;Methyltransf_14,NTP_transferase
BGC0002982	M1090	59	10.581	10.581	AS-DegT_DnrJ_EryC1_c15,GDP_Man_Dehyd
BGC0002982	M1091	81	15.217	22.404	AS-DegT_DnrJ_EryC1_c15,AS-dTDP_sugar_isom_c2,Epimerase_c16,Hexose_dehydrat
BGC0002982	M1182	117	7.646	14.024	AS-dTDP_sugar_isom_c2,GDP_Man_Dehyd,NTP_transferase
BGC0002982	M1291	24	83.651	141.296	ABM_c1,AS-CaiA_c0,AS-DegT_DnrJ_EryC1_c15,AS-MGT_c0,AS-MGT_c11,AS-PF07366_c9,AS-PP-binding_c28,AS-PhyH_c3,AS-RmlD_sub_bind_c29,AS-dTDP_sugar_isom_c2,Cyclase,Epimerase_c16,FAD_binding_4;BBE,GFO_IDH_MocA_c21,Hexose_dehydrat,KR_c19,KR_c28,Methyltransf_11_c7,Methyltransf_13;Methyltransf_23;Methyltransf_14,Methyltransf_25_c24,Polyketide_cyc2,Rieske;Ring_hydroxyl_A,SnoaL_4
BGC0002982	MG1484_M0032_M2806_M2894	31	-93.284	-39.801	ABM_c1,AS-PP-binding_c28,AS-t2ks_c40,Cyclase,FMN_red,KR_c28,Methyltransf_11_c7,NAD_binding_10,SnoaL_4
BGC0002982	MG1488_M0840_M1121	326	18.423	31.155	AS-MGT_c0,AS-dTDP_sugar_isom_c2,GDP_Man_Dehyd,Hexose_dehydrat,Methyltransf_11_c7
BGC0002982	MG1489_M1416_M1417	369	29.466	50.921	AS-DegT_DnrJ_EryC1_c15,AS-MGT_c0,AS-dTDP_sugar_isom_c2,Epimerase_c16,GDP_Man_Dehyd,GFO_IDH_MocA_c21,Hexose_dehydrat,Methyltransf_13;Methyltransf_23;Methyltransf_14,NTP_transferase
BGC0002982	MG1504_M0541_M0794	63	76.389	126.709	ABM_c1,AS-CaiA_c0,AS-DegT_DnrJ_EryC1_c15,AS-MGT_c0,AS-MGT_c11,AS-PF07366_c9,AS-dTDP_sugar_isom_c2,AS-t2clf_c1,AS-t2ks_c40,Cyclase,Epimerase_c16,FAD_binding_4;BBE,GDP_Man_Dehyd,GFO_IDH_MocA_c21,Hexose_dehydrat,KR_c28,Methyltransf_11_c7,Methyltransf_13;Methyltransf_23;Methyltransf_14,Methyltransf_25_c24,NAD_binding_10,NTP_transferase,Polyketide_cyc2,SnoaL_4
BGC0002982	MG450_M0751_M2593_M2610	813	7.728	20.301	AS-MGT_c0,AS-RmlD_sub_bind_c29,GDP_Man_Dehyd,NTP_transferase
BGC0002982	MG475_M1088_M1089	204	4.345	4.345	AS-DegT_DnrJ_EryC1_c15,GDP_Man_Dehyd
BGC0002983	M0106	72	8.543	8.543	AS-AMP-binding_c38,AS-Abhydrolase_6
BGC0002983	M0600	207	7.983	7.983	AS-AMP-binding_c38,Aminotran_1_2
BGC0002983	M1321	209	9.541	25.488	AS-APH_c48,AS-Carbam_trans_N_c0,Aminotran_1_2,TauD_c9
BGC0002983	M2863	86	10.036	10.036	AS-Carbam_trans_N_c0,Aminotran_1_2
BGC0002983	MG403_M1476_M1496_M2005	63	-41.918	89.305	AS-AMP-binding_c38,AS-AMP-binding_c38;AS-PP-binding_c43,AS-APH_c48,AS-ATP-grasp_3_c20;LAL_C2,AS-Abhydrolase_6,AS-Carbam_trans_N_c0,AS-Glycos_transf_2_c24,AS-PIG-L_c4,Acetyltransf_1_c31,Aminotran_1_2,GFO_IDH_MocA_c20;GFO_IDH_MocA_C;AS-NAD_binding_4_c44,Peptidase_S15;PepX_C,TauD_c9
BGC0002986	M0954	1108	-1.999	11.897	AS-PF13471_c2,AS-Stand_Alone_Lasso_RRE_c0
BGC0002988	M0216	58	10.947	10.947	AS-p450_c29,Thioesterase_c3
BGC0002988	M0370	38	9.834	17.062	CBM_2;Glyco_hydro_18,MM_CoA_mutase,Metallophos
BGC0002988	M0768	124	8.466	8.466	Metallophos,Thioesterase_c3
BGC0002991	M0267	159	6.713	6.713	Aminotran_1_2,FA_desaturase
BGC0002991	M0955	134	8.036	17.53	AS-fabH_c22,Aminotran_1_2,TPP_enzyme_N;TPP_enzyme_M;TPP_enzyme_C
BGC0002992	M0470	98	5.362	5.362	AS-PF00561,AS-p450_c16
BGC0002992	M2114	79	13.672	13.672	AS-Trp_halogenase_c8,PDH_N;PDH_C
BGC0002992	M2116	130	11.27	19.54	AS-Trp_halogenase_c8,FMN_dh,PDH_N;PDH_C
BGC0002992	M2215	689	12.52	12.52	APS_kinase,PAPS_reduct
BGC0002992	MG1148_M1200_M2213	243	-0.919	5.648	APS_kinase,PAPS_reduct
BGC0002992	MG389_M1921_M1922	411	5.228	21.923	AS-Trp_halogenase_c8,Aminotran_1_2,FMN_dh,PDH_N;PDH_C
BGC0002992	MG403_M1476_M1496_M2005	63	-41.918	-29.468	AS-AMP-binding_c38;AS-PP-binding_c43,Aminotran_1_2
BGC0002992	MG866_M0519_M1942	73	-13.366	-11.285	AS-PF00561,Aminotran_1_2,PDH_N;PDH_C
BGC0002999	MG1980_M1827_M1969_M1973_M1974_M1976_M1977	193	-44.001	-42.875	KR_c25,KR_c28
BGC0003005	M1448	366	11.311	25.788	AS-IPL_c2,Chorismate_bind_c6,GFO_IDH_MocA_c1,Thioesterase_c3
BGC0003005	M1449	135	12.813	27.628	AS-IPL_c2,Chorismate_bind_c6,GFO_IDH_MocA_c1,Sacchrp_dh_NADP
BGC0003005	MG757_M1438_M1452_M1836	671	1.671	25.411	AS-IPL_c2,Chorismate_bind_c6,GFO_IDH_MocA_c1,Thioesterase_c3
BGC0003023	M0138	178	7.072	7.072	AS-PF00561,DJ-1_PfpI
BGC0003023	M0316	90	6.375	6.375	AS-PF00561,RibD_C
BGC0003023	M0361	83	8.276	8.276	Aldedh,MaoC_dehydratas
BGC0003023	M0552	73	5.532	5.532	Aldedh,SBP_bac_1
BGC0003023	M1538	296	-2.272	10.53	AS-ladderane_c25,FabA_c17
BGC0003023	MG1484_M0032_M2806_M2894	31	-93.284	-84.201	AS-PF00561,AS-t2clf_c3,Aminotran_4
BGC0003037	MG1397_M1657_M1658_M1659_M2313	151	-3.723	-1.905	AS-AMP-binding_c1,DAO
BGC0003038	MG1484_M0032_M2806_M2894	31	-93.284	-84.756	AS-PP-binding_c28,FMN_red,KR_c29
BGC0003038	MG1523_M1029_M1031	539	14.904	28.083	AS-t2clf_c28,AS-t2clf_c39,Cyclase_polyket,FAD_binding_3_c46,Polyketide_cyc2
BGC0003038	MG1524_M0073_M0590	631	3.673	12.961	AS-t2clf_c28,AS-t2clf_c39
BGC0003038	MG276_M2671_M2745_M2836	43	-20.984	-12.6	ACP_syn_III_C_c4,AS-MGT_c0
BGC0003042	M0090	87	9.717	9.717	Amidase,OCD_Mu_crystall
BGC0003042	M1002	179	3.713	15.622	AS-AMP-binding_c48,AS-EntA_c6,AS-EntC_c5
BGC0003042	M1098	188	13.076	19.715	AS-PKS_AT_c24,Amino_oxidase_c40,Thioesterase_c3
BGC0003042	M1262	76	10.524	10.524	Amidase,CN_hydrolase
BGC0003042	M2607	612	0.224	11.162	AS-melC_c1,Tyrosinase_c5
BGC0003042	M2730	78	-8.571	-4.289	DPPIV_N;AS-Peptidase_S9,Rieske
BGC0003042	MG1162_M0489_M0995	227	2.859	23.331	AS-Orn_Arg_deC_N_c11;AS-Orn_DAP_Arg_deC_c12,OCD_Mu_crystall,PALP,TauD_c9
BGC0003042	MG1176_M0837_M0950_M0951_M0997_M1000_M1001	2290	8.092	8.092	OCD_Mu_crystall,PALP
BGC0003042	MG1484_M0032_M2806_M2894	31	-93.284	-92.562	AS-PKS_AT_c24,Rieske
BGC0003042	MG1543_M1944_M2422_M2527_M2608	121	6.94	6.94	AS-melC_c1,Esterase,Tyrosinase_c5
BGC0003042	MG1980_M1827_M1969_M1973_M1974_M1976_M1977	193	-44.001	-40.385	AS-p450_c7,Lactamase_B,PALP
BGC0003042	MG757_M1438_M1452_M1836	671	1.671	2.598	AS-AMP-binding_c48,Thioesterase_c3
BGC0003042	MG840_M1570_M1573_M1574_M1576_M2008	796	8.263	33.0	AS-AMP-binding_c48,AS-EntA_c6,AS-EntC_c5,AS-PP-binding_c7,Esterase,Isochorismatase_c21
BGC0003042	MG841_M1858_M1936	347	9.606	19.983	AS-EntA_c6,AS-EntC_c5,Isochorismatase_c21
BGC0003044	M0201	135	7.691	7.691	AS-MannoseP_isomer_c2,Aldo_ket_red
BGC0003048	MG547_M1280_M2554_M2621	1285	-3.467	1.512	Acetyltransf_8,Penicil_amidase
BGC0003049	M0331	128	8.912	8.912	AS-p450_c29,Beta-lactamase
BGC0003049	M0465	184	8.162	8.162	Bac_luciferase,Thioesterase_c35
BGC0003049	M0496	269	3.814	8.699	Flavin_Reduct,SnoaL_4
BGC0003049	M0732	272	7.738	7.738	Flavin_Reduct,Thioesterase_c35
BGC0003049	M1024	425	7.571	7.571	Bac_luciferase,Flavin_Reduct
BGC0003049	MG1357_M1293_M1551_M1552	336	-9.109	-6.994	Bac_luciferase,Flavin_Reduct,Thioesterase_c35
BGC0003049	MG1484_M0032_M2806_M2894	31	-93.284	-88.858	AS-p450_c29,Bac_luciferase,SnoaL_4
BGC0003051	M0600	207	7.983	7.983	AS-AMP-binding_c38,Aminotran_1_2
BGC0003051	M1470	110	13.878	32.991	Anth_synt_I_N;Chorismate_bind_c14,DAHP_synth_2_c1,GATase_c25,Glycos_trans_3N;Glycos_transf_3,IGPS
BGC0003051	M1471	280	14.285	22.88	GATase_c25,Glycos_trans_3N;Glycos_transf_3,IGPS
BGC0003051	MG1484_M0032_M2806_M2894	31	-93.284	-89.42	Aminotran_4,Glycos_trans_3N;Glycos_transf_3
BGC0003051	MG403_M1476_M1496_M2005	63	-41.918	-29.858	AS-AMP-binding_c38,Aminotran_1_2
BGC0003060	M0954	1108	-1.999	11.897	AS-PF13471_c2,AS-Stand_Alone_Lasso_RRE_c0
BGC0003066	M0219	91	8.711	8.711	AP_endonuc_2,NUDIX
BGC0003066	M0229	111	10.011	10.011	KR_c12,KR_c25
BGC0003066	M0755	398	9.109	9.109	AP_endonuc_2,ROK
BGC0003066	M2649	236	-7.949	15.255	Glyco_transf_20,Trehalose_PPase
BGC0003066	MG1439_M2628_M2704	291	0.288	5.225	Glyco_transf_20,Trehalose_PPase
BGC0003066	MG1980_M1827_M1969_M1973_M1974_M1976_M1977	193	-44.001	-43.351	KR_c25,NUDIX
BGC0003067	M0178	127	7.773	7.773	AS-Abhydrolase_6,KR_c25
BGC0003067	M0229	111	10.011	10.011	KR_c12,KR_c25
BGC0003067	M0289	183	6.381	6.381	AS-Abhydrolase_6,DJ-1_PfpI
BGC0003067	MG403_M1476_M1496_M2005	63	-41.918	-27.888	AS-Abhydrolase_6,Peptidase_S15;PepX_C
BGC0003070	M0163	280	6.233	6.233	Flavin_Reduct,Sugar_tr
BGC0003070	M0437	179	8.37	8.37	AS-DegT_DnrJ_EryC1_c15,NTP_transferase
BGC0003070	M0496	269	3.814	6.979	AS-Acyl-CoA_dh_N_c7;Acyl-CoA_dh_2,Flavin_Reduct
BGC0003070	M0680	56	10.538	10.538	Methyltransf_13;Methyltransf_23;Methyltransf_14,NTP_transferase
BGC0003070	M2124	51	39.872	65.694	4HBT_c40,AS-MGT_c0,AS-ene_KS_c40;AS-PKS_AT_c24;KR_c35;PS-DH_c5,AS-p450_c10,DUF1702,FG-GAP_3;UnbV_ASPIC,Flavin_Reduct,GMC_oxred_N;GMC_oxred_C_c12,SnoaL_2_c29
BGC0003070	MG1378_M2130_M2134_M2150_M2172_M2175_M2176	657	-4.649	60.895	4HBT_c40,AS-ene_KS_c40;AS-PKS_AT_c24;KR_c35;PS-DH_c5,CMD,DUF1702,FG-GAP_3;UnbV_ASPIC,Flavin_Reduct,GMC_oxred_N;GMC_oxred_C_c12,MDMPI_N;Wyosine_form,SnoaL_2_c29
BGC0003070	MG1379_M2127_M2129	136	19.237	69.237	4HBT_c40,AS-ene_KS_c40;AS-PKS_AT_c24;KR_c35;PS-DH_c5,AS-p450_c10,CMD,DUF1702,FG-GAP_3;UnbV_ASPIC,Flavin_Reduct,GMC_oxred_N;GMC_oxred_C_c12,MDMPI_N;Wyosine_form,SnoaL_2_c29
BGC0003070	MG1381_M2142_M2159	294	18.367	20.024	4HBT_c40,DUF1702,FG-GAP_3;UnbV_ASPIC
BGC0003078	MG1484_M0032_M2806_M2894	31	-93.284	-88.614	AS-PKS_AT_c24,AS-PP-binding_c28
BGC0003078	MG1523_M1029_M1031	539	14.904	28.083	AS-t2clf_c28,AS-t2clf_c39,Cyclase_polyket,FAD_binding_3_c46,Polyketide_cyc2
BGC0003078	MG1524_M0073_M0590	631	3.673	12.961	AS-t2clf_c28,AS-t2clf_c39
BGC0003088	M2547	153	6.368	14.576	AS-Aminotran_3_c5,Gln-synt_C,Pyridoxal_deC
BGC0003089	MG653_M2049_M2655_M2740	1595	-3.707	15.247	AS-ubiA,FAD_binding_3_c30,ICMT_c7
BGC0003097	MG1595_M2146_M2795_M2969	372	0.888	3.063	GT87,MTHFR
BGC0003097	MG1887_M0366_M0416	424	-1.537	-1.537	Aldo_ket_red,Sugar_tr
BGC0003114	M0140	162	6.564	18.092	AS-ksIII_c2,Lactamase_B,NMO,Polyketide_cyc2
BGC0003114	M0330	31	7.79	11.722	AS-p450_c29,Beta-lactamase,Lactamase_B,NAD_binding_10
BGC0003114	M0331	128	8.912	8.912	AS-p450_c29,Beta-lactamase
BGC0003114	M0437	179	8.37	13.41	AS-DegT_DnrJ_EryC1_c15,Epimerase_c16,NTP_transferase
BGC0003114	M0453	154	3.265	8.003	Lactamase_B,NMO
BGC0003114	M0560	43	7.733	7.733	AS-MGT_c0,GDP_Man_Dehyd
BGC0003114	M0618	27	96.701	156.385	ABM_c1,AS-DegT_DnrJ_EryC1_c15,AS-MGT_c0,AS-PF00561;Abhydrolase_4,AS-PP-binding_c46,AS-dTDP_sugar_isom_c2,AS-ksIII_c2,AS-p450_c29,AS-t2clf_c1,AS-t2ks_c40,Acyl_transf_1_c5;AS-hyb_KS_c9;AS-PP-binding_c15,Acyl_transf_3,Epimerase_c16,Epimerase_c32,FAD_binding_3_c25,GDP_Man_Dehyd,Hexose_dehydrat,KR_c29,Methyltransf_13;Methyltransf_23;Methyltransf_14,Methyltransf_25_c21,NAD_binding_10,NTP_transferase,Polyketide_cyc2,SnoaL_4
BGC0003114	M0652	59	9.275	9.275	AS-DegT_DnrJ_EryC1_c15,Epimerase_c16
BGC0003114	M0680	56	10.538	10.538	Methyltransf_13;Methyltransf_23;Methyltransf_14,NTP_transferase
BGC0003114	M0867	66	9.696	9.696	Acyl_transf_3,Lipase_GDSL
BGC0003114	M0960	191	7.582	7.582	Beta-lactamase,Lipase_GDSL
BGC0003114	M1090	59	10.581	10.581	AS-DegT_DnrJ_EryC1_c15,GDP_Man_Dehyd
BGC0003114	M1091	81	15.217	22.404	AS-DegT_DnrJ_EryC1_c15,AS-dTDP_sugar_isom_c2,Epimerase_c16,Hexose_dehydrat
BGC0003114	M1182	117	7.646	14.024	AS-dTDP_sugar_isom_c2,GDP_Man_Dehyd,NTP_transferase
BGC0003114	MG1484_M0032_M2806_M2894	31	-93.284	-55.13	ABM_c1,AS-ksIII_c2,AS-p450_c29,AS-t2ks_c40,KR_c29,NAD_binding_10,SnoaL_4
BGC0003114	MG1488_M0840_M1121	326	18.423	23.636	AS-MGT_c0,AS-dTDP_sugar_isom_c2,GDP_Man_Dehyd,Hexose_dehydrat
BGC0003114	MG1489_M1416_M1417	369	29.466	47.155	AS-DegT_DnrJ_EryC1_c15,AS-MGT_c0,AS-dTDP_sugar_isom_c2,AS-ksIII_c2,Epimerase_c16,GDP_Man_Dehyd,Hexose_dehydrat,Methyltransf_13;Methyltransf_23;Methyltransf_14,NTP_transferase
BGC0003114	MG276_M2671_M2745_M2836	43	-20.984	-16.29	AS-AMP-binding_c20,AS-MGT_c0
BGC0003114	MG450_M0751_M2593_M2610	813	7.728	13.019	AS-MGT_c0,GDP_Man_Dehyd,NTP_transferase
BGC0003114	MG475_M1088_M1089	204	4.345	4.345	AS-DegT_DnrJ_EryC1_c15,GDP_Man_Dehyd
BGC0003117	MG1980_M1827_M1969_M1973_M1974_M1976_M1977	193	-44.001	-35.347	Acyl_transf_1_c7;NMO,ECH_1_c42
BGC0003134	M0107	101	7.083	7.083	AS-Abhydrolase_6,KR_c24
BGC0003134	M0186	141	7.038	7.038	AS-Abhydrolase_6,Polyketide_cyc2
BGC0003134	M0247	460	6.231	6.231	AS-Abhydrolase_6,Sugar_tr
BGC0003134	M0296	192	6.02	6.02	FMN_red,Sugar_tr
BGC0003134	M0304	159	6.874	6.874	AS-Abhydrolase_6,FMN_red
BGC0003134	M0560	43	7.733	7.733	AS-MGT_c0,GDP_Man_Dehyd
BGC0003134	M0932	359	6.485	6.485	Carboxyl_trans,Sugar_tr
BGC0003134	M1182	117	7.646	14.024	AS-dTDP_sugar_isom_c2,GDP_Man_Dehyd,NTP_transferase
BGC0003134	M1854	31	-4.028	2.646	AS-DegT_DnrJ_EryC1_c47,Epimerase_c47
BGC0003134	MG1423_M1723_M1852	74	-6.585	9.18	AS-DegT_DnrJ_EryC1_c47,Epimerase_c47,Hexose_dehydrat
BGC0003134	MG1484_M0032_M2806_M2894	31	-93.284	-84.061	AS-PP-binding_c28,FMN_red,PAP2
BGC0003134	MG1488_M0840_M1121	326	18.423	23.636	AS-MGT_c0,AS-dTDP_sugar_isom_c2,GDP_Man_Dehyd,Hexose_dehydrat
BGC0003134	MG1489_M1416_M1417	369	29.466	50.494	AS-DegT_DnrJ_EryC1_c47,AS-MGT_c0,AS-dTDP_sugar_isom_c2,Epimerase_c47,GDP_Man_Dehyd,GFO_IDH_MocA_c21,Hexose_dehydrat,NTP_transferase
BGC0003134	MG1490_M0790_M1414	198	24.625	56.174	AS-DegT_DnrJ_EryC1_c47,AS-MGT_c0,AS-dTDP_sugar_isom_c2,AS-t2clf_c28,AS-t2clf_c39,Epimerase_c47,GFO_IDH_MocA_c21,Hexose_dehydrat
BGC0003134	MG1523_M1029_M1031	539	14.904	28.083	AS-t2clf_c28,AS-t2clf_c39,Cyclase_polyket,FAD_binding_3_c46,Polyketide_cyc2
BGC0003134	MG1524_M0073_M0590	631	3.673	12.961	AS-t2clf_c28,AS-t2clf_c39
BGC0003134	MG450_M0751_M2593_M2610	813	7.728	20.301	AS-MGT_c0,AS-RmlD_sub_bind_c29,GDP_Man_Dehyd,NTP_transferase
BGC0003134	MG645_M2636_M2656_M2666_M2673_M2674_M2677_M2681_M2689_M2693_M2694_M2712_M2713	871	-16.591	-10.239	Carboxyl_trans,PAP2
BGC0003135	M2068	316	11.271	11.271	CoA_trans,Thiolase_N;Thiolase_C
BGC0003143	M0448	314	7.189	7.189	AS-AMP-binding_c21,AS-PF00561
BGC0003143	M0696	94	10.399	18.759	AS-Orn_Arg_deC_N_c0;AS-Orn_DAP_Arg_deC_c3,AS-Stand_Alone_Lasso_RRE_c4,UDPG_MGDP_dh_N;UDPG_MGDP_dh;UDPG_MGDP_dh_C
BGC0003143	M1198	73	35.408	68.181	AS-AMP-binding_c13,AS-AfsA_c10;AS-AfsA_c6,AS-Glyco_transf_28_c6;AS-MGT_c11,AS-MGT_c0,AS-Orn_Arg_deC_N_c0;AS-Orn_DAP_Arg_deC_c3,AS-PIG-L_c4,AS-PP-binding_c16,AS-Stand_Alone_Lasso_RRE_c4,B12-binding_c2,Epimerase_c15,Met_asp_mut_E
BGC0003143	M1199	295	4.574	28.505	AS-Orn_Arg_deC_N_c0;AS-Orn_DAP_Arg_deC_c3,AS-Stand_Alone_Lasso_RRE_c4,B12-binding_c2,Met_asp_mut_E
BGC0003143	M1292	67	9.353	9.353	AS-AMP-binding_c13,AS-Orn_Arg_deC_N_c0;AS-Orn_DAP_Arg_deC_c3
BGC0003143	M1297	117	9.269	9.269	AS-AMP-binding_c21,AS-Orn_Arg_deC_N_c0;AS-Orn_DAP_Arg_deC_c3
BGC0003143	MG1200_M1237_M2686_M2732	609	2.048	17.677	B12-binding_c2,Met_asp_mut_E,Thioesterase_c39
BGC0003143	MG1980_M1827_M1969_M1973_M1974_M1976_M1977	193	-44.001	-43.466	AS-AMP-binding_c21,AS-PF00561,AS-p450_c7
BGC0003150	M0782	991	5.902	5.902	Aldedh,Sugar_tr
BGC0003151	MG1980_M1827_M1969_M1973_M1974_M1976_M1977	193	-44.001	-42.875	KR_c25,KR_c28
BGC0003155	M0106	72	8.543	8.543	AS-AMP-binding_c38,AS-Abhydrolase_6
BGC0003155	M0600	207	7.983	7.983	AS-AMP-binding_c38,Aminotran_1_2
BGC0003155	M1321	209	9.541	25.488	AS-APH_c48,AS-Carbam_trans_N_c0,Aminotran_1_2,TauD_c9
BGC0003155	M2863	86	10.036	10.036	AS-Carbam_trans_N_c0,Aminotran_1_2
BGC0003155	MG403_M1476_M1496_M2005	63	-41.918	89.305	AS-AMP-binding_c38,AS-AMP-binding_c38;AS-PP-binding_c43,AS-APH_c48,AS-ATP-grasp_3_c20;LAL_C2,AS-Abhydrolase_6,AS-Carbam_trans_N_c0,AS-Glycos_transf_2_c24,AS-PIG-L_c4,Acetyltransf_1_c31,Aminotran_1_2,GFO_IDH_MocA_c20;GFO_IDH_MocA_C;AS-NAD_binding_4_c44,Peptidase_S15;PepX_C,TauD_c9
BGC0003156	M0106	72	8.543	8.543	AS-AMP-binding_c38,AS-Abhydrolase_6
BGC0003156	M0600	207	7.983	7.983	AS-AMP-binding_c38,Aminotran_1_2
BGC0003156	M1321	209	9.541	25.488	AS-APH_c48,AS-Carbam_trans_N_c0,Aminotran_1_2,TauD_c9
BGC0003156	M2863	86	10.036	10.036	AS-Carbam_trans_N_c0,Aminotran_1_2
BGC0003156	MG403_M1476_M1496_M2005	63	-41.918	86.056	AS-AMP-binding_c38,AS-APH_c48,AS-ATP-grasp_3_c20;LAL_C2,AS-Abhydrolase_6,AS-Carbam_trans_N_c0,AS-Glycos_transf_2_c24,AS-PIG-L_c4,AS-PP-binding_c0;AS-Condensation_c31,Acetyltransf_1_c29,Acetyltransf_1_c31,Aminotran_1_2,Peptidase_S15;PepX_C,TauD_c9
BGC0003164	M0106	72	8.543	8.543	AS-AMP-binding_c38,AS-Abhydrolase_6
BGC0003164	M0600	207	7.983	7.983	AS-AMP-binding_c38,Aminotran_1_2
BGC0003164	M1321	209	9.541	25.488	AS-APH_c48,AS-Carbam_trans_N_c0,Aminotran_1_2,TauD_c9
BGC0003164	M2863	86	10.036	10.036	AS-Carbam_trans_N_c0,Aminotran_1_2
BGC0003164	MG403_M1476_M1496_M2005	63	-41.918	101.149	AS-AMP-binding_c26,AS-AMP-binding_c38,AS-APH_c48,AS-ATP-grasp_3_c20;LAL_C2,AS-Abhydrolase_6,AS-Carbam_trans_N_c0,AS-Glycos_transf_2_c24,AS-PIG-L_c4,AS-PP-binding_c0;AS-Condensation_c31,Acetyltransf_1_c1,Aminotran_1_2,GFO_IDH_MocA_c20;GFO_IDH_MocA_C;AS-NAD_binding_4_c44,Peptidase_S15;PepX_C,TauD_c9
BGC0003165	M1321	209	9.541	25.488	AS-APH_c48,AS-Carbam_trans_N_c0,Aminotran_1_2,TauD_c9
BGC0003165	M2863	86	10.036	10.036	AS-Carbam_trans_N_c0,Aminotran_1_2
BGC0003165	MG069_M1320_M2345	187	2.383	16.493	GCV_T;GCV_T_C,SDH_beta;SDH_alpha,SHMT
BGC0003165	MG403_M1476_M1496_M2005	63	-41.918	53.417	AS-AMP-binding_c38;AS-PP-binding_c43,AS-APH_c48,AS-ATP-grasp_3_c20;LAL_C2,AS-Abhydrolase_6,AS-Carbam_trans_N_c0,AS-PIG-L_c4,Aminotran_1_2,Peptidase_S15;PepX_C,TauD_c9
BGC0003168	M0470	98	5.362	5.362	AS-PF00561,AS-p450_c16
BGC0003168	M2114	79	13.672	13.672	AS-Trp_halogenase_c8,PDH_N;PDH_C
BGC0003168	M2116	130	11.27	19.54	AS-Trp_halogenase_c8,FMN_dh,PDH_N;PDH_C
BGC0003168	M2215	689	12.52	12.52	APS_kinase,PAPS_reduct
BGC0003168	MG1148_M1200_M2213	243	-0.919	5.648	APS_kinase,PAPS_reduct
BGC0003168	MG389_M1921_M1922	411	5.228	21.923	AS-Trp_halogenase_c8,Aminotran_1_2,FMN_dh,PDH_N;PDH_C
BGC0003168	MG403_M1476_M1496_M2005	63	-41.918	-29.468	AS-AMP-binding_c38;AS-PP-binding_c43,Aminotran_1_2
BGC0003168	MG866_M0519_M1942	73	-13.366	-11.285	AS-PF00561,Aminotran_1_2,PDH_N;PDH_C
